utc,temp_c,hotspot_c,vram_junction_c,power_w,clock_mhz,mem_clock_mhz,util_gpu,voltage_mv,throttle_reasons,pstate,perf_decrease,topo_gpu_mw,topo_total_mw,measured_voltage_mv,voltage_source
2026-10-05T20:25:43Z,26,41.0,,11.0,210,405,0,850.0,1 (Idle),,,,,850.0,nvapi_measured
2026-10-05T20:25:44Z,29,44.0,,46.3,1695,9501,0,850.0,1 (Idle),,,,,850.0,nvapi_measured
2026-10-05T20:25:45Z,29,44.0,,79.7,1695,9501,0,850.0,1 (Idle),,,,,850.0,nvapi_measured
2026-10-05T20:25:46Z,30,45.0,,80.0,1695,9251,0,850.0,0,,,,,850.0,nvapi_measured
2026-10-05T20:25:47Z,33,48.0,,157.6,1695,9251,66,850.0,0,,,,,850.0,nvapi_measured
2026-10-05T20:25:48Z,33,48.0,,149.2,1695,9251,59,850.0,0,,,,,850.0,nvapi_measured
2026-10-05T20:25:49Z,33,48.0,,143.0,1695,9251,56,850.0,0,,,,,850.0,nvapi_measured
2026-10-05T20:25:50Z,33,48.0,,137.5,1695,9251,55,850.0,0,,,,,850.0,nvapi_measured
2026-10-05T20:25:51Z,33,48.0,,133.8,1695,9251,57,850.0,0,,,,,850.0,nvapi_measured
2026-10-05T20:25:53Z,32,47.0,,133.2,1695,9251,49,850.0,0,,,,,850.0,nvapi_measured
2026-10-05T20:25:54Z,32,47.0,,133.6,1695,9251,49,850.0,1 (Idle),,,,,850.0,nvapi_measured
2026-10-05T20:25:55Z,33,48.0,,134.1,1695,9251,53,850.0,1 (Idle),,,,,850.0,nvapi_measured
2026-10-05T20:25:56Z,33,48.0,,133.2,1695,9251,52,850.0,1 (Idle),,,,,850.0,nvapi_measured
2026-10-05T20:25:57Z,33,48.0,,134.4,1695,9251,52,850.0,1 (Idle),,,,,850.0,nvapi_measured
2026-10-05T20:25:58Z,33,48.0,,134.6,1695,9251,53,850.0,1 (Idle),,,,,850.0,nvapi_measured
2026-10-05T20:25:59Z,33,48.0,,133.7,1695,9251,50,850.0,1 (Idle),,,,,850.0,nvapi_measured
2026-10-05T20:26:00Z,33,48.0,,137.2,1695,9251,53,850.0,1 (Idle),,,,,850.0,nvapi_measured
2026-10-05T20:26:01Z,33,48.0,,134.9,1695,9251,49,850.0,1 (Idle),,,,,850.0,nvapi_measured
2026-10-05T20:26:02Z,33,48.0,,129.9,1695,9251,49,850.0,1 (Idle),,,,,850.0,nvapi_measured
2026-10-05T20:26:03Z,33,48.0,,130.2,1695,9251,49,850.0,1 (Idle),,,,,850.0,nvapi_measured
2026-10-05T20:26:05Z,33,48.0,,135.3,1695,9251,56,850.0,1 (Idle),,,,,850.0,nvapi_measured
2026-10-05T20:26:06Z,33,48.0,,130.2,1695,9251,48,850.0,1 (Idle),,,,,850.0,nvapi_measured
2026-10-05T20:26:07Z,33,48.0,,134.5,1695,9251,51,850.0,1 (Idle),,,,,850.0,nvapi_measured
2026-10-05T20:26:08Z,33,48.0,,133.7,1695,9251,51,850.0,1 (Idle),,,,,850.0,nvapi_measured
2026-10-05T20:26:09Z,33,48.0,,133.5,1695,9251,51,850.0,1 (Idle),,,,,850.0,nvapi_measured
2026-10-05T20:26:10Z,33,48.0,,133.2,1695,9251,51,850.0,1 (Idle),,,,,850.0,nvapi_measured
2026-10-05T20:26:11Z,33,48.0,,134.5,1695,9251,50,850.0,1 (Idle),,,,,850.0,nvapi_measured
2026-10-05T20:26:12Z,33,48.0,,132.7,1695,9251,54,850.0,1 (Idle),,,,,850.0,nvapi_measured
2026-10-05T20:26:13Z,33,48.0,,133.3,1695,9251,46,850.0,1 (Idle),,,,,850.0,nvapi_measured
2026-10-05T20:26:14Z,33,48.0,,131.5,1695,9251,46,850.0,1 (Idle),,,,,850.0,nvapi_measured
2026-10-05T20:26:15Z,33,48.0,,127.8,1695,9251,54,850.0,1 (Idle),,,,,850.0,nvapi_measured
2026-10-05T20:26:17Z,33,48.0,,128.4,1695,9251,46,850.0,1 (Idle),,,,,850.0,nvapi_measured
2026-10-05T20:26:18Z,33,48.0,,134.0,1695,9251,56,850.0,1 (Idle),,,,,850.0,nvapi_measured
2026-10-05T20:26:19Z,33,48.0,,132.4,1695,9251,50,850.0,1 (Idle),,,,,850.0,nvapi_measured
2026-10-05T20:26:20Z,33,48.0,,132.8,1695,9251,55,850.0,1 (Idle),,,,,850.0,nvapi_measured
2026-10-05T20:26:21Z,32,47.0,,89.3,1695,9501,0,850.0,1 (Idle),,,,,850.0,nvapi_measured
2026-10-05T20:26:24Z,29,44.0,,51.7,210,5001,0,850.0,1 (Idle),,,,,850.0,nvapi_measured
2026-10-05T20:26:25Z,32,47.0,,82.0,1740,9251,73,850.0,0,,,,,850.0,nvapi_measured
2026-10-05T20:26:26Z,34,49.0,,161.6,1740,9251,65,850.0,0,,,,,850.0,nvapi_measured
2026-10-05T20:26:27Z,34,49.0,,151.7,1740,9251,58,850.0,0,,,,,850.0,nvapi_measured
2026-10-05T20:26:29Z,34,49.0,,143.0,1740,9251,56,850.0,0,,,,,850.0,nvapi_measured
2026-10-05T20:26:30Z,33,48.0,,140.7,1740,9251,50,850.0,0,,,,,850.0,nvapi_measured
2026-10-05T20:26:31Z,33,48.0,,133.5,1740,9251,49,850.0,0,,,,,850.0,nvapi_measured
2026-10-05T20:26:32Z,34,49.0,,134.8,1740,9251,57,850.0,1 (Idle),,,,,850.0,nvapi_measured
2026-10-05T20:26:33Z,34,49.0,,137.3,1740,9251,56,850.0,1 (Idle),,,,,850.0,nvapi_measured
2026-10-05T20:26:34Z,34,49.0,,137.6,1740,9251,50,850.0,1 (Idle),,,,,850.0,nvapi_measured
2026-10-05T20:26:35Z,33,48.0,,132.0,1740,9251,48,850.0,1 (Idle),,,,,850.0,nvapi_measured
2026-10-05T20:26:36Z,34,49.0,,137.6,1740,9251,52,850.0,1 (Idle),,,,,850.0,nvapi_measured
2026-10-05T20:26:37Z,34,49.0,,135.8,1740,9251,52,850.0,1 (Idle),,,,,850.0,nvapi_measured
2026-10-05T20:26:38Z,34,49.0,,135.6,1740,9251,51,850.0,1 (Idle),,,,,850.0,nvapi_measured
2026-10-05T20:26:39Z,34,49.0,,135.5,1740,9251,52,850.0,1 (Idle),,,,,850.0,nvapi_measured
2026-10-05T20:26:41Z,34,49.0,,137.0,1740,9251,52,850.0,1 (Idle),,,,,850.0,nvapi_measured
2026-10-05T20:26:42Z,34,49.0,,130.9,1740,9251,48,850.0,1 (Idle),,,,,850.0,nvapi_measured
2026-10-05T20:26:43Z,34,49.0,,133.7,1740,9251,55,850.0,1 (Idle),,,,,850.0,nvapi_measured
2026-10-05T20:26:44Z,34,49.0,,138.0,1740,9251,55,850.0,1 (Idle),,,,,850.0,nvapi_measured
2026-10-05T20:26:45Z,34,49.0,,136.8,1740,9251,54,850.0,1 (Idle),,,,,850.0,nvapi_measured
2026-10-05T20:26:46Z,34,49.0,,136.8,1740,9251,50,850.0,1 (Idle),,,,,850.0,nvapi_measured
2026-10-05T20:26:47Z,34,49.0,,134.9,1740,9251,50,850.0,1 (Idle),,,,,850.0,nvapi_measured
2026-10-05T20:26:48Z,34,49.0,,136.0,1740,9251,50,850.0,1 (Idle),,,,,850.0,nvapi_measured
2026-10-05T20:26:49Z,34,49.0,,133.6,1740,9251,50,850.0,1 (Idle),,,,,850.0,nvapi_measured
2026-10-05T20:26:50Z,34,49.0,,134.9,1740,9251,45,850.0,1 (Idle),,,,,850.0,nvapi_measured
2026-10-05T20:26:51Z,34,49.0,,131.5,1740,9251,50,850.0,1 (Idle),,,,,850.0,nvapi_measured
2026-10-05T20:26:53Z,34,49.0,,134.2,1740,9251,54,850.0,1 (Idle),,,,,850.0,nvapi_measured
2026-10-05T20:26:54Z,34,49.0,,136.9,1740,9251,53,850.0,1 (Idle),,,,,850.0,nvapi_measured
2026-10-05T20:26:55Z,34,49.0,,135.9,1740,9251,53,850.0,1 (Idle),,,,,850.0,nvapi_measured
2026-10-05T20:26:56Z,34,49.0,,135.1,1740,9251,49,850.0,1 (Idle),,,,,850.0,nvapi_measured
2026-10-05T20:26:57Z,34,49.0,,132.6,1740,9251,49,850.0,1 (Idle),,,,,850.0,nvapi_measured
2026-10-05T20:26:58Z,34,49.0,,134.1,1740,9251,53,850.0,1 (Idle),,,,,850.0,nvapi_measured
2026-10-05T20:26:59Z,34,49.0,,134.1,1740,9251,49,850.0,1 (Idle),,,,,850.0,nvapi_measured
2026-10-05T20:27:01Z,32,47.0,,109.5,1740,9501,0,850.0,1 (Idle),,,,,850.0,nvapi_measured
2026-10-05T20:27:04Z,30,45.0,,52.2,210,5001,0,850.0,1 (Idle),,,,,850.0,nvapi_measured
2026-10-05T20:27:05Z,33,48.0,,84.4,1785,9251,74,850.0,0,,,,,850.0,nvapi_measured
2026-10-05T20:27:06Z,34,49.0,,160.7,1785,9251,63,850.0,0,,,,,850.0,nvapi_measured
2026-10-05T20:27:07Z,34,49.0,,149.9,1785,9251,57,850.0,0,,,,,850.0,nvapi_measured
2026-10-05T20:27:08Z,34,49.0,,145.7,1785,9251,55,850.0,0,,,,,850.0,nvapi_measured
2026-10-05T20:27:09Z,34,49.0,,142.6,1785,9251,50,850.0,0,,,,,850.0,nvapi_measured
2026-10-05T20:27:10Z,34,49.0,,141.0,1785,9251,49,850.0,0,,,,,850.0,nvapi_measured
2026-10-05T20:27:11Z,34,49.0,,141.2,1785,9251,49,850.0,0,,,,,850.0,nvapi_measured
2026-10-05T20:27:12Z,35,50.0,,137.4,1785,9251,56,850.0,1 (Idle),,,,,850.0,nvapi_measured
2026-10-05T20:27:14Z,34,49.0,,136.3,1785,9251,55,850.0,1 (Idle),,,,,850.0,nvapi_measured
2026-10-05T20:27:15Z,34,49.0,,134.5,1785,9251,48,850.0,1 (Idle),,,,,850.0,nvapi_measured
2026-10-05T20:27:16Z,35,50.0,,138.5,1785,9251,57,850.0,1 (Idle),,,,,850.0,nvapi_measured
2026-10-05T20:27:17Z,35,50.0,,140.6,1785,9251,52,850.0,1 (Idle),,,,,850.0,nvapi_measured
2026-10-05T20:27:18Z,35,50.0,,140.1,1785,9251,57,850.0,1 (Idle),,,,,850.0,nvapi_measured
2026-10-05T20:27:19Z,35,50.0,,141.8,1785,9251,56,850.0,1 (Idle),,,,,850.0,nvapi_measured
2026-10-05T20:27:20Z,34,49.0,,137.7,1785,9251,46,850.0,1 (Idle),,,,,850.0,nvapi_measured
2026-10-05T20:27:21Z,35,50.0,,135.4,1785,9251,54,850.0,1 (Idle),,,,,850.0,nvapi_measured
2026-10-05T20:27:22Z,35,50.0,,135.8,1785,9251,54,850.0,1 (Idle),,,,,850.0,nvapi_measured
2026-10-05T20:27:23Z,34,49.0,,133.2,1785,9251,47,850.0,1 (Idle),,,,,850.0,nvapi_measured
2026-10-05T20:27:24Z,34,49.0,,132.8,1785,9251,47,850.0,1 (Idle),,,,,850.0,nvapi_measured
2026-10-05T20:27:26Z,35,50.0,,136.3,1785,9251,48,850.0,1 (Idle),,,,,850.0,nvapi_measured
2026-10-05T20:27:27Z,35,50.0,,137.4,1785,9251,57,850.0,1 (Idle),,,,,850.0,nvapi_measured
2026-10-05T20:27:28Z,35,50.0,,140.6,1785,9251,51,850.0,1 (Idle),,,,,850.0,nvapi_measured
2026-10-05T20:27:29Z,35,50.0,,138.1,1785,9251,51,850.0,1 (Idle),,,,,850.0,nvapi_measured
2026-10-05T20:27:30Z,35,50.0,,137.6,1785,9251,51,850.0,1 (Idle),,,,,850.0,nvapi_measured
2026-10-05T20:27:31Z,35,50.0,,137.0,1785,9251,54,850.0,1 (Idle),,,,,850.0,nvapi_measured
2026-10-05T20:27:32Z,35,50.0,,135.9,1785,9251,46,850.0,1 (Idle),,,,,850.0,nvapi_measured
2026-10-05T20:27:33Z,35,50.0,,136.4,1785,9251,46,850.0,1 (Idle),,,,,850.0,nvapi_measured
2026-10-05T20:27:34Z,35,50.0,,134.9,1785,9251,54,850.0,1 (Idle),,,,,850.0,nvapi_measured
2026-10-05T20:27:35Z,35,50.0,,134.7,1785,9251,46,850.0,1 (Idle),,,,,850.0,nvapi_measured
2026-10-05T20:27:36Z,35,50.0,,136.7,1785,9251,51,850.0,1 (Idle),,,,,850.0,nvapi_measured
2026-10-05T20:27:38Z,35,50.0,,137.7,1785,9251,51,850.0,1 (Idle),,,,,850.0,nvapi_measured
2026-10-05T20:27:39Z,33,48.0,,115.3,1785,9501,0,850.0,1 (Idle),,,,,850.0,nvapi_measured
2026-10-05T20:27:42Z,31,46.0,,52.2,210,5001,0,850.0,1 (Idle),,,,,850.0,nvapi_measured
2026-10-05T20:27:43Z,34,49.0,,87.0,1830,9251,71,850.0,0,,,,,850.0,nvapi_measured
2026-10-05T20:27:44Z,35,50.0,,163.8,1830,9251,62,850.0,0,,,,,850.0,nvapi_measured
2026-10-05T20:27:45Z,35,50.0,,152.9,1830,9251,57,850.0,0,,,,,850.0,nvapi_measured
2026-10-05T20:27:47Z,35,50.0,,148.1,1830,9251,57,850.0,0,,,,,850.0,nvapi_measured
2026-10-05T20:27:48Z,35,50.0,,145.1,1830,9251,50,850.0,0,,,,,850.0,nvapi_measured
2026-10-05T20:27:49Z,35,50.0,,142.8,1830,9251,59,850.0,0,,,,,850.0,nvapi_measured
2026-10-05T20:27:50Z,35,50.0,,143.6,1830,9251,49,850.0,1 (Idle),,,,,850.0,nvapi_measured
2026-10-05T20:27:51Z,35,50.0,,142.6,1830,9251,57,850.0,1 (Idle),,,,,850.0,nvapi_measured
2026-10-05T20:27:52Z,35,50.0,,142.7,1830,9251,54,850.0,1 (Idle),,,,,850.0,nvapi_measured
2026-10-05T20:27:53Z,35,50.0,,142.3,1830,9251,50,850.0,1 (Idle),,,,,850.0,nvapi_measured
2026-10-05T20:27:54Z,35,50.0,,141.7,1830,9251,56,850.0,1 (Idle),,,,,850.0,nvapi_measured
2026-10-05T20:27:55Z,35,50.0,,139.1,1830,9251,50,850.0,1 (Idle),,,,,850.0,nvapi_measured
2026-10-05T20:27:56Z,35,50.0,,142.8,1830,9251,50,850.0,1 (Idle),,,,,850.0,nvapi_measured
2026-10-05T20:27:58Z,35,50.0,,138.0,1830,9251,46,850.0,1 (Idle),,,,,850.0,nvapi_measured
2026-10-05T20:27:59Z,35,50.0,,138.4,1830,9251,46,850.0,1 (Idle),,,,,850.0,nvapi_measured
2026-10-05T20:28:00Z,35,50.0,,134.3,1830,9251,47,850.0,1 (Idle),,,,,850.0,nvapi_measured
2026-10-05T20:28:01Z,35,50.0,,135.9,1830,9251,47,850.0,1 (Idle),,,,,850.0,nvapi_measured
2026-10-05T20:28:02Z,35,50.0,,137.2,1830,9251,47,850.0,1 (Idle),,,,,850.0,nvapi_measured
2026-10-05T20:28:03Z,35,50.0,,138.2,1830,9251,56,850.0,1 (Idle),,,,,850.0,nvapi_measured
2026-10-05T20:28:04Z,35,50.0,,142.6,1830,9251,50,850.0,1 (Idle),,,,,850.0,nvapi_measured
2026-10-05T20:28:05Z,35,50.0,,143.5,1830,9251,55,850.0,1 (Idle),,,,,850.0,nvapi_measured
2026-10-05T20:28:06Z,35,50.0,,142.1,1830,9251,49,850.0,1 (Idle),,,,,850.0,nvapi_measured
2026-10-05T20:28:07Z,35,50.0,,140.5,1830,9251,54,850.0,1 (Idle),,,,,850.0,nvapi_measured
2026-10-05T20:28:08Z,35,50.0,,137.4,1830,9251,45,850.0,1 (Idle),,,,,850.0,nvapi_measured
2026-10-05T20:28:10Z,35,50.0,,136.8,1830,9251,46,850.0,1 (Idle),,,,,850.0,nvapi_measured
2026-10-05T20:28:11Z,35,50.0,,139.4,1830,9251,55,850.0,1 (Idle),,,,,850.0,nvapi_measured
2026-10-05T20:28:12Z,35,50.0,,143.2,1830,9251,55,850.0,1 (Idle),,,,,850.0,nvapi_measured
2026-10-05T20:28:13Z,35,50.0,,139.0,1830,9251,45,850.0,1 (Idle),,,,,850.0,nvapi_measured
2026-10-05T20:28:14Z,35,50.0,,137.1,1830,9251,49,850.0,1 (Idle),,,,,850.0,nvapi_measured
2026-10-05T20:28:15Z,35,50.0,,138.2,1830,9251,48,850.0,1 (Idle),,,,,850.0,nvapi_measured
2026-10-05T20:28:16Z,35,50.0,,139.3,1830,9251,52,850.0,1 (Idle),,,,,850.0,nvapi_measured
2026-10-05T20:28:17Z,35,50.0,,136.9,1830,9251,48,850.0,1 (Idle),,,,,850.0,nvapi_measured
2026-10-05T20:28:19Z,33,48.0,,91.3,1830,9501,0,850.0,1 (Idle),,,,,850.0,nvapi_measured
2026-10-05T20:28:22Z,31,46.0,,52.5,210,5001,0,850.0,1 (Idle),,,,,850.0,nvapi_measured
2026-10-05T20:28:23Z,33,48.0,,78.3,1875,9251,71,850.0,0,,,,,850.0,nvapi_measured
2026-10-05T20:28:24Z,36,51.0,,165.9,1875,9251,64,850.0,0,,,,,850.0,nvapi_measured
2026-10-05T20:28:25Z,36,51.0,,150.8,1875,9251,54,850.0,0,,,,,850.0,nvapi_measured
2026-10-05T20:28:26Z,36,51.0,,151.4,1875,9251,58,850.0,0,,,,,850.0,nvapi_measured
2026-10-05T20:28:27Z,36,51.0,,149.0,1875,9251,48,850.0,0,,,,,850.0,nvapi_measured
2026-10-05T20:28:28Z,36,51.0,,145.1,1875,9251,56,850.0,0,,,,,850.0,nvapi_measured
2026-10-05T20:28:29Z,36,51.0,,147.4,1875,9251,47,850.0,0,,,,,850.0,nvapi_measured
2026-10-05T20:28:31Z,36,51.0,,147.6,1875,9251,53,850.0,1 (Idle),,,,,850.0,nvapi_measured
2026-10-05T20:28:32Z,36,51.0,,147.0,1875,9251,55,850.0,1 (Idle),,,,,850.0,nvapi_measured
2026-10-05T20:28:33Z,36,51.0,,146.2,1875,9251,51,850.0,1 (Idle),,,,,850.0,nvapi_measured
2026-10-05T20:28:34Z,36,51.0,,143.5,1875,9251,51,850.0,1 (Idle),,,,,850.0,nvapi_measured
2026-10-05T20:28:35Z,36,51.0,,143.7,1875,9251,51,850.0,1 (Idle),,,,,850.0,nvapi_measured
2026-10-05T20:28:36Z,36,51.0,,145.4,1875,9251,51,850.0,1 (Idle),,,,,850.0,nvapi_measured
2026-10-05T20:28:37Z,36,51.0,,143.0,1875,9251,46,850.0,1 (Idle),,,,,850.0,nvapi_measured
2026-10-05T20:28:38Z,36,51.0,,141.1,1875,9251,54,850.0,1 (Idle),,,,,850.0,nvapi_measured
2026-10-05T20:28:39Z,35,50.0,,138.9,1875,9251,46,850.0,1 (Idle),,,,,850.0,nvapi_measured
2026-10-05T20:28:40Z,36,51.0,,142.2,1875,9251,46,850.0,1 (Idle),,,,,850.0,nvapi_measured
2026-10-05T20:28:41Z,36,51.0,,142.5,1875,9251,46,850.0,1 (Idle),,,,,850.0,nvapi_measured
2026-10-05T20:28:43Z,36,51.0,,142.6,1875,9251,49,850.0,1 (Idle),,,,,850.0,nvapi_measured
2026-10-05T20:28:44Z,36,51.0,,142.7,1875,9251,50,850.0,1 (Idle),,,,,850.0,nvapi_measured
2026-10-05T20:28:45Z,36,51.0,,146.2,1875,9251,55,850.0,1 (Idle),,,,,850.0,nvapi_measured
2026-10-05T20:28:46Z,36,51.0,,146.5,1875,9251,50,850.0,1 (Idle),,,,,850.0,nvapi_measured
2026-10-05T20:28:47Z,36,51.0,,143.8,1875,9251,50,850.0,1 (Idle),,,,,850.0,nvapi_measured
2026-10-05T20:28:48Z,36,51.0,,141.4,1875,9251,52,850.0,1 (Idle),,,,,850.0,nvapi_measured
2026-10-05T20:28:49Z,36,51.0,,140.7,1875,9251,45,850.0,1 (Idle),,,,,850.0,nvapi_measured
2026-10-05T20:28:50Z,36,51.0,,144.0,1875,9251,53,850.0,1 (Idle),,,,,850.0,nvapi_measured
2026-10-05T20:28:51Z,36,51.0,,142.7,1875,9251,45,850.0,1 (Idle),,,,,850.0,nvapi_measured
2026-10-05T20:28:52Z,36,51.0,,142.1,1875,9251,49,850.0,1 (Idle),,,,,850.0,nvapi_measured
2026-10-05T20:28:53Z,36,51.0,,141.1,1875,9251,49,850.0,1 (Idle),,,,,850.0,nvapi_measured
2026-10-05T20:28:55Z,36,51.0,,143.1,1875,9251,51,850.0,1 (Idle),,,,,850.0,nvapi_measured
2026-10-05T20:28:56Z,34,49.0,,92.7,1875,9501,0,850.0,1 (Idle),,,,,850.0,nvapi_measured
2026-10-05T20:28:59Z,32,47.0,,52.3,210,5001,0,850.0,1 (Idle),,,,,850.0,nvapi_measured
2026-10-05T20:29:00Z,35,50.0,,87.5,1920,9251,73,850.0,0,,,,,850.0,nvapi_measured
2026-10-05T20:29:01Z,36,51.0,,174.6,1920,9251,65,850.0,0,,,,,850.0,nvapi_measured
2026-10-05T20:29:02Z,36,51.0,,165.3,1920,9251,58,850.0,0,,,,,850.0,nvapi_measured
2026-10-05T20:29:03Z,37,52.0,,160.2,1920,9251,61,850.0,0,,,,,850.0,nvapi_measured
2026-10-05T20:29:04Z,36,51.0,,152.4,1920,9251,50,850.0,0,,,,,850.0,nvapi_measured
2026-10-05T20:29:05Z,36,51.0,,154.4,1920,9251,57,850.0,0,,,,,850.0,nvapi_measured
2026-10-05T20:29:06Z,36,51.0,,148.6,1920,9251,56,850.0,0,,,,,850.0,nvapi_measured
2026-10-05T20:29:07Z,36,51.0,,147.4,1920,9251,56,850.0,1 (Idle),,,,,850.0,nvapi_measured
2026-10-05T20:29:09Z,36,51.0,,153.4,1920,9251,51,850.0,1 (Idle),,,,,850.0,nvapi_measured
2026-10-05T20:29:10Z,36,51.0,,146.7,1920,9251,51,850.0,1 (Idle),,,,,850.0,nvapi_measured
2026-10-05T20:29:11Z,36,51.0,,149.1,1920,9251,51,850.0,1 (Idle),,,,,850.0,nvapi_measured
2026-10-05T20:29:12Z,37,52.0,,151.3,1920,9251,56,850.0,1 (Idle),,,,,850.0,nvapi_measured
2026-10-05T20:29:13Z,36,51.0,,151.4,1920,9251,51,850.0,1 (Idle),,,,,850.0,nvapi_measured
2026-10-05T20:29:14Z,36,51.0,,148.5,1920,9251,50,850.0,1 (Idle),,,,,850.0,nvapi_measured
2026-10-05T20:29:15Z,36,51.0,,144.8,1920,9251,47,850.0,1 (Idle),,,,,850.0,nvapi_measured
2026-10-05T20:29:16Z,37,52.0,,146.5,1920,9251,54,850.0,1 (Idle),,,,,850.0,nvapi_measured
2026-10-05T20:29:17Z,36,51.0,,149.1,1920,9251,54,850.0,1 (Idle),,,,,850.0,nvapi_measured
2026-10-05T20:29:18Z,36,51.0,,146.4,1920,9251,45,850.0,1 (Idle),,,,,850.0,nvapi_measured
2026-10-05T20:29:19Z,36,51.0,,142.4,1920,9251,54,850.0,1 (Idle),,,,,850.0,nvapi_measured
2026-10-05T20:29:21Z,36,51.0,,148.6,1920,9251,52,850.0,1 (Idle),,,,,850.0,nvapi_measured
2026-10-05T20:29:22Z,36,51.0,,148.9,1920,9251,49,850.0,1 (Idle),,,,,850.0,nvapi_measured
2026-10-05T20:29:23Z,36,51.0,,145.8,1920,9251,49,850.0,1 (Idle),,,,,850.0,nvapi_measured
2026-10-05T20:29:24Z,36,51.0,,146.1,1920,9251,49,850.0,1 (Idle),,,,,850.0,nvapi_measured
2026-10-05T20:29:25Z,36,51.0,,147.0,1920,9251,53,850.0,1 (Idle),,,,,850.0,nvapi_measured
2026-10-05T20:29:26Z,36,51.0,,146.3,1920,9251,53,850.0,1 (Idle),,,,,850.0,nvapi_measured
2026-10-05T20:29:27Z,36,51.0,,147.9,1920,9251,51,850.0,1 (Idle),,,,,850.0,nvapi_measured
2026-10-05T20:29:28Z,36,51.0,,144.1,1920,9251,53,850.0,1 (Idle),,,,,850.0,nvapi_measured
2026-10-05T20:29:29Z,37,52.0,,143.9,1920,9251,53,850.0,1 (Idle),,,,,850.0,nvapi_measured
2026-10-05T20:29:30Z,36,51.0,,146.8,1920,9251,49,850.0,1 (Idle),,,,,850.0,nvapi_measured
2026-10-05T20:29:31Z,36,51.0,,145.5,1920,9251,49,850.0,1 (Idle),,,,,850.0,nvapi_measured
2026-10-05T20:29:33Z,36,51.0,,145.7,1920,9251,49,850.0,1 (Idle),,,,,850.0,nvapi_measured
2026-10-05T20:29:34Z,36,51.0,,145.5,1920,9251,49,850.0,1 (Idle),,,,,850.0,nvapi_measured
2026-10-05T20:29:35Z,34,49.0,,122.1,1920,9501,0,850.0,1 (Idle),,,,,850.0,nvapi_measured
2026-10-05T20:29:38Z,32,47.0,,52.6,210,5001,1,850.0,1 (Idle),,,,,850.0,nvapi_measured
2026-10-05T20:29:39Z,35,50.0,,94.2,1965,9251,72,850.0,0,,,,,850.0,nvapi_measured
2026-10-05T20:29:40Z,37,52.0,,179.3,1965,9251,63,850.0,0,,,,,850.0,nvapi_measured
2026-10-05T20:29:42Z,37,52.0,,170.8,1965,9251,59,850.0,0,,,,,850.0,nvapi_measured
2026-10-05T20:29:43Z,37,52.0,,163.8,1965,9251,59,850.0,0,,,,,850.0,nvapi_measured
2026-10-05T20:29:44Z,37,52.0,,162.0,1965,9251,57,850.0,0,,,,,850.0,nvapi_measured
2026-10-05T20:29:45Z,37,52.0,,159.1,1965,9251,56,850.0,0,,,,,850.0,nvapi_measured
2026-10-05T20:29:46Z,37,52.0,,157.5,1965,9251,56,850.0,1 (Idle),,,,,850.0,nvapi_measured
2026-10-05T20:29:47Z,37,52.0,,155.4,1965,9251,55,850.0,1 (Idle),,,,,850.0,nvapi_measured
2026-10-05T20:29:48Z,37,52.0,,153.6,1965,9251,47,850.0,1 (Idle),,,,,850.0,nvapi_measured
2026-10-05T20:29:49Z,37,52.0,,152.6,1965,9251,50,850.0,1 (Idle),,,,,850.0,nvapi_measured
2026-10-05T20:29:50Z,37,52.0,,151.7,1965,9251,50,850.0,1 (Idle),,,,,850.0,nvapi_measured
2026-10-05T20:29:51Z,37,52.0,,153.1,1965,9251,50,850.0,1 (Idle),,,,,850.0,nvapi_measured
2026-10-05T20:29:52Z,37,52.0,,151.3,1965,9251,50,850.0,1 (Idle),,,,,850.0,nvapi_measured
2026-10-05T20:29:54Z,37,52.0,,154.0,1965,9251,48,850.0,1 (Idle),,,,,850.0,nvapi_measured
2026-10-05T20:29:55Z,37,52.0,,146.5,1965,9251,46,850.0,1 (Idle),,,,,850.0,nvapi_measured
2026-10-05T20:29:56Z,37,52.0,,150.6,1965,9251,54,850.0,1 (Idle),,,,,850.0,nvapi_measured
2026-10-05T20:29:57Z,37,52.0,,155.9,1965,9251,54,850.0,1 (Idle),,,,,850.0,nvapi_measured
2026-10-05T20:29:58Z,37,52.0,,155.4,1965,9251,53,850.0,1 (Idle),,,,,850.0,nvapi_measured
2026-10-05T20:29:59Z,37,52.0,,153.3,1965,9251,49,850.0,1 (Idle),,,,,850.0,nvapi_measured
2026-10-05T20:30:00Z,37,52.0,,153.2,1965,9251,49,850.0,1 (Idle),,,,,850.0,nvapi_measured
2026-10-05T20:30:01Z,37,52.0,,152.7,1965,9251,54,850.0,1 (Idle),,,,,850.0,nvapi_measured
2026-10-05T20:30:02Z,37,52.0,,153.8,1965,9251,48,850.0,1 (Idle),,,,,850.0,nvapi_measured
2026-10-05T20:30:03Z,37,52.0,,153.0,1965,9251,44,850.0,1 (Idle),,,,,850.0,nvapi_measured
2026-10-05T20:30:04Z,37,52.0,,151.9,1965,9251,45,850.0,1 (Idle),,,,,850.0,nvapi_measured
2026-10-05T20:30:06Z,37,52.0,,146.3,1965,9251,47,850.0,1 (Idle),,,,,850.0,nvapi_measured
2026-10-05T20:30:07Z,37,52.0,,155.8,1965,9251,53,850.0,1 (Idle),,,,,850.0,nvapi_measured
2026-10-05T20:30:08Z,37,52.0,,151.3,1965,9251,53,850.0,1 (Idle),,,,,850.0,nvapi_measured
2026-10-05T20:30:09Z,37,52.0,,153.2,1965,9251,48,850.0,1 (Idle),,,,,850.0,nvapi_measured
2026-10-05T20:30:10Z,37,52.0,,150.3,1965,9251,54,850.0,1 (Idle),,,,,850.0,nvapi_measured
2026-10-05T20:30:11Z,37,52.0,,153.1,1965,9251,48,850.0,1 (Idle),,,,,850.0,nvapi_measured
2026-10-05T20:30:13Z,35,50.0,,126.2,1965,9501,0,850.0,1 (Idle),,,,,850.0,nvapi_measured
2026-10-05T20:30:16Z,32,47.0,,52.4,210,5001,0,850.0,1 (Idle),,,,,850.0,nvapi_measured
2026-10-05T20:30:17Z,35,50.0,,81.4,2010,9251,65,850.0,0,,,,,850.0,nvapi_measured
2026-10-05T20:30:18Z,37,52.0,,183.1,2010,9251,64,850.0,0,,,,,850.0,nvapi_measured
2026-10-05T20:30:19Z,37,52.0,,172.1,2010,9251,60,850.0,0,,,,,850.0,nvapi_measured
2026-10-05T20:30:20Z,38,53.0,,171.6,2010,9251,61,850.0,0,,,,,850.0,nvapi_measured
2026-10-05T20:30:21Z,38,53.0,,163.5,2010,9251,57,850.0,0,,,,,850.0,nvapi_measured
2026-10-05T20:30:22Z,37,52.0,,161.1,2010,9251,48,850.0,0,,,,,850.0,nvapi_measured
2026-10-05T20:30:23Z,37,52.0,,155.7,2010,9251,48,850.0,0,,,,,850.0,nvapi_measured
2026-10-05T20:30:25Z,37,52.0,,161.4,2010,9251,51,850.0,1 (Idle),,,,,850.0,nvapi_measured
2026-10-05T20:30:26Z,37,52.0,,158.3,2010,9251,47,850.0,1 (Idle),,,,,850.0,nvapi_measured
2026-10-05T20:30:27Z,38,53.0,,159.3,2010,9251,56,850.0,1 (Idle),,,,,850.0,nvapi_measured
2026-10-05T20:30:28Z,37,52.0,,160.5,2010,9251,55,850.0,1 (Idle),,,,,850.0,nvapi_measured
2026-10-05T20:30:29Z,37,52.0,,157.9,2010,9251,49,850.0,1 (Idle),,,,,850.0,nvapi_measured
2026-10-05T20:30:30Z,37,52.0,,153.5,2010,9251,49,850.0,1 (Idle),,,,,850.0,nvapi_measured
2026-10-05T20:30:31Z,37,52.0,,156.2,2010,9251,53,850.0,1 (Idle),,,,,850.0,nvapi_measured
2026-10-05T20:30:32Z,37,52.0,,153.5,2010,9251,45,850.0,1 (Idle),,,,,850.0,nvapi_measured
2026-10-05T20:30:33Z,37,52.0,,154.1,2010,9251,45,850.0,1 (Idle),,,,,850.0,nvapi_measured
2026-10-05T20:30:34Z,37,52.0,,155.7,2010,9251,45,850.0,1 (Idle),,,,,850.0,nvapi_measured
2026-10-05T20:30:35Z,38,53.0,,156.2,2010,9251,54,850.0,1 (Idle),,,,,850.0,nvapi_measured
2026-10-05T20:30:37Z,37,52.0,,150.4,2010,9251,49,850.0,1 (Idle),,,,,850.0,nvapi_measured
2026-10-05T20:30:38Z,37,52.0,,157.2,2010,9251,48,850.0,1 (Idle),,,,,850.0,nvapi_measured
2026-10-05T20:30:39Z,37,52.0,,155.1,2010,9251,48,850.0,1 (Idle),,,,,850.0,nvapi_measured
2026-10-05T20:30:40Z,37,52.0,,154.3,2010,9251,49,850.0,1 (Idle),,,,,850.0,nvapi_measured
2026-10-05T20:30:41Z,37,52.0,,156.8,2010,9251,48,850.0,1 (Idle),,,,,850.0,nvapi_measured
2026-10-05T20:30:42Z,37,52.0,,150.8,2010,9251,53,850.0,1 (Idle),,,,,850.0,nvapi_measured
2026-10-05T20:30:43Z,37,52.0,,151.7,2010,9251,46,850.0,1 (Idle),,,,,850.0,nvapi_measured
2026-10-05T20:30:44Z,37,52.0,,152.8,2010,9251,54,850.0,1 (Idle),,,,,850.0,nvapi_measured
2026-10-05T20:30:45Z,37,52.0,,156.9,2010,9251,53,850.0,1 (Idle),,,,,850.0,nvapi_measured
2026-10-05T20:30:46Z,37,52.0,,155.0,2010,9251,48,850.0,1 (Idle),,,,,850.0,nvapi_measured
2026-10-05T20:30:47Z,37,52.0,,154.0,2010,9251,48,850.0,1 (Idle),,,,,850.0,nvapi_measured
2026-10-05T20:30:49Z,37,52.0,,154.5,2010,9251,50,850.0,1 (Idle),,,,,850.0,nvapi_measured
2026-10-05T20:30:50Z,37,52.0,,155.1,2010,9251,47,850.0,1 (Idle),,,,,850.0,nvapi_measured
2026-10-05T20:30:51Z,37,52.0,,153.3,2010,9251,47,850.0,1 (Idle),,,,,850.0,nvapi_measured
2026-10-05T20:30:55Z,32,47.0,,52.6,210,5001,0,850.0,1 (Idle),,,,,850.0,nvapi_measured
2026-10-05T20:30:56Z,36,51.0,,89.5,2055,9251,72,850.0,0,,,,,850.0,nvapi_measured
2026-10-05T20:30:59Z,33,48.0,,82.2,390,5001,0,850.0,1 (Idle),,,,,850.0,nvapi_measured
2026-10-05T20:31:00Z,35,50.0,,75.0,2025,9251,22,850.0,0,,,,,850.0,nvapi_measured
2026-10-05T20:31:01Z,38,53.0,,179.2,2025,9251,70,850.0,0,,,,,850.0,nvapi_measured
2026-10-05T20:31:02Z,38,53.0,,179.0,2025,9251,63,850.0,0,,,,,850.0,nvapi_measured
2026-10-05T20:31:03Z,38,53.0,,165.8,2025,9251,54,850.0,0,,,,,850.0,nvapi_measured
2026-10-05T20:31:04Z,38,53.0,,162.5,2025,9251,58,850.0,0,,,,,850.0,nvapi_measured
2026-10-05T20:31:05Z,37,52.0,,158.8,2025,9251,48,850.0,0,,,,,850.0,nvapi_measured
2026-10-05T20:31:07Z,37,52.0,,153.6,2025,9251,48,850.0,0,,,,,850.0,nvapi_measured
2026-10-05T20:31:08Z,38,53.0,,163.3,2025,9251,57,850.0,1 (Idle),,,,,850.0,nvapi_measured
2026-10-05T20:31:09Z,37,52.0,,152.4,2025,9251,48,850.0,1 (Idle),,,,,850.0,nvapi_measured
2026-10-05T20:31:10Z,38,53.0,,155.7,2025,9251,57,850.0,1 (Idle),,,,,850.0,nvapi_measured
2026-10-05T20:31:11Z,38,53.0,,163.7,2025,9251,56,850.0,1 (Idle),,,,,850.0,nvapi_measured
2026-10-05T20:31:12Z,38,53.0,,158.0,2025,9251,50,850.0,1 (Idle),,,,,850.0,nvapi_measured
2026-10-05T20:31:13Z,38,53.0,,155.8,2025,9251,50,850.0,1 (Idle),,,,,850.0,nvapi_measured
2026-10-05T20:31:14Z,38,53.0,,158.3,2025,9251,50,850.0,1 (Idle),,,,,850.0,nvapi_measured
2026-10-05T20:31:15Z,38,53.0,,154.3,2025,9251,55,850.0,1 (Idle),,,,,850.0,nvapi_measured
2026-10-05T20:31:16Z,38,53.0,,154.3,2025,9251,55,850.0,1 (Idle),,,,,850.0,nvapi_measured
2026-10-05T20:31:17Z,37,52.0,,150.7,2025,9251,46,850.0,1 (Idle),,,,,850.0,nvapi_measured
2026-10-05T20:31:19Z,38,53.0,,159.4,2025,9251,52,850.0,1 (Idle),,,,,850.0,nvapi_measured
2026-10-05T20:31:20Z,38,53.0,,160.6,2025,9251,55,850.0,1 (Idle),,,,,850.0,nvapi_measured
2026-10-05T20:31:21Z,38,53.0,,157.8,2025,9251,54,850.0,1 (Idle),,,,,850.0,nvapi_measured
2026-10-05T20:31:22Z,38,53.0,,158.1,2025,9251,52,850.0,1 (Idle),,,,,850.0,nvapi_measured
2026-10-05T20:31:23Z,38,53.0,,157.6,2025,9251,54,850.0,1 (Idle),,,,,850.0,nvapi_measured
2026-10-05T20:31:24Z,37,52.0,,155.9,2025,9251,54,850.0,1 (Idle),,,,,850.0,nvapi_measured
2026-10-05T20:31:25Z,37,52.0,,153.1,2025,9251,44,850.0,1 (Idle),,,,,850.0,nvapi_measured
2026-10-05T20:31:26Z,37,52.0,,147.3,2025,9251,45,850.0,1 (Idle),,,,,850.0,nvapi_measured
2026-10-05T20:31:27Z,37,52.0,,155.0,2025,9251,46,850.0,1 (Idle),,,,,850.0,nvapi_measured
2026-10-05T20:31:28Z,37,52.0,,152.8,2025,9251,47,850.0,1 (Idle),,,,,850.0,nvapi_measured
2026-10-05T20:31:30Z,37,52.0,,152.0,2025,9251,46,850.0,1 (Idle),,,,,850.0,nvapi_measured
2026-10-05T20:31:31Z,37,52.0,,148.9,2025,9251,48,850.0,1 (Idle),,,,,850.0,nvapi_measured
2026-10-05T20:31:32Z,37,52.0,,154.7,2025,9251,49,850.0,1 (Idle),,,,,850.0,nvapi_measured
2026-10-05T20:31:34Z,37,52.0,,154.2,2025,9251,49,850.0,1 (Idle),,,,,850.0,nvapi_measured
2026-10-05T20:31:37Z,32,47.0,,52.7,240,5001,0,881.25,1 (Idle),,,,,881.25,nvapi_measured
2026-10-05T20:31:38Z,34,49.0,,72.5,1770,9251,56,881.25,0,,,,,881.25,nvapi_measured
2026-10-05T20:31:39Z,37,52.0,,164.8,1770,9251,68,881.25,0,,,,,881.25,nvapi_measured
2026-10-05T20:31:40Z,37,52.0,,151.1,1770,9251,57,881.25,0,,,,,881.25,nvapi_measured
2026-10-05T20:31:41Z,37,52.0,,150.0,1770,9251,54,881.25,0,,,,,881.25,nvapi_measured
2026-10-05T20:31:42Z,37,52.0,,145.0,1770,9251,49,881.25,0,,,,,881.25,nvapi_measured
2026-10-05T20:31:43Z,37,52.0,,140.4,1770,9251,57,881.25,0,,,,,881.25,nvapi_measured
2026-10-05T20:31:45Z,37,52.0,,142.8,1770,9251,49,881.25,0,,,,,881.25,nvapi_measured
2026-10-05T20:31:46Z,37,52.0,,137.7,1770,9251,48,881.25,1 (Idle),,,,,881.25,nvapi_measured
2026-10-05T20:31:47Z,37,52.0,,140.9,1770,9251,48,881.25,1 (Idle),,,,,881.25,nvapi_measured
2026-10-05T20:31:48Z,37,52.0,,139.4,1770,9251,48,881.25,1 (Idle),,,,,881.25,nvapi_measured
2026-10-05T20:31:49Z,37,52.0,,142.8,1770,9251,52,881.25,1 (Idle),,,,,881.25,nvapi_measured
2026-10-05T20:31:50Z,37,52.0,,142.9,1770,9251,52,881.25,1 (Idle),,,,,881.25,nvapi_measured
2026-10-05T20:31:51Z,37,52.0,,143.5,1770,9251,55,881.25,1 (Idle),,,,,881.25,nvapi_measured
2026-10-05T20:31:52Z,37,52.0,,140.9,1770,9251,51,881.25,1 (Idle),,,,,881.25,nvapi_measured
2026-10-05T20:31:53Z,37,52.0,,140.0,1770,9251,46,881.25,1 (Idle),,,,,881.25,nvapi_measured
2026-10-05T20:31:54Z,37,52.0,,138.3,1770,9251,55,881.25,1 (Idle),,,,,881.25,nvapi_measured
2026-10-05T20:31:55Z,37,52.0,,136.3,1770,9251,46,881.25,1 (Idle),,,,,881.25,nvapi_measured
2026-10-05T20:31:57Z,37,52.0,,139.7,1770,9251,46,881.25,1 (Idle),,,,,881.25,nvapi_measured
2026-10-05T20:31:58Z,37,52.0,,141.5,1770,9251,50,881.25,1 (Idle),,,,,881.25,nvapi_measured
2026-10-05T20:31:59Z,37,52.0,,142.5,1770,9251,49,881.25,1 (Idle),,,,,881.25,nvapi_measured
2026-10-05T20:32:00Z,37,52.0,,140.9,1770,9251,55,881.25,1 (Idle),,,,,881.25,nvapi_measured
2026-10-05T20:32:01Z,37,52.0,,143.3,1770,9251,55,881.25,1 (Idle),,,,,881.25,nvapi_measured
2026-10-05T20:32:02Z,37,52.0,,142.1,1770,9251,54,881.25,1 (Idle),,,,,881.25,nvapi_measured
2026-10-05T20:32:03Z,37,52.0,,141.3,1770,9251,49,881.25,1 (Idle),,,,,881.25,nvapi_measured
2026-10-05T20:32:04Z,37,52.0,,134.7,1770,9251,44,881.25,1 (Idle),,,,,881.25,nvapi_measured
2026-10-05T20:32:05Z,37,52.0,,134.4,1770,9251,45,881.25,1 (Idle),,,,,881.25,nvapi_measured
2026-10-05T20:32:06Z,37,52.0,,134.5,1770,9251,46,881.25,1 (Idle),,,,,881.25,nvapi_measured
2026-10-05T20:32:07Z,37,52.0,,140.3,1770,9251,46,881.25,1 (Idle),,,,,881.25,nvapi_measured
2026-10-05T20:32:09Z,37,52.0,,143.0,1770,9251,46,881.25,1 (Idle),,,,,881.25,nvapi_measured
2026-10-05T20:32:10Z,37,52.0,,142.7,1770,9251,50,881.25,1 (Idle),,,,,881.25,nvapi_measured
2026-10-05T20:32:11Z,37,52.0,,139.5,1770,9251,50,881.25,1 (Idle),,,,,881.25,nvapi_measured
2026-10-05T20:32:12Z,35,50.0,,90.9,1770,9501,0,881.25,1 (Idle),,,,,881.25,nvapi_measured
2026-10-05T20:32:15Z,32,47.0,,52.5,210,5001,0,881.25,1 (Idle),,,,,881.25,nvapi_measured
2026-10-05T20:32:16Z,35,50.0,,82.0,1815,9251,73,881.25,0,,,,,881.25,nvapi_measured
2026-10-05T20:32:17Z,37,52.0,,169.7,1815,9251,67,881.25,0,,,,,881.25,nvapi_measured
2026-10-05T20:32:19Z,37,52.0,,155.3,1815,9251,61,881.25,0,,,,,881.25,nvapi_measured
2026-10-05T20:32:20Z,37,52.0,,151.9,1815,9251,59,881.25,0,,,,,881.25,nvapi_measured
2026-10-05T20:32:21Z,37,52.0,,145.3,1815,9251,49,881.25,0,,,,,881.25,nvapi_measured
2026-10-05T20:32:22Z,37,52.0,,145.4,1815,9251,57,881.25,0,,,,,881.25,nvapi_measured
2026-10-05T20:32:23Z,37,52.0,,145.0,1815,9251,48,881.25,1 (Idle),,,,,881.25,nvapi_measured
2026-10-05T20:32:24Z,37,52.0,,143.2,1815,9251,47,881.25,1 (Idle),,,,,881.25,nvapi_measured
2026-10-05T20:32:25Z,37,52.0,,142.6,1815,9251,47,881.25,1 (Idle),,,,,881.25,nvapi_measured
2026-10-05T20:32:26Z,37,52.0,,143.5,1815,9251,51,881.25,1 (Idle),,,,,881.25,nvapi_measured
2026-10-05T20:32:27Z,37,52.0,,144.5,1815,9251,56,881.25,1 (Idle),,,,,881.25,nvapi_measured
2026-10-05T20:32:28Z,37,52.0,,142.9,1815,9251,50,881.25,1 (Idle),,,,,881.25,nvapi_measured
2026-10-05T20:32:30Z,37,52.0,,145.0,1815,9251,50,881.25,1 (Idle),,,,,881.25,nvapi_measured
2026-10-05T20:32:31Z,37,52.0,,146.6,1815,9251,52,881.25,1 (Idle),,,,,881.25,nvapi_measured
2026-10-05T20:32:32Z,37,52.0,,139.4,1815,9251,46,881.25,1 (Idle),,,,,881.25,nvapi_measured
2026-10-05T20:32:33Z,37,52.0,,137.2,1815,9251,47,881.25,1 (Idle),,,,,881.25,nvapi_measured
2026-10-05T20:32:34Z,37,52.0,,139.3,1815,9251,47,881.25,1 (Idle),,,,,881.25,nvapi_measured
2026-10-05T20:32:35Z,37,52.0,,139.3,1815,9251,56,881.25,1 (Idle),,,,,881.25,nvapi_measured
2026-10-05T20:32:36Z,37,52.0,,143.3,1815,9251,47,881.25,1 (Idle),,,,,881.25,nvapi_measured
2026-10-05T20:32:37Z,37,52.0,,144.2,1815,9251,50,881.25,1 (Idle),,,,,881.25,nvapi_measured
2026-10-05T20:32:38Z,37,52.0,,144.1,1815,9251,50,881.25,1 (Idle),,,,,881.25,nvapi_measured
2026-10-05T20:32:39Z,37,52.0,,140.6,1815,9251,49,881.25,1 (Idle),,,,,881.25,nvapi_measured
2026-10-05T20:32:40Z,37,52.0,,143.0,1815,9251,49,881.25,1 (Idle),,,,,881.25,nvapi_measured
2026-10-05T20:32:42Z,37,52.0,,141.0,1815,9251,55,881.25,1 (Idle),,,,,881.25,nvapi_measured
2026-10-05T20:32:43Z,37,52.0,,138.5,1815,9251,49,881.25,1 (Idle),,,,,881.25,nvapi_measured
2026-10-05T20:32:44Z,37,52.0,,139.0,1815,9251,45,881.25,1 (Idle),,,,,881.25,nvapi_measured
2026-10-05T20:32:45Z,37,52.0,,142.0,1815,9251,54,881.25,1 (Idle),,,,,881.25,nvapi_measured
2026-10-05T20:32:46Z,37,52.0,,140.8,1815,9251,45,881.25,1 (Idle),,,,,881.25,nvapi_measured
2026-10-05T20:32:47Z,37,52.0,,137.8,1815,9251,48,881.25,1 (Idle),,,,,881.25,nvapi_measured
2026-10-05T20:32:48Z,37,52.0,,139.2,1815,9251,51,881.25,1 (Idle),,,,,881.25,nvapi_measured
2026-10-05T20:32:50Z,35,50.0,,116.6,1815,9501,0,881.25,1 (Idle),,,,,881.25,nvapi_measured
2026-10-05T20:32:53Z,32,47.0,,52.6,225,5001,0,881.25,1 (Idle),,,,,881.25,nvapi_measured
2026-10-05T20:32:54Z,36,51.0,,88.2,1860,9251,74,881.25,0,,,,,881.25,nvapi_measured
2026-10-05T20:32:55Z,38,53.0,,171.5,1860,9251,66,881.25,0,,,,,881.25,nvapi_measured
2026-10-05T20:32:56Z,37,52.0,,160.2,1860,9251,57,881.25,0,,,,,881.25,nvapi_measured
2026-10-05T20:32:57Z,37,52.0,,154.8,1860,9251,57,881.25,0,,,,,881.25,nvapi_measured
2026-10-05T20:32:58Z,38,53.0,,155.6,1860,9251,60,881.25,0,,,,,881.25,nvapi_measured
2026-10-05T20:32:59Z,37,52.0,,153.7,1860,9251,50,881.25,0,,,,,881.25,nvapi_measured
2026-10-05T20:33:00Z,37,52.0,,149.9,1860,9251,49,881.25,0,,,,,881.25,nvapi_measured
2026-10-05T20:33:01Z,37,52.0,,147.1,1860,9251,49,881.25,1 (Idle),,,,,881.25,nvapi_measured
2026-10-05T20:33:03Z,37,52.0,,145.9,1860,9251,58,881.25,1 (Idle),,,,,881.25,nvapi_measured
2026-10-05T20:33:04Z,37,52.0,,146.4,1860,9251,53,881.25,1 (Idle),,,,,881.25,nvapi_measured
2026-10-05T20:33:05Z,38,53.0,,151.7,1860,9251,53,881.25,1 (Idle),,,,,881.25,nvapi_measured
2026-10-05T20:33:06Z,37,52.0,,148.9,1860,9251,52,881.25,1 (Idle),,,,,881.25,nvapi_measured
2026-10-05T20:33:07Z,37,52.0,,149.2,1860,9251,51,881.25,1 (Idle),,,,,881.25,nvapi_measured
2026-10-05T20:33:08Z,37,52.0,,148.0,1860,9251,51,881.25,1 (Idle),,,,,881.25,nvapi_measured
2026-10-05T20:33:09Z,37,52.0,,144.9,1860,9251,51,881.25,1 (Idle),,,,,881.25,nvapi_measured
2026-10-05T20:33:10Z,37,52.0,,148.0,1860,9251,46,881.25,1 (Idle),,,,,881.25,nvapi_measured
2026-10-05T20:33:11Z,37,52.0,,147.4,1860,9251,47,881.25,1 (Idle),,,,,881.25,nvapi_measured
2026-10-05T20:33:12Z,37,52.0,,147.7,1860,9251,47,881.25,1 (Idle),,,,,881.25,nvapi_measured
2026-10-05T20:33:13Z,37,52.0,,141.9,1860,9251,56,881.25,1 (Idle),,,,,881.25,nvapi_measured
2026-10-05T20:33:15Z,37,52.0,,142.2,1860,9251,50,881.25,1 (Idle),,,,,881.25,nvapi_measured
2026-10-05T20:33:16Z,37,52.0,,145.1,1860,9251,50,881.25,1 (Idle),,,,,881.25,nvapi_measured
2026-10-05T20:33:17Z,38,53.0,,147.7,1860,9251,56,881.25,1 (Idle),,,,,881.25,nvapi_measured
2026-10-05T20:33:18Z,37,52.0,,149.8,1860,9251,55,881.25,1 (Idle),,,,,881.25,nvapi_measured
2026-10-05T20:33:19Z,37,52.0,,145.9,1860,9251,55,881.25,1 (Idle),,,,,881.25,nvapi_measured
2026-10-05T20:33:20Z,37,52.0,,144.1,1860,9251,46,881.25,1 (Idle),,,,,881.25,nvapi_measured
2026-10-05T20:33:21Z,37,52.0,,145.5,1860,9251,55,881.25,1 (Idle),,,,,881.25,nvapi_measured
2026-10-05T20:33:22Z,37,52.0,,144.4,1860,9251,55,881.25,1 (Idle),,,,,881.25,nvapi_measured
2026-10-05T20:33:23Z,37,52.0,,141.7,1860,9251,46,881.25,1 (Idle),,,,,881.25,nvapi_measured
2026-10-05T20:33:24Z,37,52.0,,147.6,1860,9251,49,881.25,1 (Idle),,,,,881.25,nvapi_measured
2026-10-05T20:33:26Z,37,52.0,,146.3,1860,9251,49,881.25,1 (Idle),,,,,881.25,nvapi_measured
2026-10-05T20:33:27Z,37,52.0,,145.5,1860,9251,53,881.25,1 (Idle),,,,,881.25,nvapi_measured
2026-10-05T20:33:28Z,37,52.0,,148.2,1860,9251,55,881.25,1 (Idle),,,,,881.25,nvapi_measured
2026-10-05T20:33:29Z,37,52.0,,145.6,1860,9251,48,881.25,1 (Idle),,,,,881.25,nvapi_measured
2026-10-05T20:33:30Z,35,50.0,,93.7,1860,9501,0,881.25,1 (Idle),,,,,881.25,nvapi_measured
2026-10-05T20:33:33Z,33,48.0,,52.6,210,5001,0,881.25,1 (Idle),,,,,881.25,nvapi_measured
2026-10-05T20:33:34Z,34,49.0,,79.1,1905,9251,63,881.25,0,,,,,881.25,nvapi_measured
2026-10-05T20:33:36Z,38,53.0,,172.6,1905,9251,63,881.25,0,,,,,881.25,nvapi_measured
2026-10-05T20:33:37Z,38,53.0,,165.5,1905,9251,60,881.25,0,,,,,881.25,nvapi_measured
2026-10-05T20:33:38Z,38,53.0,,155.6,1905,9251,53,881.25,0,,,,,881.25,nvapi_measured
2026-10-05T20:33:39Z,37,52.0,,155.0,1905,9251,48,881.25,0,,,,,881.25,nvapi_measured
2026-10-05T20:33:40Z,38,53.0,,152.0,1905,9251,56,881.25,0,,,,,881.25,nvapi_measured
2026-10-05T20:33:41Z,37,52.0,,152.1,1905,9251,47,881.25,1 (Idle),,,,,881.25,nvapi_measured
2026-10-05T20:33:42Z,38,53.0,,149.8,1905,9251,51,881.25,1 (Idle),,,,,881.25,nvapi_measured
2026-10-05T20:33:43Z,37,52.0,,150.8,1905,9251,47,881.25,1 (Idle),,,,,881.25,nvapi_measured
2026-10-05T20:33:44Z,38,53.0,,149.7,1905,9251,56,881.25,1 (Idle),,,,,881.25,nvapi_measured
2026-10-05T20:33:45Z,38,53.0,,153.0,1905,9251,52,881.25,1 (Idle),,,,,881.25,nvapi_measured
2026-10-05T20:33:46Z,38,53.0,,151.6,1905,9251,52,881.25,1 (Idle),,,,,881.25,nvapi_measured
2026-10-05T20:33:48Z,38,53.0,,152.1,1905,9251,56,881.25,1 (Idle),,,,,881.25,nvapi_measured
2026-10-05T20:33:49Z,38,53.0,,150.9,1905,9251,51,881.25,1 (Idle),,,,,881.25,nvapi_measured
2026-10-05T20:33:50Z,38,53.0,,152.2,1905,9251,55,881.25,1 (Idle),,,,,881.25,nvapi_measured
2026-10-05T20:33:51Z,38,53.0,,151.1,1905,9251,55,881.25,1 (Idle),,,,,881.25,nvapi_measured
2026-10-05T20:33:52Z,38,53.0,,150.3,1905,9251,55,881.25,1 (Idle),,,,,881.25,nvapi_measured
2026-10-05T20:33:53Z,37,52.0,,148.3,1905,9251,47,881.25,1 (Idle),,,,,881.25,nvapi_measured
2026-10-05T20:33:54Z,38,53.0,,148.9,1905,9251,53,881.25,1 (Idle),,,,,881.25,nvapi_measured
2026-10-05T20:33:55Z,38,53.0,,152.7,1905,9251,51,881.25,1 (Idle),,,,,881.25,nvapi_measured
2026-10-05T20:33:56Z,38,53.0,,153.7,1905,9251,51,881.25,1 (Idle),,,,,881.25,nvapi_measured
2026-10-05T20:33:57Z,38,53.0,,153.9,1905,9251,51,881.25,1 (Idle),,,,,881.25,nvapi_measured
2026-10-05T20:33:58Z,38,53.0,,150.6,1905,9251,55,881.25,1 (Idle),,,,,881.25,nvapi_measured
2026-10-05T20:34:00Z,38,53.0,,150.1,1905,9251,52,881.25,1 (Idle),,,,,881.25,nvapi_measured
2026-10-05T20:34:01Z,37,52.0,,143.7,1905,9251,46,881.25,1 (Idle),,,,,881.25,nvapi_measured
2026-10-05T20:34:02Z,38,53.0,,147.6,1905,9251,54,881.25,1 (Idle),,,,,881.25,nvapi_measured
2026-10-05T20:34:03Z,38,53.0,,152.7,1905,9251,54,881.25,1 (Idle),,,,,881.25,nvapi_measured
2026-10-05T20:34:04Z,38,53.0,,151.1,1905,9251,54,881.25,1 (Idle),,,,,881.25,nvapi_measured
2026-10-05T20:34:05Z,37,52.0,,151.1,1905,9251,49,881.25,1 (Idle),,,,,881.25,nvapi_measured
2026-10-05T20:34:06Z,37,52.0,,147.5,1905,9251,49,881.25,1 (Idle),,,,,881.25,nvapi_measured
2026-10-05T20:34:07Z,37,52.0,,147.5,1905,9251,49,881.25,1 (Idle),,,,,881.25,nvapi_measured
2026-10-05T20:34:11Z,33,48.0,,52.7,225,5001,0,881.25,1 (Idle),,,,,881.25,nvapi_measured
2026-10-05T20:34:12Z,37,52.0,,92.3,1950,9251,71,881.25,0,,,,,881.25,nvapi_measured
2026-10-05T20:34:13Z,38,53.0,,181.7,1950,9251,65,881.25,0,,,,,881.25,nvapi_measured
2026-10-05T20:34:16Z,38,53.0,,167.1,1950,9251,57,881.25,0,,,,,881.25,nvapi_measured
2026-10-05T20:34:17Z,38,53.0,,161.4,1950,9251,52,881.25,0,,,,,881.25,nvapi_measured
2026-10-05T20:34:18Z,38,53.0,,157.6,1950,9251,51,881.25,0,,,,,881.25,nvapi_measured
2026-10-05T20:34:19Z,38,53.0,,156.4,1950,9251,51,881.25,1 (Idle),,,,,881.25,nvapi_measured
2026-10-05T20:34:20Z,38,53.0,,161.8,1950,9251,60,881.25,1 (Idle),,,,,881.25,nvapi_measured
2026-10-05T20:34:21Z,38,53.0,,159.5,1950,9251,60,881.25,1 (Idle),,,,,881.25,nvapi_measured
2026-10-05T20:34:22Z,38,53.0,,159.8,1950,9251,59,881.25,1 (Idle),,,,,881.25,nvapi_measured
2026-10-05T20:34:23Z,38,53.0,,160.5,1950,9251,54,881.25,1 (Idle),,,,,881.25,nvapi_measured
2026-10-05T20:34:24Z,38,53.0,,163.5,1950,9251,53,881.25,1 (Idle),,,,,881.25,nvapi_measured
2026-10-05T20:34:26Z,38,53.0,,158.4,1950,9251,55,881.25,1 (Idle),,,,,881.25,nvapi_measured
2026-10-05T20:34:27Z,38,53.0,,160.6,1950,9251,52,881.25,1 (Idle),,,,,881.25,nvapi_measured
2026-10-05T20:34:28Z,38,53.0,,157.2,1950,9251,47,881.25,1 (Idle),,,,,881.25,nvapi_measured
2026-10-05T20:34:29Z,38,53.0,,153.0,1950,9251,57,881.25,1 (Idle),,,,,881.25,nvapi_measured
2026-10-05T20:34:30Z,38,53.0,,157.1,1950,9251,47,881.25,1 (Idle),,,,,881.25,nvapi_measured
2026-10-05T20:34:31Z,38,53.0,,152.0,1950,9251,57,881.25,1 (Idle),,,,,881.25,nvapi_measured
2026-10-05T20:34:32Z,38,53.0,,157.3,1950,9251,47,881.25,1 (Idle),,,,,881.25,nvapi_measured
2026-10-05T20:34:33Z,38,53.0,,155.2,1950,9251,51,881.25,1 (Idle),,,,,881.25,nvapi_measured
2026-10-05T20:34:34Z,38,53.0,,157.7,1950,9251,51,881.25,1 (Idle),,,,,881.25,nvapi_measured
2026-10-05T20:34:35Z,38,53.0,,156.8,1950,9251,51,881.25,1 (Idle),,,,,881.25,nvapi_measured
2026-10-05T20:34:36Z,38,53.0,,155.4,1950,9251,51,881.25,1 (Idle),,,,,881.25,nvapi_measured
2026-10-05T20:34:38Z,38,53.0,,156.0,1950,9251,53,881.25,1 (Idle),,,,,881.25,nvapi_measured
2026-10-05T20:34:39Z,38,53.0,,149.3,1950,9251,47,881.25,1 (Idle),,,,,881.25,nvapi_measured
2026-10-05T20:34:40Z,38,53.0,,157.4,1950,9251,56,881.25,1 (Idle),,,,,881.25,nvapi_measured
2026-10-05T20:34:41Z,38,53.0,,158.9,1950,9251,55,881.25,1 (Idle),,,,,881.25,nvapi_measured
2026-10-05T20:34:42Z,38,53.0,,157.3,1950,9251,46,881.25,1 (Idle),,,,,881.25,nvapi_measured
2026-10-05T20:34:43Z,38,53.0,,151.9,1950,9251,50,881.25,1 (Idle),,,,,881.25,nvapi_measured
2026-10-05T20:34:44Z,38,53.0,,154.4,1950,9251,52,881.25,1 (Idle),,,,,881.25,nvapi_measured
2026-10-05T20:34:45Z,38,53.0,,155.8,1950,9251,55,881.25,1 (Idle),,,,,881.25,nvapi_measured
2026-10-05T20:34:46Z,38,53.0,,155.2,1950,9251,50,881.25,1 (Idle),,,,,881.25,nvapi_measured
2026-10-05T20:34:48Z,36,51.0,,101.4,1950,9501,0,881.25,1 (Idle),,,,,881.25,nvapi_measured
2026-10-05T20:34:51Z,33,48.0,,52.4,210,5001,0,881.25,1 (Idle),,,,,881.25,nvapi_measured
2026-10-05T20:34:52Z,37,52.0,,91.6,1995,9251,73,881.25,0,,,,,881.25,nvapi_measured
2026-10-05T20:34:53Z,39,54.0,,192.2,1995,9251,69,881.25,0,,,,,881.25,nvapi_measured
2026-10-05T20:34:54Z,39,54.0,,178.5,1995,9251,57,881.25,0,,,,,881.25,nvapi_measured
2026-10-05T20:34:55Z,39,54.0,,171.0,1995,9251,59,881.25,0,,,,,881.25,nvapi_measured
2026-10-05T20:34:56Z,38,53.0,,160.4,1995,9251,48,881.25,0,,,,,881.25,nvapi_measured
2026-10-05T20:34:57Z,38,53.0,,156.4,1995,9251,48,881.25,0,,,,,881.25,nvapi_measured
2026-10-05T20:34:58Z,38,53.0,,163.8,1995,9251,48,881.25,0,,,,,881.25,nvapi_measured
2026-10-05T20:34:59Z,38,53.0,,164.3,1995,9251,48,881.25,1 (Idle),,,,,881.25,nvapi_measured
2026-10-05T20:35:01Z,38,53.0,,165.2,1995,9251,54,881.25,1 (Idle),,,,,881.25,nvapi_measured
2026-10-05T20:35:02Z,38,53.0,,158.2,1995,9251,50,881.25,1 (Idle),,,,,881.25,nvapi_measured
2026-10-05T20:35:03Z,38,53.0,,161.5,1995,9251,54,881.25,1 (Idle),,,,,881.25,nvapi_measured
2026-10-05T20:35:04Z,38,53.0,,160.9,1995,9251,50,881.25,1 (Idle),,,,,881.25,nvapi_measured
2026-10-05T20:35:05Z,38,53.0,,161.1,1995,9251,55,881.25,1 (Idle),,,,,881.25,nvapi_measured
2026-10-05T20:35:06Z,38,53.0,,160.7,1995,9251,49,881.25,1 (Idle),,,,,881.25,nvapi_measured
2026-10-05T20:35:07Z,38,53.0,,160.2,1995,9251,55,881.25,1 (Idle),,,,,881.25,nvapi_measured
2026-10-05T20:35:08Z,38,53.0,,152.8,1995,9251,46,881.25,1 (Idle),,,,,881.25,nvapi_measured
2026-10-05T20:35:09Z,38,53.0,,159.3,1995,9251,46,881.25,1 (Idle),,,,,881.25,nvapi_measured
2026-10-05T20:35:10Z,38,53.0,,160.2,1995,9251,45,881.25,1 (Idle),,,,,881.25,nvapi_measured
2026-10-05T20:35:11Z,38,53.0,,157.3,1995,9251,50,881.25,1 (Idle),,,,,881.25,nvapi_measured
2026-10-05T20:35:13Z,38,53.0,,157.4,1995,9251,49,881.25,1 (Idle),,,,,881.25,nvapi_measured
2026-10-05T20:35:14Z,38,53.0,,161.1,1995,9251,49,881.25,1 (Idle),,,,,881.25,nvapi_measured
2026-10-05T20:35:15Z,38,53.0,,158.6,1995,9251,49,881.25,1 (Idle),,,,,881.25,nvapi_measured
2026-10-05T20:35:16Z,38,53.0,,156.3,1995,9251,49,881.25,1 (Idle),,,,,881.25,nvapi_measured
2026-10-05T20:35:17Z,38,53.0,,157.3,1995,9251,54,881.25,1 (Idle),,,,,881.25,nvapi_measured
2026-10-05T20:35:18Z,38,53.0,,157.9,1995,9251,46,881.25,1 (Idle),,,,,881.25,nvapi_measured
2026-10-05T20:35:19Z,38,53.0,,156.6,1995,9251,44,881.25,1 (Idle),,,,,881.25,nvapi_measured
2026-10-05T20:35:20Z,38,53.0,,155.3,1995,9251,54,881.25,1 (Idle),,,,,881.25,nvapi_measured
2026-10-05T20:35:21Z,38,53.0,,156.8,1995,9251,44,881.25,1 (Idle),,,,,881.25,nvapi_measured
2026-10-05T20:35:22Z,38,53.0,,159.2,1995,9251,48,881.25,1 (Idle),,,,,881.25,nvapi_measured
2026-10-05T20:35:24Z,38,53.0,,158.8,1995,9251,51,881.25,1 (Idle),,,,,881.25,nvapi_measured
2026-10-05T20:35:25Z,38,53.0,,159.1,1995,9251,54,881.25,1 (Idle),,,,,881.25,nvapi_measured
2026-10-05T20:35:26Z,35,50.0,,98.2,1995,9501,0,881.25,1 (Idle),,,,,881.25,nvapi_measured
2026-10-05T20:35:29Z,33,48.0,,52.5,210,5001,0,881.25,1 (Idle),,,,,881.25,nvapi_measured
2026-10-05T20:35:30Z,36,51.0,,89.6,2040,9251,48,881.25,0,,,,,881.25,nvapi_measured
2026-10-05T20:35:32Z,39,54.0,,191.3,2040,9251,68,881.25,0,,,,,881.25,nvapi_measured
2026-10-05T20:35:33Z,39,54.0,,184.5,2040,9251,61,881.25,0,,,,,881.25,nvapi_measured
2026-10-05T20:35:34Z,39,54.0,,168.7,2040,9251,57,881.25,0,,,,,881.25,nvapi_measured
2026-10-05T20:35:35Z,39,54.0,,171.2,2040,9251,60,881.25,0,,,,,881.25,nvapi_measured
2026-10-05T20:35:36Z,39,54.0,,166.7,2040,9251,59,881.25,0,,,,,881.25,nvapi_measured
2026-10-05T20:35:37Z,38,53.0,,164.7,2040,9251,49,881.25,1 (Idle),,,,,881.25,nvapi_measured
2026-10-05T20:35:38Z,38,53.0,,158.3,2040,9251,49,881.25,1 (Idle),,,,,881.25,nvapi_measured
2026-10-05T20:35:39Z,38,53.0,,164.0,2040,9251,55,881.25,1 (Idle),,,,,881.25,nvapi_measured
2026-10-05T20:35:40Z,39,54.0,,166.1,2040,9251,53,881.25,1 (Idle),,,,,881.25,nvapi_measured
2026-10-05T20:35:41Z,39,54.0,,162.8,2040,9251,54,881.25,1 (Idle),,,,,881.25,nvapi_measured
2026-10-05T20:35:42Z,39,54.0,,163.4,2040,9251,52,881.25,1 (Idle),,,,,881.25,nvapi_measured
2026-10-05T20:35:44Z,38,53.0,,161.2,2040,9251,53,881.25,1 (Idle),,,,,881.25,nvapi_measured
2026-10-05T20:35:45Z,38,53.0,,163.5,2040,9251,47,881.25,1 (Idle),,,,,881.25,nvapi_measured
2026-10-05T20:35:46Z,38,53.0,,159.2,2040,9251,46,881.25,1 (Idle),,,,,881.25,nvapi_measured
2026-10-05T20:35:47Z,39,54.0,,160.8,2040,9251,56,881.25,1 (Idle),,,,,881.25,nvapi_measured
2026-10-05T20:35:48Z,39,54.0,,162.0,2040,9251,55,881.25,1 (Idle),,,,,881.25,nvapi_measured
2026-10-05T20:35:49Z,38,53.0,,161.3,2040,9251,55,881.25,1 (Idle),,,,,881.25,nvapi_measured
2026-10-05T20:35:50Z,38,53.0,,159.4,2040,9251,53,881.25,1 (Idle),,,,,881.25,nvapi_measured
2026-10-05T20:35:51Z,38,53.0,,160.0,2040,9251,50,881.25,1 (Idle),,,,,881.25,nvapi_measured
2026-10-05T20:35:52Z,38,53.0,,159.2,2040,9251,50,881.25,1 (Idle),,,,,881.25,nvapi_measured
2026-10-05T20:35:53Z,38,53.0,,158.7,2040,9251,50,881.25,1 (Idle),,,,,881.25,nvapi_measured
2026-10-05T20:35:54Z,38,53.0,,159.8,2040,9251,50,881.25,1 (Idle),,,,,881.25,nvapi_measured
2026-10-05T20:35:56Z,38,53.0,,155.2,2040,9251,53,881.25,1 (Idle),,,,,881.25,nvapi_measured
2026-10-05T20:35:57Z,38,53.0,,155.6,2040,9251,44,881.25,1 (Idle),,,,,881.25,nvapi_measured
2026-10-05T20:35:58Z,38,53.0,,153.6,2040,9251,44,881.25,1 (Idle),,,,,881.25,nvapi_measured
2026-10-05T20:35:59Z,38,53.0,,154.0,2040,9251,44,881.25,1 (Idle),,,,,881.25,nvapi_measured
2026-10-05T20:36:00Z,38,53.0,,152.1,2040,9251,45,881.25,1 (Idle),,,,,881.25,nvapi_measured
2026-10-05T20:36:01Z,36,51.0,,126.8,2040,9501,0,881.25,1 (Idle),,,,,881.25,nvapi_measured
2026-10-05T20:36:04Z,33,48.0,,52.7,240,5001,0,881.25,1 (Idle),,,,,881.25,nvapi_measured
2026-10-05T20:36:05Z,38,53.0,,99.1,2085,9251,74,881.25,0,,,,,881.25,nvapi_measured
2026-10-05T20:36:06Z,39,54.0,,188.0,2085,9251,65,881.25,0,,,,,881.25,nvapi_measured
2026-10-05T20:36:07Z,39,54.0,,177.1,2085,9251,60,881.25,0,,,,,881.25,nvapi_measured
2026-10-05T20:36:09Z,39,54.0,,171.7,2085,9251,58,881.25,0,,,,,881.25,nvapi_measured
2026-10-05T20:36:10Z,39,54.0,,170.3,2085,9251,57,881.25,0,,,,,881.25,nvapi_measured
2026-10-05T20:36:11Z,39,54.0,,171.3,2085,9251,60,881.25,0,,,,,881.25,nvapi_measured
2026-10-05T20:36:12Z,39,54.0,,173.4,2085,9251,59,881.25,1 (Idle),,,,,881.25,nvapi_measured
2026-10-05T20:36:13Z,39,54.0,,166.0,2085,9251,49,881.25,1 (Idle),,,,,881.25,nvapi_measured
2026-10-05T20:36:14Z,39,54.0,,163.7,2085,9251,58,881.25,1 (Idle),,,,,881.25,nvapi_measured
2026-10-05T20:36:15Z,39,54.0,,167.2,2085,9251,52,881.25,1 (Idle),,,,,881.25,nvapi_measured
2026-10-05T20:36:16Z,39,54.0,,168.1,2085,9251,55,881.25,1 (Idle),,,,,881.25,nvapi_measured
2026-10-05T20:36:17Z,39,54.0,,162.3,2085,9251,53,881.25,1 (Idle),,,,,881.25,nvapi_measured
2026-10-05T20:36:18Z,39,54.0,,161.8,2085,9251,51,881.25,1 (Idle),,,,,881.25,nvapi_measured
2026-10-05T20:36:19Z,39,54.0,,161.6,2085,9251,52,881.25,1 (Idle),,,,,881.25,nvapi_measured
2026-10-05T20:36:21Z,38,53.0,,156.0,2085,9251,48,881.25,1 (Idle),,,,,881.25,nvapi_measured
2026-10-05T20:36:22Z,39,54.0,,166.3,2085,9251,54,881.25,1 (Idle),,,,,881.25,nvapi_measured
2026-10-05T20:36:23Z,38,53.0,,154.9,2085,9251,47,881.25,1 (Idle),,,,,881.25,nvapi_measured
2026-10-05T20:36:24Z,38,53.0,,155.4,2085,9251,47,881.25,1 (Idle),,,,,881.25,nvapi_measured
2026-10-05T20:36:25Z,38,53.0,,155.4,2085,9251,47,881.25,1 (Idle),,,,,881.25,nvapi_measured
2026-10-05T20:36:26Z,39,54.0,,161.2,2085,9251,57,881.25,1 (Idle),,,,,881.25,nvapi_measured
2026-10-05T20:36:27Z,39,54.0,,165.2,2085,9251,51,881.25,1 (Idle),,,,,881.25,nvapi_measured
2026-10-05T20:36:28Z,36,51.0,,99.8,2085,9251,100,881.25,1 (Idle),,,,,881.25,nvapi_measured
2026-10-05T20:36:29Z,36,51.0,,98.5,2085,9251,100,881.25,1 (Idle),,,,,881.25,nvapi_measured
2026-10-05T20:36:30Z,36,51.0,,98.5,2085,9251,100,881.25,1 (Idle),,,,,881.25,nvapi_measured
2026-10-05T20:36:31Z,36,51.0,,98.4,2085,9251,100,881.25,1 (Idle),,,,,881.25,nvapi_measured
2026-10-05T20:36:32Z,35,50.0,,98.4,2085,9251,100,881.25,1 (Idle),,,,,881.25,nvapi_measured
2026-10-05T20:36:34Z,35,50.0,,98.5,2085,9251,100,881.25,1 (Idle),,,,,881.25,nvapi_measured
2026-10-05T20:36:35Z,35,50.0,,98.4,2085,9251,100,881.25,1 (Idle),,,,,881.25,nvapi_measured
2026-10-05T20:36:36Z,35,50.0,,98.4,2085,9251,100,881.25,1 (Idle),,,,,881.25,nvapi_measured
2026-10-05T20:36:37Z,35,50.0,,98.4,2085,9251,100,881.25,1 (Idle),,,,,881.25,nvapi_measured
2026-10-05T20:36:38Z,35,50.0,,98.4,2085,9251,100,881.25,1 (Idle),,,,,881.25,nvapi_measured
2026-10-05T20:36:39Z,35,50.0,,98.5,2085,9251,100,881.25,1 (Idle),,,,,881.25,nvapi_measured
2026-10-05T20:36:40Z,35,50.0,,98.5,2085,9251,100,881.25,1 (Idle),,,,,881.25,nvapi_measured
2026-10-05T20:36:41Z,35,50.0,,98.5,2085,9251,100,881.25,1 (Idle),,,,,881.25,nvapi_measured
2026-10-05T20:36:43Z,35,50.0,,98.8,2085,9251,100,881.25,1 (Idle),,,,,881.25,nvapi_measured
2026-10-05T20:36:44Z,35,50.0,,99.2,2085,9501,0,881.25,1 (Idle),,,,,881.25,nvapi_measured
2026-10-05T20:36:48Z,32,47.0,,36.5,270,405,0,881.25,1 (Idle),,,,,881.25,nvapi_measured
2026-10-05T20:36:51Z,35,50.0,,99.2,2055,9501,100,881,1 (Idle),,,,,,curve_estimate
2026-10-05T20:53:38Z,26,41.0,,10.9,210,405,0,881.25,1 (Idle),,,,,881.25,nvapi_measured
2026-10-05T20:53:39Z,29,44.0,,49.6,1770,9501,0,881.25,1 (Idle),,,,,881.25,nvapi_measured
2026-10-05T20:53:40Z,29,44.0,,83.0,1770,9501,0,881.25,1 (Idle),,,,,881.25,nvapi_measured
2026-10-05T20:53:41Z,30,45.0,,83.0,1770,9251,0,881.25,0,,,,,881.25,nvapi_measured
2026-10-05T20:53:43Z,33,48.0,,169.5,1770,9251,68,881.25,0,,,,,881.25,nvapi_measured
2026-10-05T20:53:44Z,33,48.0,,159.0,1770,9251,62,881.25,0,,,,,881.25,nvapi_measured
2026-10-05T20:53:45Z,33,48.0,,153.8,1770,9251,57,881.25,0,,,,,881.25,nvapi_measured
2026-10-05T20:53:46Z,33,48.0,,147.3,1770,9251,50,881.25,0,,,,,881.25,nvapi_measured
2026-10-05T20:53:47Z,33,48.0,,140.4,1770,9251,49,881.25,0,,,,,881.25,nvapi_measured
2026-10-05T20:53:48Z,33,48.0,,136.5,1770,9251,50,881.25,1 (Idle),,,,,881.25,nvapi_measured
2026-10-05T20:53:49Z,33,48.0,,138.5,1770,9251,57,881.25,1 (Idle),,,,,881.25,nvapi_measured
2026-10-05T20:53:50Z,33,48.0,,144.1,1770,9251,56,881.25,1 (Idle),,,,,881.25,nvapi_measured
2026-10-05T20:53:51Z,33,48.0,,144.2,1770,9251,56,881.25,1 (Idle),,,,,881.25,nvapi_measured
2026-10-05T20:53:52Z,33,48.0,,139.5,1770,9251,51,881.25,1 (Idle),,,,,881.25,nvapi_measured
2026-10-05T20:53:53Z,33,48.0,,139.1,1770,9251,51,881.25,1 (Idle),,,,,881.25,nvapi_measured
2026-10-05T20:53:55Z,33,48.0,,142.2,1770,9251,56,881.25,1 (Idle),,,,,881.25,nvapi_measured
2026-10-05T20:53:56Z,33,48.0,,138.9,1770,9251,51,881.25,1 (Idle),,,,,881.25,nvapi_measured
2026-10-05T20:53:57Z,33,48.0,,136.6,1770,9251,55,881.25,1 (Idle),,,,,881.25,nvapi_measured
2026-10-05T20:53:58Z,33,48.0,,134.6,1770,9251,47,881.25,1 (Idle),,,,,881.25,nvapi_measured
2026-10-05T20:53:59Z,33,48.0,,133.7,1770,9251,47,881.25,1 (Idle),,,,,881.25,nvapi_measured
2026-10-05T20:54:00Z,33,48.0,,134.9,1770,9251,48,881.25,1 (Idle),,,,,881.25,nvapi_measured
2026-10-05T20:54:01Z,33,48.0,,144.1,1770,9251,55,881.25,1 (Idle),,,,,881.25,nvapi_measured
2026-10-05T20:54:02Z,33,48.0,,141.2,1770,9251,50,881.25,1 (Idle),,,,,881.25,nvapi_measured
2026-10-05T20:54:03Z,33,48.0,,139.6,1770,9251,56,881.25,1 (Idle),,,,,881.25,nvapi_measured
2026-10-05T20:54:04Z,33,48.0,,142.0,1770,9251,50,881.25,1 (Idle),,,,,881.25,nvapi_measured
2026-10-05T20:54:05Z,33,48.0,,137.5,1770,9251,50,881.25,1 (Idle),,,,,881.25,nvapi_measured
2026-10-05T20:54:07Z,33,48.0,,135.9,1770,9251,46,881.25,1 (Idle),,,,,881.25,nvapi_measured
2026-10-05T20:54:08Z,33,48.0,,132.7,1770,9251,46,881.25,1 (Idle),,,,,881.25,nvapi_measured
2026-10-05T20:54:09Z,33,48.0,,138.7,1770,9251,46,881.25,1 (Idle),,,,,881.25,nvapi_measured
2026-10-05T20:54:10Z,33,48.0,,139.5,1770,9251,46,881.25,1 (Idle),,,,,881.25,nvapi_measured
2026-10-05T20:54:11Z,33,48.0,,137.8,1770,9251,48,881.25,1 (Idle),,,,,881.25,nvapi_measured
2026-10-05T20:54:12Z,33,48.0,,136.7,1770,9251,56,881.25,1 (Idle),,,,,881.25,nvapi_measured
2026-10-05T20:54:13Z,33,48.0,,139.9,1770,9251,46,881.25,1 (Idle),,,,,881.25,nvapi_measured
2026-10-05T20:54:14Z,33,48.0,,137.9,1770,9251,50,881.25,1 (Idle),,,,,881.25,nvapi_measured
2026-10-05T20:54:15Z,33,48.0,,137.9,1770,9251,50,881.25,1 (Idle),,,,,881.25,nvapi_measured
2026-10-05T20:54:17Z,31,46.0,,115.7,1770,9501,0,881.25,1 (Idle),,,,,881.25,nvapi_measured
2026-10-05T20:54:20Z,29,44.0,,51.7,225,5001,0,881.25,1 (Idle),,,,,881.25,nvapi_measured
2026-10-05T20:54:21Z,33,48.0,,81.3,1815,9251,73,881.25,0,,,,,881.25,nvapi_measured
2026-10-05T20:54:22Z,34,49.0,,166.3,1815,9251,63,881.25,0,,,,,881.25,nvapi_measured
2026-10-05T20:54:23Z,34,49.0,,156.1,1815,9251,58,881.25,0,,,,,881.25,nvapi_measured
2026-10-05T20:54:24Z,34,49.0,,152.0,1815,9251,61,881.25,0,,,,,881.25,nvapi_measured
2026-10-05T20:54:25Z,34,49.0,,146.4,1815,9251,57,881.25,0,,,,,881.25,nvapi_measured
2026-10-05T20:54:26Z,34,49.0,,147.0,1815,9251,57,881.25,0,,,,,881.25,nvapi_measured
2026-10-05T20:54:27Z,34,49.0,,145.2,1815,9251,56,881.25,0,,,,,881.25,nvapi_measured
2026-10-05T20:54:28Z,34,49.0,,143.8,1815,9251,55,881.25,1 (Idle),,,,,881.25,nvapi_measured
2026-10-05T20:54:29Z,34,49.0,,141.8,1815,9251,50,881.25,1 (Idle),,,,,881.25,nvapi_measured
2026-10-05T20:54:31Z,34,49.0,,143.7,1815,9251,51,881.25,1 (Idle),,,,,881.25,nvapi_measured
2026-10-05T20:54:32Z,34,49.0,,140.6,1815,9251,51,881.25,1 (Idle),,,,,881.25,nvapi_measured
2026-10-05T20:54:33Z,34,49.0,,143.4,1815,9251,51,881.25,1 (Idle),,,,,881.25,nvapi_measured
2026-10-05T20:54:34Z,34,49.0,,140.4,1815,9251,51,881.25,1 (Idle),,,,,881.25,nvapi_measured
2026-10-05T20:54:35Z,34,49.0,,140.8,1815,9251,54,881.25,1 (Idle),,,,,881.25,nvapi_measured
2026-10-05T20:54:36Z,34,49.0,,135.8,1815,9251,46,881.25,1 (Idle),,,,,881.25,nvapi_measured
2026-10-05T20:54:37Z,34,49.0,,135.8,1815,9251,47,881.25,1 (Idle),,,,,881.25,nvapi_measured
2026-10-05T20:54:38Z,34,49.0,,138.8,1815,9251,55,881.25,1 (Idle),,,,,881.25,nvapi_measured
2026-10-05T20:54:39Z,34,49.0,,143.4,1815,9251,55,881.25,1 (Idle),,,,,881.25,nvapi_measured
2026-10-05T20:54:40Z,34,49.0,,140.1,1815,9251,50,881.25,1 (Idle),,,,,881.25,nvapi_measured
2026-10-05T20:54:41Z,34,49.0,,141.0,1815,9251,50,881.25,1 (Idle),,,,,881.25,nvapi_measured
2026-10-05T20:54:43Z,34,49.0,,142.2,1815,9251,50,881.25,1 (Idle),,,,,881.25,nvapi_measured
2026-10-05T20:54:44Z,34,49.0,,139.9,1815,9251,50,881.25,1 (Idle),,,,,881.25,nvapi_measured
2026-10-05T20:54:45Z,34,49.0,,142.0,1815,9251,50,881.25,1 (Idle),,,,,881.25,nvapi_measured
2026-10-05T20:54:46Z,34,49.0,,140.0,1815,9251,53,881.25,1 (Idle),,,,,881.25,nvapi_measured
2026-10-05T20:54:47Z,34,49.0,,136.3,1815,9251,53,881.25,1 (Idle),,,,,881.25,nvapi_measured
2026-10-05T20:54:48Z,34,49.0,,139.9,1815,9251,53,881.25,1 (Idle),,,,,881.25,nvapi_measured
2026-10-05T20:54:49Z,34,49.0,,136.1,1815,9251,45,881.25,1 (Idle),,,,,881.25,nvapi_measured
2026-10-05T20:54:50Z,34,49.0,,135.4,1815,9251,46,881.25,1 (Idle),,,,,881.25,nvapi_measured
2026-10-05T20:54:51Z,34,49.0,,136.9,1815,9251,50,881.25,1 (Idle),,,,,881.25,nvapi_measured
2026-10-05T20:54:52Z,34,49.0,,140.0,1815,9251,50,881.25,1 (Idle),,,,,881.25,nvapi_measured
2026-10-05T20:54:53Z,34,49.0,,139.8,1815,9251,53,881.25,1 (Idle),,,,,881.25,nvapi_measured
2026-10-05T20:54:55Z,32,47.0,,119.3,1815,9501,0,881.25,1 (Idle),,,,,881.25,nvapi_measured
2026-10-05T20:54:58Z,30,45.0,,52.1,210,5001,0,881.25,1 (Idle),,,,,881.25,nvapi_measured
2026-10-05T20:54:59Z,34,49.0,,82.4,1860,9251,73,881.25,0,,,,,881.25,nvapi_measured
2026-10-05T20:55:00Z,35,50.0,,170.6,1845,9251,63,881.25,0,,,,,881.25,nvapi_measured
2026-10-05T20:55:01Z,35,50.0,,158.5,1845,9251,59,881.25,0,,,,,881.25,nvapi_measured
2026-10-05T20:55:03Z,35,50.0,,158.1,1845,9251,63,881.25,0,,,,,881.25,nvapi_measured
2026-10-05T20:55:04Z,35,50.0,,152.2,1845,9251,51,881.25,0,,,,,881.25,nvapi_measured
2026-10-05T20:55:05Z,35,50.0,,148.5,1845,9251,60,881.25,0,,,,,881.25,nvapi_measured
2026-10-05T20:55:06Z,35,50.0,,149.1,1845,9251,50,881.25,1 (Idle),,,,,881.25,nvapi_measured
2026-10-05T20:55:07Z,35,50.0,,146.9,1845,9251,59,881.25,1 (Idle),,,,,881.25,nvapi_measured
2026-10-05T20:55:08Z,35,50.0,,149.3,1845,9251,53,881.25,1 (Idle),,,,,881.25,nvapi_measured
2026-10-05T20:55:09Z,35,50.0,,151.1,1845,9251,53,881.25,1 (Idle),,,,,881.25,nvapi_measured
2026-10-05T20:55:10Z,35,50.0,,147.6,1845,9251,52,881.25,1 (Idle),,,,,881.25,nvapi_measured
2026-10-05T20:55:11Z,35,50.0,,147.5,1845,9251,52,881.25,1 (Idle),,,,,881.25,nvapi_measured
2026-10-05T20:55:12Z,35,50.0,,146.3,1845,9251,51,881.25,1 (Idle),,,,,881.25,nvapi_measured
2026-10-05T20:55:13Z,35,50.0,,147.0,1845,9251,52,881.25,1 (Idle),,,,,881.25,nvapi_measured
2026-10-05T20:55:14Z,35,50.0,,143.6,1845,9251,47,881.25,1 (Idle),,,,,881.25,nvapi_measured
2026-10-05T20:55:16Z,35,50.0,,145.0,1845,9251,47,881.25,1 (Idle),,,,,881.25,nvapi_measured
2026-10-05T20:55:17Z,35,50.0,,144.7,1845,9251,47,881.25,1 (Idle),,,,,881.25,nvapi_measured
2026-10-05T20:55:18Z,35,50.0,,141.9,1845,9251,56,881.25,1 (Idle),,,,,881.25,nvapi_measured
2026-10-05T20:55:19Z,35,50.0,,143.0,1845,9251,56,881.25,1 (Idle),,,,,881.25,nvapi_measured
2026-10-05T20:55:20Z,35,50.0,,147.6,1845,9251,53,881.25,1 (Idle),,,,,881.25,nvapi_measured
2026-10-05T20:55:21Z,35,50.0,,144.6,1845,9251,51,881.25,1 (Idle),,,,,881.25,nvapi_measured
2026-10-05T20:55:22Z,35,50.0,,146.8,1845,9251,50,881.25,1 (Idle),,,,,881.25,nvapi_measured
2026-10-05T20:55:23Z,35,50.0,,146.9,1845,9251,55,881.25,1 (Idle),,,,,881.25,nvapi_measured
2026-10-05T20:55:24Z,35,50.0,,143.1,1845,9251,46,881.25,1 (Idle),,,,,881.25,nvapi_measured
2026-10-05T20:55:25Z,35,50.0,,138.3,1845,9251,53,881.25,1 (Idle),,,,,881.25,nvapi_measured
2026-10-05T20:55:26Z,35,50.0,,148.1,1845,9251,55,881.25,1 (Idle),,,,,881.25,nvapi_measured
2026-10-05T20:55:28Z,35,50.0,,142.3,1845,9251,45,881.25,1 (Idle),,,,,881.25,nvapi_measured
2026-10-05T20:55:29Z,35,50.0,,146.0,1845,9251,55,881.25,1 (Idle),,,,,881.25,nvapi_measured
2026-10-05T20:55:30Z,35,50.0,,140.7,1845,9251,55,881.25,1 (Idle),,,,,881.25,nvapi_measured
2026-10-05T20:55:31Z,35,50.0,,142.9,1845,9251,50,881.25,1 (Idle),,,,,881.25,nvapi_measured
2026-10-05T20:55:32Z,35,50.0,,141.7,1845,9251,50,881.25,1 (Idle),,,,,881.25,nvapi_measured
2026-10-05T20:55:33Z,35,50.0,,143.8,1845,9251,49,881.25,1 (Idle),,,,,881.25,nvapi_measured
2026-10-05T20:55:35Z,33,48.0,,119.5,1845,9501,0,881.25,1 (Idle),,,,,881.25,nvapi_measured
2026-10-05T20:55:38Z,31,46.0,,52.1,210,5001,0,881.25,1 (Idle),,,,,881.25,nvapi_measured
2026-10-05T20:55:39Z,34,49.0,,90.4,1905,9251,69,881.25,0,,,,,881.25,nvapi_measured
2026-10-05T20:55:40Z,36,51.0,,174.8,1905,9251,64,881.25,0,,,,,881.25,nvapi_measured
2026-10-05T20:55:41Z,36,51.0,,167.2,1905,9251,62,881.25,0,,,,,881.25,nvapi_measured
2026-10-05T20:55:42Z,36,51.0,,158.0,1905,9251,58,881.25,0,,,,,881.25,nvapi_measured
2026-10-05T20:55:43Z,36,51.0,,153.9,1905,9251,58,881.25,0,,,,,881.25,nvapi_measured
2026-10-05T20:55:44Z,36,51.0,,155.4,1905,9251,57,881.25,0,,,,,881.25,nvapi_measured
2026-10-05T20:55:45Z,36,51.0,,153.7,1905,9251,57,881.25,1 (Idle),,,,,881.25,nvapi_measured
2026-10-05T20:55:46Z,35,50.0,,150.8,1905,9251,47,881.25,1 (Idle),,,,,881.25,nvapi_measured
2026-10-05T20:55:47Z,35,50.0,,143.7,1905,9251,47,881.25,1 (Idle),,,,,881.25,nvapi_measured
2026-10-05T20:55:49Z,36,51.0,,150.8,1905,9251,50,881.25,1 (Idle),,,,,881.25,nvapi_measured
2026-10-05T20:55:50Z,36,51.0,,150.1,1905,9251,51,881.25,1 (Idle),,,,,881.25,nvapi_measured
2026-10-05T20:55:51Z,36,51.0,,150.1,1905,9251,56,881.25,1 (Idle),,,,,881.25,nvapi_measured
2026-10-05T20:55:52Z,36,51.0,,150.5,1905,9251,56,881.25,1 (Idle),,,,,881.25,nvapi_measured
2026-10-05T20:55:53Z,36,51.0,,152.1,1905,9251,51,881.25,1 (Idle),,,,,881.25,nvapi_measured
2026-10-05T20:55:54Z,36,51.0,,149.6,1905,9251,55,881.25,1 (Idle),,,,,881.25,nvapi_measured
2026-10-05T20:55:55Z,36,51.0,,150.4,1905,9251,55,881.25,1 (Idle),,,,,881.25,nvapi_measured
2026-10-05T20:55:56Z,35,50.0,,149.0,1905,9251,45,881.25,1 (Idle),,,,,881.25,nvapi_measured
2026-10-05T20:55:57Z,35,50.0,,141.7,1905,9251,45,881.25,1 (Idle),,,,,881.25,nvapi_measured
2026-10-05T20:55:58Z,36,51.0,,143.5,1905,9251,55,881.25,1 (Idle),,,,,881.25,nvapi_measured
2026-10-05T20:55:59Z,36,51.0,,151.0,1905,9251,49,881.25,1 (Idle),,,,,881.25,nvapi_measured
2026-10-05T20:56:01Z,36,51.0,,146.9,1905,9251,49,881.25,1 (Idle),,,,,881.25,nvapi_measured
2026-10-05T20:56:02Z,36,51.0,,148.5,1905,9251,55,881.25,1 (Idle),,,,,881.25,nvapi_measured
2026-10-05T20:56:03Z,36,51.0,,147.9,1905,9251,49,881.25,1 (Idle),,,,,881.25,nvapi_measured
2026-10-05T20:56:04Z,36,51.0,,148.3,1905,9251,45,881.25,1 (Idle),,,,,881.25,nvapi_measured
2026-10-05T20:56:05Z,36,51.0,,144.3,1905,9251,45,881.25,1 (Idle),,,,,881.25,nvapi_measured
2026-10-05T20:56:06Z,36,51.0,,149.0,1905,9251,45,881.25,1 (Idle),,,,,881.25,nvapi_measured
2026-10-05T20:56:07Z,36,51.0,,145.8,1905,9251,55,881.25,1 (Idle),,,,,881.25,nvapi_measured
2026-10-05T20:56:08Z,36,51.0,,151.2,1905,9251,55,881.25,1 (Idle),,,,,881.25,nvapi_measured
2026-10-05T20:56:09Z,36,51.0,,149.5,1905,9251,54,881.25,1 (Idle),,,,,881.25,nvapi_measured
2026-10-05T20:56:10Z,36,51.0,,150.3,1905,9251,49,881.25,1 (Idle),,,,,881.25,nvapi_measured
2026-10-05T20:56:12Z,34,49.0,,124.4,1905,9501,0,881.25,1 (Idle),,,,,881.25,nvapi_measured
2026-10-05T20:56:15Z,31,46.0,,52.4,210,5001,0,881.25,1 (Idle),,,,,881.25,nvapi_measured
2026-10-05T20:56:16Z,35,50.0,,84.0,1950,9251,73,881.25,0,,,,,881.25,nvapi_measured
2026-10-05T20:56:17Z,36,51.0,,179.5,1950,9251,64,881.25,0,,,,,881.25,nvapi_measured
2026-10-05T20:56:18Z,36,51.0,,169.7,1950,9251,59,881.25,0,,,,,881.25,nvapi_measured
2026-10-05T20:56:19Z,37,52.0,,167.3,1950,9251,63,881.25,0,,,,,881.25,nvapi_measured
2026-10-05T20:56:21Z,36,51.0,,159.7,1950,9251,51,881.25,0,,,,,881.25,nvapi_measured
2026-10-05T20:56:22Z,36,51.0,,160.5,1950,9251,51,881.25,0,,,,,881.25,nvapi_measured
2026-10-05T20:56:23Z,36,51.0,,160.6,1950,9251,50,881.25,1 (Idle),,,,,881.25,nvapi_measured
2026-10-05T20:56:24Z,36,51.0,,159.5,1950,9251,50,881.25,1 (Idle),,,,,881.25,nvapi_measured
2026-10-05T20:56:25Z,36,51.0,,158.9,1950,9251,57,881.25,1 (Idle),,,,,881.25,nvapi_measured
2026-10-05T20:56:26Z,36,51.0,,159.6,1950,9251,52,881.25,1 (Idle),,,,,881.25,nvapi_measured
2026-10-05T20:56:27Z,36,51.0,,156.2,1950,9251,52,881.25,1 (Idle),,,,,881.25,nvapi_measured
2026-10-05T20:56:28Z,36,51.0,,156.6,1950,9251,52,881.25,1 (Idle),,,,,881.25,nvapi_measured
2026-10-05T20:56:29Z,36,51.0,,156.3,1950,9251,52,881.25,1 (Idle),,,,,881.25,nvapi_measured
2026-10-05T20:56:30Z,37,52.0,,157.2,1950,9251,56,881.25,1 (Idle),,,,,881.25,nvapi_measured
2026-10-05T20:56:32Z,36,51.0,,156.0,1950,9251,53,881.25,1 (Idle),,,,,881.25,nvapi_measured
2026-10-05T20:56:33Z,36,51.0,,151.5,1950,9251,48,881.25,1 (Idle),,,,,881.25,nvapi_measured
2026-10-05T20:56:34Z,36,51.0,,155.1,1950,9251,47,881.25,1 (Idle),,,,,881.25,nvapi_measured
2026-10-05T20:56:35Z,36,51.0,,152.9,1950,9251,56,881.25,1 (Idle),,,,,881.25,nvapi_measured
2026-10-05T20:56:36Z,36,51.0,,155.8,1950,9251,51,881.25,1 (Idle),,,,,881.25,nvapi_measured
2026-10-05T20:56:37Z,37,52.0,,156.9,1950,9251,51,881.25,1 (Idle),,,,,881.25,nvapi_measured
2026-10-05T20:56:38Z,36,51.0,,154.5,1950,9251,55,881.25,1 (Idle),,,,,881.25,nvapi_measured
2026-10-05T20:56:39Z,37,52.0,,158.7,1950,9251,56,881.25,1 (Idle),,,,,881.25,nvapi_measured
2026-10-05T20:56:40Z,36,51.0,,155.7,1950,9251,50,881.25,1 (Idle),,,,,881.25,nvapi_measured
2026-10-05T20:56:41Z,36,51.0,,154.2,1950,9251,54,881.25,1 (Idle),,,,,881.25,nvapi_measured
2026-10-05T20:56:42Z,36,51.0,,154.0,1950,9251,53,881.25,1 (Idle),,,,,881.25,nvapi_measured
2026-10-05T20:56:44Z,36,51.0,,147.8,1950,9251,49,881.25,1 (Idle),,,,,881.25,nvapi_measured
2026-10-05T20:56:45Z,36,51.0,,151.1,1950,9251,54,881.25,1 (Idle),,,,,881.25,nvapi_measured
2026-10-05T20:56:46Z,36,51.0,,147.8,1950,9251,46,881.25,1 (Idle),,,,,881.25,nvapi_measured
2026-10-05T20:56:47Z,36,51.0,,148.3,1950,9251,50,881.25,1 (Idle),,,,,881.25,nvapi_measured
2026-10-05T20:56:48Z,36,51.0,,152.3,1950,9251,50,881.25,1 (Idle),,,,,881.25,nvapi_measured
2026-10-05T20:56:49Z,36,51.0,,153.2,1950,9251,50,881.25,1 (Idle),,,,,881.25,nvapi_measured
2026-10-05T20:56:50Z,36,51.0,,149.4,1950,9251,50,881.25,1 (Idle),,,,,881.25,nvapi_measured
2026-10-05T20:56:52Z,34,49.0,,124.1,1950,9501,0,881.25,1 (Idle),,,,,881.25,nvapi_measured
2026-10-05T20:56:55Z,32,47.0,,52.6,210,5001,0,881.25,1 (Idle),,,,,881.25,nvapi_measured
2026-10-05T20:56:56Z,36,51.0,,95.2,1995,9251,75,881.25,0,,,,,881.25,nvapi_measured
2026-10-05T20:56:57Z,37,52.0,,187.7,1995,9251,65,881.25,0,,,,,881.25,nvapi_measured
2026-10-05T20:56:58Z,37,52.0,,177.4,1995,9251,60,881.25,0,,,,,881.25,nvapi_measured
2026-10-05T20:56:59Z,37,52.0,,174.3,1995,9251,57,881.25,0,,,,,881.25,nvapi_measured
2026-10-05T20:57:00Z,37,52.0,,165.0,1995,9251,51,881.25,0,,,,,881.25,nvapi_measured
2026-10-05T20:57:01Z,37,52.0,,161.0,1995,9251,51,881.25,0,,,,,881.25,nvapi_measured
2026-10-05T20:57:02Z,37,52.0,,167.0,1995,9251,58,881.25,1 (Idle),,,,,881.25,nvapi_measured
2026-10-05T20:57:03Z,37,52.0,,167.9,1995,9251,58,881.25,1 (Idle),,,,,881.25,nvapi_measured
2026-10-05T20:57:04Z,37,52.0,,164.4,1995,9251,49,881.25,1 (Idle),,,,,881.25,nvapi_measured
2026-10-05T20:57:05Z,37,52.0,,159.4,1995,9251,51,881.25,1 (Idle),,,,,881.25,nvapi_measured
2026-10-05T20:57:07Z,37,52.0,,162.0,1995,9251,52,881.25,1 (Idle),,,,,881.25,nvapi_measured
2026-10-05T20:57:08Z,37,52.0,,162.0,1995,9251,52,881.25,1 (Idle),,,,,881.25,nvapi_measured
2026-10-05T20:57:09Z,37,52.0,,164.2,1995,9251,58,881.25,1 (Idle),,,,,881.25,nvapi_measured
2026-10-05T20:57:10Z,37,52.0,,164.1,1995,9251,52,881.25,1 (Idle),,,,,881.25,nvapi_measured
2026-10-05T20:57:11Z,37,52.0,,157.8,1995,9251,56,881.25,1 (Idle),,,,,881.25,nvapi_measured
2026-10-05T20:57:12Z,37,52.0,,155.5,1995,9251,48,881.25,1 (Idle),,,,,881.25,nvapi_measured
2026-10-05T20:57:13Z,37,52.0,,155.1,1995,9251,48,881.25,1 (Idle),,,,,881.25,nvapi_measured
2026-10-05T20:57:14Z,37,52.0,,156.1,1995,9251,48,881.25,1 (Idle),,,,,881.25,nvapi_measured
2026-10-05T20:57:15Z,37,52.0,,157.7,1995,9251,56,881.25,1 (Idle),,,,,881.25,nvapi_measured
2026-10-05T20:57:16Z,37,52.0,,161.7,1995,9251,57,881.25,1 (Idle),,,,,881.25,nvapi_measured
2026-10-05T20:57:17Z,37,52.0,,163.0,1995,9251,52,881.25,1 (Idle),,,,,881.25,nvapi_measured
2026-10-05T20:57:19Z,37,52.0,,161.0,1995,9251,51,881.25,1 (Idle),,,,,881.25,nvapi_measured
2026-10-05T20:57:20Z,37,52.0,,161.5,1995,9251,51,881.25,1 (Idle),,,,,881.25,nvapi_measured
2026-10-05T20:57:21Z,37,52.0,,162.1,1995,9251,51,881.25,1 (Idle),,,,,881.25,nvapi_measured
2026-10-05T20:57:22Z,37,52.0,,162.1,1995,9251,54,881.25,1 (Idle),,,,,881.25,nvapi_measured
2026-10-05T20:57:23Z,37,52.0,,155.2,1995,9251,54,881.25,1 (Idle),,,,,881.25,nvapi_measured
2026-10-05T20:57:24Z,37,52.0,,154.1,1995,9251,50,881.25,1 (Idle),,,,,881.25,nvapi_measured
2026-10-05T20:57:25Z,37,52.0,,153.2,1995,9251,47,881.25,1 (Idle),,,,,881.25,nvapi_measured
2026-10-05T20:57:26Z,37,52.0,,154.2,1995,9251,47,881.25,1 (Idle),,,,,881.25,nvapi_measured
2026-10-05T20:57:27Z,37,52.0,,156.2,1995,9251,51,881.25,1 (Idle),,,,,881.25,nvapi_measured
2026-10-05T20:57:28Z,37,52.0,,160.9,1995,9251,51,881.25,1 (Idle),,,,,881.25,nvapi_measured
2026-10-05T20:57:29Z,37,52.0,,162.7,1995,9251,56,881.25,1 (Idle),,,,,881.25,nvapi_measured
2026-10-05T20:57:31Z,35,50.0,,100.6,1995,9501,0,881.25,1 (Idle),,,,,881.25,nvapi_measured
2026-10-05T20:57:34Z,32,47.0,,52.7,240,5001,0,881.25,1 (Idle),,,,,881.25,nvapi_measured
2026-10-05T20:57:35Z,36,51.0,,94.4,2040,9251,75,881.25,0,,,,,881.25,nvapi_measured
2026-10-05T20:57:36Z,38,53.0,,190.0,2040,9251,64,881.25,0,,,,,881.25,nvapi_measured
2026-10-05T20:57:37Z,38,53.0,,176.5,2040,9251,60,881.25,0,,,,,881.25,nvapi_measured
2026-10-05T20:57:38Z,38,53.0,,173.7,2040,9251,59,881.25,0,,,,,881.25,nvapi_measured
2026-10-05T20:57:40Z,37,52.0,,168.6,2040,9251,53,881.25,0,,,,,881.25,nvapi_measured
2026-10-05T20:57:41Z,38,53.0,,168.0,2040,9251,61,881.25,0,,,,,881.25,nvapi_measured
2026-10-05T20:57:42Z,37,52.0,,164.0,2040,9251,51,881.25,1 (Idle),,,,,881.25,nvapi_measured
2026-10-05T20:57:43Z,38,53.0,,162.5,2040,9251,59,881.25,1 (Idle),,,,,881.25,nvapi_measured
2026-10-05T20:57:44Z,38,53.0,,165.6,2040,9251,50,881.25,1 (Idle),,,,,881.25,nvapi_measured
2026-10-05T20:57:45Z,37,52.0,,159.6,2040,9251,53,881.25,1 (Idle),,,,,881.25,nvapi_measured
2026-10-05T20:57:46Z,37,52.0,,161.4,2040,9251,54,881.25,1 (Idle),,,,,881.25,nvapi_measured
2026-10-05T20:57:47Z,38,53.0,,166.4,2040,9251,59,881.25,1 (Idle),,,,,881.25,nvapi_measured
2026-10-05T20:57:48Z,38,53.0,,165.7,2040,9251,52,881.25,1 (Idle),,,,,881.25,nvapi_measured
2026-10-05T20:57:49Z,38,53.0,,162.9,2040,9251,52,881.25,1 (Idle),,,,,881.25,nvapi_measured
2026-10-05T20:57:50Z,38,53.0,,164.3,2040,9251,56,881.25,1 (Idle),,,,,881.25,nvapi_measured
2026-10-05T20:57:52Z,38,53.0,,162.4,2040,9251,56,881.25,1 (Idle),,,,,881.25,nvapi_measured
2026-10-05T20:57:53Z,37,52.0,,156.8,2040,9251,47,881.25,1 (Idle),,,,,881.25,nvapi_measured
2026-10-05T20:57:54Z,38,53.0,,159.1,2040,9251,56,881.25,1 (Idle),,,,,881.25,nvapi_measured
2026-10-05T20:57:55Z,37,52.0,,156.7,2040,9251,48,881.25,1 (Idle),,,,,881.25,nvapi_measured
2026-10-05T20:57:56Z,38,53.0,,160.2,2040,9251,51,881.25,1 (Idle),,,,,881.25,nvapi_measured
2026-10-05T20:57:57Z,38,53.0,,163.2,2040,9251,53,881.25,1 (Idle),,,,,881.25,nvapi_measured
2026-10-05T20:57:58Z,37,52.0,,164.2,2040,9251,50,881.25,1 (Idle),,,,,881.25,nvapi_measured
2026-10-05T20:57:59Z,38,53.0,,162.0,2040,9251,56,881.25,1 (Idle),,,,,881.25,nvapi_measured
2026-10-05T20:58:00Z,37,52.0,,160.7,2040,9251,50,881.25,1 (Idle),,,,,881.25,nvapi_measured
2026-10-05T20:58:01Z,37,52.0,,159.6,2040,9251,46,881.25,1 (Idle),,,,,881.25,nvapi_measured
2026-10-05T20:58:02Z,37,52.0,,155.4,2040,9251,55,881.25,1 (Idle),,,,,881.25,nvapi_measured
2026-10-05T20:58:03Z,37,52.0,,160.8,2040,9251,49,881.25,1 (Idle),,,,,881.25,nvapi_measured
2026-10-05T20:58:05Z,38,53.0,,160.7,2040,9251,54,881.25,1 (Idle),,,,,881.25,nvapi_measured
2026-10-05T20:58:06Z,38,53.0,,158.1,2040,9251,54,881.25,1 (Idle),,,,,881.25,nvapi_measured
2026-10-05T20:58:07Z,38,53.0,,160.5,2040,9251,55,881.25,1 (Idle),,,,,881.25,nvapi_measured
2026-10-05T20:58:08Z,37,52.0,,158.6,2040,9251,49,881.25,1 (Idle),,,,,881.25,nvapi_measured
2026-10-05T20:58:09Z,37,52.0,,157.4,2040,9251,49,881.25,1 (Idle),,,,,881.25,nvapi_measured
2026-10-05T20:58:11Z,35,50.0,,130.8,2040,9501,0,881.25,1 (Idle),,,,,881.25,nvapi_measured
2026-10-05T20:58:14Z,32,47.0,,52.9,225,5001,0,881.25,1 (Idle),,,,,881.25,nvapi_measured
2026-10-05T20:58:15Z,36,51.0,,92.1,2085,9251,74,881.25,0,,,,,881.25,nvapi_measured
2026-10-05T20:58:16Z,38,53.0,,189.1,2085,9251,65,881.25,0,,,,,881.25,nvapi_measured
2026-10-05T20:58:17Z,38,53.0,,180.8,2085,9251,59,881.25,0,,,,,881.25,nvapi_measured
2026-10-05T20:58:18Z,38,53.0,,172.6,2085,9251,58,881.25,0,,,,,881.25,nvapi_measured
2026-10-05T20:58:19Z,38,53.0,,170.0,2085,9251,58,881.25,0,,,,,881.25,nvapi_measured
2026-10-05T20:58:20Z,38,53.0,,169.2,2085,9251,57,881.25,0,,,,,881.25,nvapi_measured
2026-10-05T20:58:21Z,38,53.0,,167.5,2085,9251,57,881.25,1 (Idle),,,,,881.25,nvapi_measured
2026-10-05T20:58:22Z,38,53.0,,165.5,2085,9251,48,881.25,1 (Idle),,,,,881.25,nvapi_measured
2026-10-05T20:58:23Z,38,53.0,,158.7,2085,9251,48,881.25,1 (Idle),,,,,881.25,nvapi_measured
2026-10-05T20:58:24Z,37,52.0,,155.4,2085,9251,49,881.25,1 (Idle),,,,,881.25,nvapi_measured
2026-10-05T20:58:26Z,38,53.0,,160.9,2085,9251,51,881.25,1 (Idle),,,,,881.25,nvapi_measured
2026-10-05T20:58:27Z,38,53.0,,161.4,2085,9251,51,881.25,1 (Idle),,,,,881.25,nvapi_measured
2026-10-05T20:58:28Z,38,53.0,,164.0,2085,9251,52,881.25,1 (Idle),,,,,881.25,nvapi_measured
2026-10-05T20:58:29Z,38,53.0,,164.4,2085,9251,52,881.25,1 (Idle),,,,,881.25,nvapi_measured
2026-10-05T20:58:30Z,38,53.0,,162.5,2085,9251,48,881.25,1 (Idle),,,,,881.25,nvapi_measured
2026-10-05T20:58:31Z,38,53.0,,160.9,2085,9251,46,881.25,1 (Idle),,,,,881.25,nvapi_measured
2026-10-05T20:58:32Z,38,53.0,,157.4,2085,9251,54,881.25,1 (Idle),,,,,881.25,nvapi_measured
2026-10-05T20:58:33Z,38,53.0,,160.3,2085,9251,46,881.25,1 (Idle),,,,,881.25,nvapi_measured
2026-10-05T20:58:34Z,37,52.0,,154.5,2085,9251,47,881.25,1 (Idle),,,,,881.25,nvapi_measured
2026-10-05T20:58:35Z,38,53.0,,156.1,2085,9251,50,881.25,1 (Idle),,,,,881.25,nvapi_measured
2026-10-05T20:58:36Z,38,53.0,,160.6,2085,9251,50,881.25,1 (Idle),,,,,881.25,nvapi_measured
2026-10-05T20:58:38Z,38,53.0,,166.1,2085,9251,55,881.25,1 (Idle),,,,,881.25,nvapi_measured
2026-10-05T20:58:39Z,38,53.0,,163.0,2085,9251,50,881.25,1 (Idle),,,,,881.25,nvapi_measured
2026-10-05T20:58:40Z,38,53.0,,160.4,2085,9251,45,881.25,1 (Idle),,,,,881.25,nvapi_measured
2026-10-05T20:58:41Z,38,53.0,,153.8,2085,9251,54,881.25,1 (Idle),,,,,881.25,nvapi_measured
2026-10-05T20:58:42Z,38,53.0,,159.6,2085,9251,53,881.25,1 (Idle),,,,,881.25,nvapi_measured
2026-10-05T20:58:43Z,37,52.0,,153.1,2085,9251,46,881.25,1 (Idle),,,,,881.25,nvapi_measured
2026-10-05T20:58:44Z,38,53.0,,157.3,2085,9251,54,881.25,1 (Idle),,,,,881.25,nvapi_measured
2026-10-05T20:58:45Z,38,53.0,,159.5,2085,9251,50,881.25,1 (Idle),,,,,881.25,nvapi_measured
2026-10-05T20:58:46Z,38,53.0,,158.5,2085,9251,50,881.25,1 (Idle),,,,,881.25,nvapi_measured
2026-10-05T20:58:47Z,38,53.0,,159.1,2085,9251,54,881.25,1 (Idle),,,,,881.25,nvapi_measured
2026-10-05T20:58:48Z,38,53.0,,162.8,2085,9251,50,881.25,1 (Idle),,,,,881.25,nvapi_measured
2026-10-05T20:58:50Z,38,53.0,,162.1,2085,9251,55,881.25,1 (Idle),,,,,881.25,nvapi_measured
2026-10-05T20:58:51Z,37,52.0,,154.0,2085,9251,45,881.25,1 (Idle),,,,,881.25,nvapi_measured
2026-10-05T20:58:52Z,38,53.0,,155.3,2085,9251,54,881.25,1 (Idle),,,,,881.25,nvapi_measured
2026-10-05T20:58:53Z,35,50.0,,100.7,2085,9501,0,881.25,1 (Idle),,,,,881.25,nvapi_measured
2026-10-05T21:27:53Z,26,41.0,,12.1,210,405,0,881.25,1 (Idle),,,,,881.25,nvapi_measured
2026-10-05T21:27:54Z,29,44.0,,60.3,1770,9501,0,881.25,1 (Idle),,,,,881.25,nvapi_measured
2026-10-05T21:27:55Z,29,44.0,,82.9,1770,9501,0,881.25,1 (Idle),,,,,881.25,nvapi_measured
2026-10-05T21:27:56Z,32,47.0,,103.8,1770,9251,72,881.25,0,,,,,881.25,nvapi_measured
2026-10-05T21:27:57Z,33,48.0,,166.4,1770,9251,67,881.25,0,,,,,881.25,nvapi_measured
2026-10-05T21:27:58Z,33,48.0,,157.2,1770,9251,61,881.25,0,,,,,881.25,nvapi_measured
2026-10-05T21:27:59Z,33,48.0,,149.9,1770,9251,58,881.25,0,,,,,881.25,nvapi_measured
2026-10-05T21:28:01Z,33,48.0,,147.5,1770,9251,57,881.25,0,,,,,881.25,nvapi_measured
2026-10-05T21:28:02Z,33,48.0,,146.4,1770,9251,56,881.25,0,,,,,881.25,nvapi_measured
2026-10-05T21:28:03Z,33,48.0,,144.7,1770,9251,55,881.25,1 (Idle),,,,,881.25,nvapi_measured
2026-10-05T21:28:04Z,33,48.0,,143.4,1770,9251,54,881.25,1 (Idle),,,,,881.25,nvapi_measured
2026-10-05T21:28:05Z,33,48.0,,143.0,1770,9251,54,881.25,1 (Idle),,,,,881.25,nvapi_measured
2026-10-05T21:28:06Z,33,48.0,,142.0,1770,9251,54,881.25,1 (Idle),,,,,881.25,nvapi_measured
2026-10-05T21:28:07Z,33,48.0,,141.5,1770,9251,54,881.25,1 (Idle),,,,,881.25,nvapi_measured
2026-10-05T21:28:08Z,33,48.0,,141.0,1770,9251,52,881.25,1 (Idle),,,,,881.25,nvapi_measured
2026-10-05T21:28:09Z,33,48.0,,140.5,1770,9251,53,881.25,1 (Idle),,,,,881.25,nvapi_measured
2026-10-05T21:28:10Z,33,48.0,,140.1,1770,9251,52,881.25,1 (Idle),,,,,881.25,nvapi_measured
2026-10-05T21:28:11Z,33,48.0,,139.1,1770,9251,53,881.25,1 (Idle),,,,,881.25,nvapi_measured
2026-10-05T21:28:13Z,33,48.0,,139.1,1770,9251,52,881.25,1 (Idle),,,,,881.25,nvapi_measured
2026-10-05T21:28:14Z,33,48.0,,139.5,1770,9251,51,881.25,1 (Idle),,,,,881.25,nvapi_measured
2026-10-05T21:28:15Z,33,48.0,,139.6,1770,9251,52,881.25,1 (Idle),,,,,881.25,nvapi_measured
2026-10-05T21:28:16Z,33,48.0,,139.6,1770,9251,51,881.25,1 (Idle),,,,,881.25,nvapi_measured
2026-10-05T21:28:17Z,33,48.0,,139.7,1770,9251,52,881.25,1 (Idle),,,,,881.25,nvapi_measured
2026-10-05T21:28:18Z,33,48.0,,139.8,1770,9251,52,881.25,1 (Idle),,,,,881.25,nvapi_measured
2026-10-05T21:28:19Z,33,48.0,,139.2,1770,9251,52,881.25,1 (Idle),,,,,881.25,nvapi_measured
2026-10-05T21:28:20Z,33,48.0,,139.7,1770,9251,52,881.25,1 (Idle),,,,,881.25,nvapi_measured
2026-10-05T21:28:21Z,33,48.0,,139.7,1770,9251,52,881.25,1 (Idle),,,,,881.25,nvapi_measured
2026-10-05T21:28:22Z,33,48.0,,140.4,1770,9251,56,881.25,1 (Idle),,,,,881.25,nvapi_measured
2026-10-05T21:28:24Z,33,48.0,,143.1,1770,9251,48,881.25,1 (Idle),,,,,881.25,nvapi_measured
2026-10-05T21:28:25Z,33,48.0,,137.7,1770,9251,51,881.25,1 (Idle),,,,,881.25,nvapi_measured
2026-10-05T21:28:26Z,33,48.0,,138.6,1770,9251,52,881.25,1 (Idle),,,,,881.25,nvapi_measured
2026-10-05T21:28:27Z,33,48.0,,138.5,1770,9251,51,881.25,1 (Idle),,,,,881.25,nvapi_measured
2026-10-05T21:28:28Z,33,48.0,,139.0,1770,9251,51,881.25,1 (Idle),,,,,881.25,nvapi_measured
2026-10-05T21:28:29Z,33,48.0,,138.6,1770,9251,51,881.25,1 (Idle),,,,,881.25,nvapi_measured
2026-10-05T21:28:30Z,33,48.0,,138.8,1770,9251,52,881.25,1 (Idle),,,,,881.25,nvapi_measured
2026-10-05T21:28:31Z,33,48.0,,138.9,1770,9251,52,881.25,1 (Idle),,,,,881.25,nvapi_measured
2026-10-05T21:28:32Z,33,48.0,,139.0,1770,9251,55,881.25,1 (Idle),,,,,881.25,nvapi_measured
2026-10-05T21:28:34Z,31,46.0,,92.5,1770,9501,0,881.25,1 (Idle),,,,,881.25,nvapi_measured
2026-10-05T21:28:40Z,28,43.0,,21.8,210,810,4,881.25,1 (Idle),,,,,881.25,nvapi_measured
2026-10-05T21:28:41Z,30,45.0,,58.5,1815,9251,15,881.25,0,,,,,881.25,nvapi_measured
2026-10-05T21:28:42Z,34,49.0,,162.7,1815,9251,73,881.25,0,,,,,881.25,nvapi_measured
2026-10-05T21:28:43Z,34,49.0,,159.5,1815,9251,59,881.25,0,,,,,881.25,nvapi_measured
2026-10-05T21:28:44Z,34,49.0,,152.0,1815,9251,58,881.25,0,,,,,881.25,nvapi_measured
2026-10-05T21:28:45Z,34,49.0,,151.7,1815,9251,60,881.25,0,,,,,881.25,nvapi_measured
2026-10-05T21:28:46Z,34,49.0,,148.6,1815,9251,59,881.25,0,,,,,881.25,nvapi_measured
2026-10-05T21:28:48Z,34,49.0,,148.6,1815,9251,58,881.25,0,,,,,881.25,nvapi_measured
2026-10-05T21:28:49Z,34,49.0,,142.7,1815,9251,51,881.25,1 (Idle),,,,,881.25,nvapi_measured
2026-10-05T21:28:50Z,34,49.0,,144.9,1815,9251,50,881.25,1 (Idle),,,,,881.25,nvapi_measured
2026-10-05T21:28:51Z,34,49.0,,146.3,1815,9251,53,881.25,1 (Idle),,,,,881.25,nvapi_measured
2026-10-05T21:28:52Z,34,49.0,,146.2,1815,9251,52,881.25,1 (Idle),,,,,881.25,nvapi_measured
2026-10-05T21:28:53Z,34,49.0,,143.1,1815,9251,52,881.25,1 (Idle),,,,,881.25,nvapi_measured
2026-10-05T21:28:54Z,34,49.0,,142.7,1815,9251,52,881.25,1 (Idle),,,,,881.25,nvapi_measured
2026-10-05T21:28:55Z,34,49.0,,143.6,1815,9251,56,881.25,1 (Idle),,,,,881.25,nvapi_measured
2026-10-05T21:28:56Z,34,49.0,,144.6,1815,9251,55,881.25,1 (Idle),,,,,881.25,nvapi_measured
2026-10-05T21:28:57Z,34,49.0,,141.3,1815,9251,47,881.25,1 (Idle),,,,,881.25,nvapi_measured
2026-10-05T21:28:58Z,34,49.0,,137.2,1815,9251,55,881.25,1 (Idle),,,,,881.25,nvapi_measured
2026-10-05T21:29:00Z,34,49.0,,141.3,1815,9251,48,881.25,1 (Idle),,,,,881.25,nvapi_measured
2026-10-05T21:29:01Z,34,49.0,,140.4,1815,9251,55,881.25,1 (Idle),,,,,881.25,nvapi_measured
2026-10-05T21:29:02Z,34,49.0,,141.6,1815,9251,51,881.25,1 (Idle),,,,,881.25,nvapi_measured
2026-10-05T21:29:03Z,34,49.0,,142.9,1815,9251,50,881.25,1 (Idle),,,,,881.25,nvapi_measured
2026-10-05T21:29:04Z,34,49.0,,143.2,1815,9251,50,881.25,1 (Idle),,,,,881.25,nvapi_measured
2026-10-05T21:29:05Z,34,49.0,,143.0,1815,9251,53,881.25,1 (Idle),,,,,881.25,nvapi_measured
2026-10-05T21:29:06Z,34,49.0,,135.0,1815,9251,46,881.25,1 (Idle),,,,,881.25,nvapi_measured
2026-10-05T21:29:07Z,34,49.0,,138.3,1815,9251,46,881.25,1 (Idle),,,,,881.25,nvapi_measured
2026-10-05T21:29:08Z,34,49.0,,138.9,1815,9251,54,881.25,1 (Idle),,,,,881.25,nvapi_measured
2026-10-05T21:29:09Z,34,49.0,,141.1,1815,9251,54,881.25,1 (Idle),,,,,881.25,nvapi_measured
2026-10-05T21:29:10Z,34,49.0,,143.2,1815,9251,48,881.25,1 (Idle),,,,,881.25,nvapi_measured
2026-10-05T21:29:12Z,34,49.0,,140.0,1815,9251,55,881.25,1 (Idle),,,,,881.25,nvapi_measured
2026-10-05T21:29:13Z,34,49.0,,139.8,1815,9251,50,881.25,1 (Idle),,,,,881.25,nvapi_measured
2026-10-05T21:29:14Z,34,49.0,,141.2,1815,9251,54,881.25,1 (Idle),,,,,881.25,nvapi_measured
2026-10-05T21:29:15Z,34,49.0,,140.4,1815,9251,50,881.25,1 (Idle),,,,,881.25,nvapi_measured
2026-10-05T21:29:17Z,32,47.0,,119.8,1815,9501,0,881.25,1 (Idle),,,,,881.25,nvapi_measured
2026-10-05T21:29:23Z,28,43.0,,14.4,210,810,0,881.25,1 (Idle),,,,,881.25,nvapi_measured
2026-10-05T21:29:24Z,33,48.0,,77.4,1860,9251,68,881.25,0,,,,,881.25,nvapi_measured
2026-10-05T21:29:25Z,35,50.0,,170.0,1860,9251,68,881.25,0,,,,,881.25,nvapi_measured
2026-10-05T21:29:26Z,35,50.0,,161.8,1860,9251,61,881.25,0,,,,,881.25,nvapi_measured
2026-10-05T21:29:27Z,35,50.0,,156.5,1860,9251,60,881.25,0,,,,,881.25,nvapi_measured
2026-10-05T21:29:28Z,35,50.0,,153.0,1860,9251,57,881.25,0,,,,,881.25,nvapi_measured
2026-10-05T21:29:29Z,35,50.0,,149.7,1860,9251,57,881.25,0,,,,,881.25,nvapi_measured
2026-10-05T21:29:30Z,35,50.0,,147.7,1860,9251,57,881.25,0,,,,,881.25,nvapi_measured
2026-10-05T21:29:31Z,35,50.0,,150.0,1860,9251,48,881.25,1 (Idle),,,,,881.25,nvapi_measured
2026-10-05T21:29:33Z,35,50.0,,147.4,1860,9251,56,881.25,1 (Idle),,,,,881.25,nvapi_measured
2026-10-05T21:29:34Z,35,50.0,,143.5,1860,9251,51,881.25,1 (Idle),,,,,881.25,nvapi_measured
2026-10-05T21:29:35Z,35,50.0,,145.7,1860,9251,51,881.25,1 (Idle),,,,,881.25,nvapi_measured
2026-10-05T21:29:36Z,35,50.0,,146.9,1860,9251,57,881.25,1 (Idle),,,,,881.25,nvapi_measured
2026-10-05T21:29:37Z,35,50.0,,147.5,1860,9251,51,881.25,1 (Idle),,,,,881.25,nvapi_measured
2026-10-05T21:29:38Z,35,50.0,,144.5,1860,9251,47,881.25,1 (Idle),,,,,881.25,nvapi_measured
2026-10-05T21:29:39Z,35,50.0,,140.8,1860,9251,52,881.25,1 (Idle),,,,,881.25,nvapi_measured
2026-10-05T21:29:40Z,35,50.0,,144.9,1860,9251,47,881.25,1 (Idle),,,,,881.25,nvapi_measured
2026-10-05T21:29:41Z,35,50.0,,144.1,1860,9251,55,881.25,1 (Idle),,,,,881.25,nvapi_measured
2026-10-05T21:29:42Z,35,50.0,,144.1,1860,9251,55,881.25,1 (Idle),,,,,881.25,nvapi_measured
2026-10-05T21:29:43Z,35,50.0,,144.0,1860,9251,47,881.25,1 (Idle),,,,,881.25,nvapi_measured
2026-10-05T21:29:45Z,35,50.0,,144.5,1860,9251,54,881.25,1 (Idle),,,,,881.25,nvapi_measured
2026-10-05T21:29:46Z,35,50.0,,147.8,1860,9251,50,881.25,1 (Idle),,,,,881.25,nvapi_measured
2026-10-05T21:29:47Z,35,50.0,,148.1,1860,9251,50,881.25,1 (Idle),,,,,881.25,nvapi_measured
2026-10-05T21:29:48Z,35,50.0,,148.0,1860,9251,50,881.25,1 (Idle),,,,,881.25,nvapi_measured
2026-10-05T21:29:49Z,35,50.0,,146.9,1860,9251,53,881.25,1 (Idle),,,,,881.25,nvapi_measured
2026-10-05T21:29:50Z,35,50.0,,147.3,1860,9251,54,881.25,1 (Idle),,,,,881.25,nvapi_measured
2026-10-05T21:29:51Z,35,50.0,,146.8,1860,9251,54,881.25,1 (Idle),,,,,881.25,nvapi_measured
2026-10-05T21:29:52Z,35,50.0,,145.9,1860,9251,53,881.25,1 (Idle),,,,,881.25,nvapi_measured
2026-10-05T21:29:53Z,35,50.0,,145.8,1860,9251,53,881.25,1 (Idle),,,,,881.25,nvapi_measured
2026-10-05T21:29:54Z,35,50.0,,143.2,1860,9251,49,881.25,1 (Idle),,,,,881.25,nvapi_measured
2026-10-05T21:29:55Z,35,50.0,,142.1,1860,9251,49,881.25,1 (Idle),,,,,881.25,nvapi_measured
2026-10-05T21:29:57Z,35,50.0,,144.8,1860,9251,50,881.25,1 (Idle),,,,,881.25,nvapi_measured
2026-10-05T21:29:58Z,35,50.0,,143.4,1860,9251,45,881.25,1 (Idle),,,,,881.25,nvapi_measured
2026-10-05T21:30:05Z,29,44.0,,26.1,210,810,0,881.25,1 (Idle),,,,,881.25,nvapi_measured
2026-10-05T21:30:06Z,34,49.0,,104.1,1905,9251,72,881.25,0,,,,,881.25,nvapi_measured
2026-10-05T21:30:07Z,36,51.0,,177.4,1905,9251,68,881.25,0,,,,,881.25,nvapi_measured
2026-10-05T21:30:08Z,36,51.0,,167.1,1905,9251,57,881.25,0,,,,,881.25,nvapi_measured
2026-10-05T21:30:09Z,36,51.0,,159.7,1905,9251,54,881.25,0,,,,,881.25,nvapi_measured
2026-10-05T21:30:10Z,35,50.0,,152.4,1905,9251,48,881.25,0,,,,,881.25,nvapi_measured
2026-10-05T21:30:11Z,35,50.0,,146.1,1905,9251,47,881.25,0,,,,,881.25,nvapi_measured
2026-10-05T21:30:12Z,36,51.0,,150.5,1905,9251,56,881.25,1 (Idle),,,,,881.25,nvapi_measured
2026-10-05T21:30:13Z,35,50.0,,151.0,1905,9251,55,881.25,1 (Idle),,,,,881.25,nvapi_measured
2026-10-05T21:30:46Z,29,44.0,,11.7,210,810,1,881.25,1 (Idle),,,,,881.25,nvapi_measured
2026-10-05T21:30:48Z,32,47.0,,58.0,1950,9251,10,881.25,0,,,,,881.25,nvapi_measured
2026-10-05T21:30:49Z,36,51.0,,187.1,1935,9251,67,881.25,0,,,,,881.25,nvapi_measured
2026-10-05T21:30:50Z,37,52.0,,173.0,1935,9251,62,881.25,0,,,,,881.25,nvapi_measured
2026-10-05T21:30:51Z,36,51.0,,162.7,1935,9251,57,881.25,0,,,,,881.25,nvapi_measured
2026-10-05T21:30:52Z,36,51.0,,160.9,1935,9251,56,881.25,0,,,,,881.25,nvapi_measured
2026-10-05T21:30:53Z,36,51.0,,159.8,1935,9251,55,881.25,0,,,,,881.25,nvapi_measured
2026-10-05T21:30:54Z,36,51.0,,158.1,1935,9251,54,881.25,1 (Idle),,,,,881.25,nvapi_measured
2026-10-05T21:30:55Z,36,51.0,,157.4,1935,9251,54,881.25,1 (Idle),,,,,881.25,nvapi_measured
2026-10-05T21:30:56Z,36,51.0,,156.9,1935,9251,53,881.25,1 (Idle),,,,,881.25,nvapi_measured
2026-10-05T21:30:57Z,36,51.0,,156.4,1935,9251,53,881.25,1 (Idle),,,,,881.25,nvapi_measured
2026-10-05T21:30:58Z,36,51.0,,155.8,1935,9251,53,881.25,1 (Idle),,,,,881.25,nvapi_measured
2026-10-05T21:31:00Z,36,51.0,,155.5,1935,9251,53,881.25,1 (Idle),,,,,881.25,nvapi_measured
2026-10-05T21:31:01Z,36,51.0,,154.4,1935,9251,52,881.25,1 (Idle),,,,,881.25,nvapi_measured
2026-10-05T21:31:02Z,36,51.0,,157.7,1935,9251,50,881.25,1 (Idle),,,,,881.25,nvapi_measured
2026-10-05T21:31:03Z,36,51.0,,147.4,1935,9251,46,881.25,1 (Idle),,,,,881.25,nvapi_measured
2026-10-05T21:31:04Z,36,51.0,,151.5,1935,9251,45,881.25,1 (Idle),,,,,881.25,nvapi_measured
2026-10-05T21:31:05Z,36,51.0,,148.9,1935,9251,47,881.25,1 (Idle),,,,,881.25,nvapi_measured
2026-10-05T21:31:06Z,36,51.0,,151.7,1935,9251,46,881.25,1 (Idle),,,,,881.25,nvapi_measured
2026-10-05T21:31:07Z,36,51.0,,150.8,1935,9251,51,881.25,1 (Idle),,,,,881.25,nvapi_measured
2026-10-05T21:31:08Z,36,51.0,,154.9,1935,9251,55,881.25,1 (Idle),,,,,881.25,nvapi_measured
2026-10-05T21:31:09Z,36,51.0,,156.0,1935,9251,54,881.25,1 (Idle),,,,,881.25,nvapi_measured
2026-10-05T21:31:11Z,36,51.0,,153.3,1935,9251,50,881.25,1 (Idle),,,,,881.25,nvapi_measured
2026-10-05T21:31:12Z,36,51.0,,153.7,1935,9251,48,881.25,1 (Idle),,,,,881.25,nvapi_measured
2026-10-05T21:31:13Z,36,51.0,,148.9,1935,9251,50,881.25,1 (Idle),,,,,881.25,nvapi_measured
2026-10-05T21:31:14Z,36,51.0,,152.6,1935,9251,47,881.25,1 (Idle),,,,,881.25,nvapi_measured
2026-10-05T21:31:15Z,36,51.0,,148.0,1935,9251,50,881.25,1 (Idle),,,,,881.25,nvapi_measured
2026-10-05T21:31:16Z,36,51.0,,152.7,1935,9251,53,881.25,1 (Idle),,,,,881.25,nvapi_measured
2026-10-05T21:31:17Z,36,51.0,,158.1,1935,9251,52,881.25,1 (Idle),,,,,881.25,nvapi_measured
2026-10-05T21:31:18Z,36,51.0,,155.7,1935,9251,56,881.25,1 (Idle),,,,,881.25,nvapi_measured
2026-10-05T21:31:19Z,36,51.0,,153.2,1935,9251,51,881.25,1 (Idle),,,,,881.25,nvapi_measured
2026-10-05T21:31:20Z,36,51.0,,154.7,1935,9251,50,881.25,1 (Idle),,,,,881.25,nvapi_measured
2026-10-05T21:31:21Z,36,51.0,,152.4,1935,9251,46,881.25,1 (Idle),,,,,881.25,nvapi_measured
2026-10-05T21:31:23Z,36,51.0,,146.4,1935,9251,46,881.25,1 (Idle),,,,,881.25,nvapi_measured
2026-10-05T21:31:24Z,34,49.0,,97.5,1935,9501,0,881.25,1 (Idle),,,,,881.25,nvapi_measured
2026-10-05T21:31:30Z,31,46.0,,36.8,210,810,0,881.25,1 (Idle),,,,,881.25,nvapi_measured
2026-10-05T21:31:31Z,32,47.0,,54.9,2010,9251,45,881.25,1024 (0x400),,,,,881.25,nvapi_measured
2026-10-05T21:31:32Z,37,52.0,,184.1,1995,9251,66,881.25,1024 (0x400),,,,,881.25,nvapi_measured
2026-10-05T21:31:33Z,37,52.0,,176.1,1995,9251,62,881.25,1024 (0x400),,,,,881.25,nvapi_measured
2026-10-05T21:31:34Z,37,52.0,,169.2,1995,9251,58,881.25,1024 (0x400),,,,,881.25,nvapi_measured
2026-10-05T21:31:35Z,37,52.0,,167.3,1995,9251,57,881.25,1024 (0x400),,,,,881.25,nvapi_measured
2026-10-05T21:31:36Z,37,52.0,,163.7,1995,9251,57,881.25,1024 (0x400),,,,,881.25,nvapi_measured
2026-10-05T21:31:38Z,37,52.0,,161.3,1995,9251,49,881.25,1024 (0x400),,,,,881.25,nvapi_measured
2026-10-05T21:31:39Z,37,52.0,,165.2,1995,9251,50,881.25,1024 (0x400),,,,,881.25,nvapi_measured
2026-10-05T21:31:40Z,37,52.0,,159.2,1995,9251,51,881.25,1024 (0x400),,,,,881.25,nvapi_measured
2026-10-05T21:31:41Z,37,52.0,,161.5,1995,9251,51,881.25,1024 (0x400),,,,,881.25,nvapi_measured
2026-10-05T21:31:42Z,37,52.0,,161.2,1995,9251,54,881.25,1024 (0x400),,,,,881.25,nvapi_measured
2026-10-05T21:31:43Z,37,52.0,,161.2,1995,9251,54,881.25,1024 (0x400),,,,,881.25,nvapi_measured
2026-10-05T21:31:44Z,37,52.0,,166.1,1995,9251,53,881.25,1024 (0x400),,,,,881.25,nvapi_measured
2026-10-05T21:31:45Z,37,52.0,,161.1,1995,9251,55,881.25,1024 (0x400),,,,,881.25,nvapi_measured
2026-10-05T21:31:46Z,36,51.0,,154.6,1995,9251,47,881.25,1024 (0x400),,,,,881.25,nvapi_measured
2026-10-05T21:31:47Z,37,52.0,,158.6,1995,9251,55,881.25,1024 (0x400),,,,,881.25,nvapi_measured
2026-10-05T21:31:48Z,37,52.0,,157.9,1995,9251,47,881.25,1024 (0x400),,,,,881.25,nvapi_measured
2026-10-05T21:31:50Z,37,52.0,,154.2,1995,9251,54,881.25,1024 (0x400),,,,,881.25,nvapi_measured
2026-10-05T21:31:51Z,37,52.0,,154.5,1995,9251,53,881.25,1024 (0x400),,,,,881.25,nvapi_measured
2026-10-05T21:31:52Z,37,52.0,,163.2,1995,9251,51,881.25,1024 (0x400),,,,,881.25,nvapi_measured
2026-10-05T21:31:53Z,37,52.0,,162.3,1995,9251,52,881.25,1024 (0x400),,,,,881.25,nvapi_measured
2026-10-05T21:31:54Z,37,52.0,,159.5,1995,9251,53,881.25,1024 (0x400),,,,,881.25,nvapi_measured
2026-10-05T21:31:55Z,37,52.0,,160.2,1995,9251,52,881.25,1024 (0x400),,,,,881.25,nvapi_measured
2026-10-05T21:31:56Z,37,52.0,,158.4,1995,9251,52,881.25,1024 (0x400),,,,,881.25,nvapi_measured
2026-10-05T21:31:57Z,37,52.0,,161.9,1995,9251,54,881.25,1024 (0x400),,,,,881.25,nvapi_measured
2026-10-05T21:31:58Z,37,52.0,,160.5,1995,9251,53,881.25,1024 (0x400),,,,,881.25,nvapi_measured
2026-10-05T21:31:59Z,37,52.0,,159.4,1995,9251,54,881.25,1024 (0x400),,,,,881.25,nvapi_measured
2026-10-05T21:32:00Z,36,51.0,,153.3,1995,9251,46,881.25,1024 (0x400),,,,,881.25,nvapi_measured
2026-10-05T21:32:02Z,34,49.0,,127.7,1995,9501,0,881.25,1024 (0x400),,,,,881.25,nvapi_measured
2026-10-05T21:32:08Z,31,46.0,,30.1,210,810,0,775.0,1 (Idle),,,,,775.0,nvapi_measured
2026-10-05T21:32:09Z,36,51.0,,77.7,2040,9251,70,881.25,0,,,,,881.25,nvapi_measured
2026-10-05T21:32:10Z,37,52.0,,188.8,2040,9251,66,881.25,0,,,,,881.25,nvapi_measured
2026-10-05T21:32:11Z,37,52.0,,182.0,2040,9251,59,881.25,0,,,,,881.25,nvapi_measured
2026-10-05T21:32:12Z,37,52.0,,171.4,2040,9251,58,881.25,0,,,,,881.25,nvapi_measured
2026-10-05T21:32:13Z,37,52.0,,171.9,2040,9251,58,881.25,0,,,,,881.25,nvapi_measured
2026-10-05T21:32:14Z,37,52.0,,168.7,2040,9251,51,881.25,0,,,,,881.25,nvapi_measured
2026-10-05T21:32:15Z,37,52.0,,166.8,2040,9251,59,881.25,1 (Idle),,,,,881.25,nvapi_measured
2026-10-05T21:32:16Z,37,52.0,,166.7,2040,9251,58,881.25,1 (Idle),,,,,881.25,nvapi_measured
2026-10-05T21:32:17Z,37,52.0,,165.6,2040,9251,57,881.25,1 (Idle),,,,,881.25,nvapi_measured
2026-10-05T21:32:19Z,37,52.0,,166.4,2040,9251,53,881.25,1 (Idle),,,,,881.25,nvapi_measured
2026-10-05T21:32:20Z,37,52.0,,163.0,2040,9251,53,881.25,1 (Idle),,,,,881.25,nvapi_measured
2026-10-05T21:32:21Z,37,52.0,,162.4,2040,9251,52,881.25,1 (Idle),,,,,881.25,nvapi_measured
2026-10-05T21:32:22Z,37,52.0,,162.2,2040,9251,55,881.25,1 (Idle),,,,,881.25,nvapi_measured
2026-10-05T21:32:23Z,37,52.0,,165.1,2040,9251,48,881.25,1 (Idle),,,,,881.25,nvapi_measured
2026-10-05T21:32:24Z,37,52.0,,156.1,2040,9251,52,881.25,1 (Idle),,,,,881.25,nvapi_measured
2026-10-05T21:32:25Z,37,52.0,,156.0,2040,9251,48,881.25,1 (Idle),,,,,881.25,nvapi_measured
2026-10-05T21:32:26Z,37,52.0,,156.5,2040,9251,48,881.25,1 (Idle),,,,,881.25,nvapi_measured
2026-10-05T21:32:27Z,37,52.0,,158.0,2040,9251,56,881.25,1 (Idle),,,,,881.25,nvapi_measured
2026-10-05T21:32:28Z,37,52.0,,162.4,2040,9251,55,881.25,1 (Idle),,,,,881.25,nvapi_measured
2026-10-05T21:32:29Z,37,52.0,,163.2,2040,9251,51,881.25,1 (Idle),,,,,881.25,nvapi_measured
2026-10-05T21:32:31Z,37,52.0,,162.5,2040,9251,53,881.25,1 (Idle),,,,,881.25,nvapi_measured
2026-10-05T21:32:32Z,37,52.0,,162.2,2040,9251,53,881.25,1 (Idle),,,,,881.25,nvapi_measured
2026-10-05T21:32:33Z,37,52.0,,162.8,2040,9251,53,881.25,1 (Idle),,,,,881.25,nvapi_measured
2026-10-05T21:32:34Z,37,52.0,,159.3,2040,9251,49,881.25,1 (Idle),,,,,881.25,nvapi_measured
2026-10-05T21:32:35Z,37,52.0,,154.3,2040,9251,50,881.25,1 (Idle),,,,,881.25,nvapi_measured
2026-10-05T21:32:36Z,37,52.0,,157.6,2040,9251,49,881.25,1 (Idle),,,,,881.25,nvapi_measured
2026-10-05T21:32:37Z,37,52.0,,162.6,2040,9251,53,881.25,1 (Idle),,,,,881.25,nvapi_measured
2026-10-05T21:32:38Z,37,52.0,,161.8,2040,9251,54,881.25,1 (Idle),,,,,881.25,nvapi_measured
2026-10-05T21:32:39Z,37,52.0,,160.3,2040,9251,50,881.25,1 (Idle),,,,,881.25,nvapi_measured
2026-10-05T21:32:40Z,37,52.0,,157.8,2040,9251,49,881.25,1 (Idle),,,,,881.25,nvapi_measured
2026-10-05T21:32:41Z,37,52.0,,157.9,2040,9251,50,881.25,1 (Idle),,,,,881.25,nvapi_measured
2026-10-05T21:32:43Z,37,52.0,,158.1,2040,9251,53,881.25,1 (Idle),,,,,881.25,nvapi_measured
2026-10-05T21:32:44Z,37,52.0,,157.2,2040,9251,46,881.25,1 (Idle),,,,,881.25,nvapi_measured
2026-10-05T21:32:45Z,35,50.0,,129.5,2040,9501,0,881.25,1 (Idle),,,,,881.25,nvapi_measured
2026-10-05T21:32:51Z,31,46.0,,45.6,210,810,0,737.5,1 (Idle),,,,,737.5,nvapi_measured
2026-10-05T21:32:52Z,35,50.0,,44.9,2085,9251,57,881.25,0,,,,,881.25,nvapi_measured
2026-10-05T21:32:53Z,38,53.0,,186.9,2085,9251,69,881.25,0,,,,,881.25,nvapi_measured
2026-10-05T21:32:55Z,38,53.0,,180.7,2085,9251,58,881.25,0,,,,,881.25,nvapi_measured
2026-10-05T21:32:56Z,38,53.0,,169.5,2085,9251,56,881.25,0,,,,,881.25,nvapi_measured
2026-10-05T21:32:57Z,37,52.0,,168.2,2085,9251,54,881.25,0,,,,,881.25,nvapi_measured
2026-10-05T21:33:00Z,38,53.0,,165.1,2085,9251,50,881.25,1 (Idle),,,,,881.25,nvapi_measured
2026-10-05T21:33:01Z,38,53.0,,165.6,2085,9251,54,881.25,1 (Idle),,,,,881.25,nvapi_measured
2026-10-05T21:33:02Z,38,53.0,,168.7,2085,9251,56,881.25,1 (Idle),,,,,881.25,nvapi_measured
2026-10-05T21:33:03Z,38,53.0,,168.7,2085,9251,57,881.25,1 (Idle),,,,,881.25,nvapi_measured
2026-10-05T21:33:04Z,38,53.0,,163.2,2085,9251,52,881.25,1 (Idle),,,,,881.25,nvapi_measured
2026-10-05T21:33:05Z,37,52.0,,161.8,2085,9251,52,881.25,1 (Idle),,,,,881.25,nvapi_measured
2026-10-05T21:33:06Z,37,52.0,,162.1,2085,9251,52,881.25,1 (Idle),,,,,881.25,nvapi_measured
2026-10-05T21:33:07Z,38,53.0,,164.4,2085,9251,55,881.25,1 (Idle),,,,,881.25,nvapi_measured
2026-10-05T21:33:09Z,37,52.0,,161.0,2085,9251,47,881.25,1 (Idle),,,,,881.25,nvapi_measured
2026-10-05T21:33:10Z,37,52.0,,156.1,2085,9251,47,881.25,1 (Idle),,,,,881.25,nvapi_measured
2026-10-05T21:33:11Z,37,52.0,,159.2,2085,9251,53,881.25,1 (Idle),,,,,881.25,nvapi_measured
2026-10-05T21:33:12Z,37,52.0,,156.8,2085,9251,47,881.25,1 (Idle),,,,,881.25,nvapi_measured
2026-10-05T21:33:13Z,38,53.0,,159.1,2085,9251,53,881.25,1 (Idle),,,,,881.25,nvapi_measured
2026-10-05T21:33:14Z,38,53.0,,167.5,2085,9251,53,881.25,1 (Idle),,,,,881.25,nvapi_measured
2026-10-05T21:33:15Z,38,53.0,,163.6,2085,9251,54,881.25,1 (Idle),,,,,881.25,nvapi_measured
2026-10-05T21:33:16Z,37,52.0,,160.9,2085,9251,51,881.25,1 (Idle),,,,,881.25,nvapi_measured
2026-10-05T21:33:17Z,38,53.0,,160.8,2085,9251,54,881.25,1 (Idle),,,,,881.25,nvapi_measured
2026-10-05T21:33:18Z,37,52.0,,163.0,2085,9251,47,881.25,1 (Idle),,,,,881.25,nvapi_measured
2026-10-05T21:33:19Z,37,52.0,,157.8,2085,9251,47,881.25,1 (Idle),,,,,881.25,nvapi_measured
2026-10-05T21:33:21Z,37,52.0,,158.9,2085,9251,52,881.25,1 (Idle),,,,,881.25,nvapi_measured
2026-10-05T21:33:22Z,37,52.0,,160.2,2085,9251,48,881.25,1 (Idle),,,,,881.25,nvapi_measured
2026-10-05T21:33:23Z,37,52.0,,163.9,2085,9251,54,881.25,1 (Idle),,,,,881.25,nvapi_measured
2026-10-05T21:33:24Z,37,52.0,,162.4,2085,9251,50,881.25,1 (Idle),,,,,881.25,nvapi_measured
2026-10-05T21:33:25Z,37,52.0,,159.6,2085,9251,53,881.25,1 (Idle),,,,,881.25,nvapi_measured
2026-10-05T21:33:26Z,37,52.0,,159.2,2085,9251,50,881.25,1 (Idle),,,,,881.25,nvapi_measured
2026-10-05T21:33:28Z,35,50.0,,134.2,2085,9501,0,881.25,1 (Idle),,,,,881.25,nvapi_measured
2026-10-05T21:33:34Z,30,45.0,,22.3,210,810,0,918.75,1 (Idle),,,,,918.75,nvapi_measured
2026-10-05T21:33:35Z,35,50.0,,76.1,1845,9251,68,918.75,0,,,,,918.75,nvapi_measured
2026-10-05T21:33:36Z,37,52.0,,175.9,1845,9251,64,918.75,0,,,,,918.75,nvapi_measured
2026-10-05T21:33:37Z,37,52.0,,169.0,1845,9251,61,918.75,0,,,,,918.75,nvapi_measured
2026-10-05T21:33:38Z,37,52.0,,155.9,1845,9251,54,918.75,0,,,,,918.75,nvapi_measured
2026-10-05T21:33:39Z,37,52.0,,151.3,1845,9251,49,918.75,0,,,,,918.75,nvapi_measured
2026-10-05T21:33:40Z,37,52.0,,149.7,1845,9251,49,918.75,0,,,,,918.75,nvapi_measured
2026-10-05T21:33:41Z,37,52.0,,147.0,1845,9251,49,918.75,0,,,,,918.75,nvapi_measured
2026-10-05T21:33:42Z,37,52.0,,151.1,1845,9251,49,918.75,1 (Idle),,,,,918.75,nvapi_measured
2026-10-05T21:33:44Z,37,52.0,,147.9,1845,9251,50,918.75,1 (Idle),,,,,918.75,nvapi_measured
2026-10-05T21:33:45Z,37,52.0,,151.6,1845,9251,56,918.75,1 (Idle),,,,,918.75,nvapi_measured
2026-10-05T21:33:46Z,37,52.0,,151.3,1845,9251,52,918.75,1 (Idle),,,,,918.75,nvapi_measured
2026-10-05T21:33:47Z,37,52.0,,152.1,1845,9251,53,918.75,1 (Idle),,,,,918.75,nvapi_measured
2026-10-05T21:33:48Z,37,52.0,,155.8,1845,9251,52,918.75,1 (Idle),,,,,918.75,nvapi_measured
2026-10-05T21:33:49Z,37,52.0,,151.1,1845,9251,53,918.75,1 (Idle),,,,,918.75,nvapi_measured
2026-10-05T21:33:50Z,37,52.0,,155.4,1845,9251,55,918.75,1 (Idle),,,,,918.75,nvapi_measured
2026-10-05T21:33:51Z,37,52.0,,146.1,1845,9251,48,918.75,1 (Idle),,,,,918.75,nvapi_measured
2026-10-05T21:33:52Z,37,52.0,,144.6,1845,9251,47,918.75,1 (Idle),,,,,918.75,nvapi_measured
2026-10-05T21:33:53Z,37,52.0,,148.3,1845,9251,57,918.75,1 (Idle),,,,,918.75,nvapi_measured
2026-10-05T21:33:54Z,37,52.0,,147.9,1845,9251,48,918.75,1 (Idle),,,,,918.75,nvapi_measured
2026-10-05T21:33:56Z,37,52.0,,147.2,1845,9251,56,918.75,1 (Idle),,,,,918.75,nvapi_measured
2026-10-05T21:33:57Z,37,52.0,,154.3,1845,9251,53,918.75,1 (Idle),,,,,918.75,nvapi_measured
2026-10-05T21:33:58Z,37,52.0,,149.1,1845,9251,51,918.75,1 (Idle),,,,,918.75,nvapi_measured
2026-10-05T21:33:59Z,37,52.0,,152.1,1845,9251,51,918.75,1 (Idle),,,,,918.75,nvapi_measured
2026-10-05T21:34:00Z,37,52.0,,150.7,1845,9251,50,918.75,1 (Idle),,,,,918.75,nvapi_measured
2026-10-05T21:34:01Z,37,52.0,,147.5,1845,9251,51,918.75,1 (Idle),,,,,918.75,nvapi_measured
2026-10-05T21:34:02Z,37,52.0,,149.2,1845,9251,56,918.75,1 (Idle),,,,,918.75,nvapi_measured
2026-10-05T21:34:03Z,37,52.0,,147.7,1845,9251,46,918.75,1 (Idle),,,,,918.75,nvapi_measured
2026-10-05T21:34:04Z,37,52.0,,144.8,1845,9251,46,918.75,1 (Idle),,,,,918.75,nvapi_measured
2026-10-05T21:34:05Z,37,52.0,,146.0,1845,9251,46,918.75,1 (Idle),,,,,918.75,nvapi_measured
2026-10-05T21:34:06Z,37,52.0,,145.8,1845,9251,50,918.75,1 (Idle),,,,,918.75,nvapi_measured
2026-10-05T21:34:08Z,35,50.0,,122.3,1845,9501,0,918.75,1 (Idle),,,,,918.75,nvapi_measured
2026-10-05T21:34:14Z,32,47.0,,46.0,210,810,0,781.25,1 (Idle),,,,,781.25,nvapi_measured
2026-10-05T21:34:15Z,35,50.0,,66.5,1890,9251,69,918.75,0,,,,,918.75,nvapi_measured
2026-10-05T21:34:16Z,37,52.0,,178.0,1890,9251,64,918.75,0,,,,,918.75,nvapi_measured
2026-10-05T21:34:18Z,37,52.0,,169.3,1890,9251,59,918.75,0,,,,,918.75,nvapi_measured
2026-10-05T21:34:19Z,38,53.0,,164.2,1890,9251,58,918.75,0,,,,,918.75,nvapi_measured
2026-10-05T21:34:20Z,37,52.0,,162.5,1890,9251,51,918.75,0,,,,,918.75,nvapi_measured
2026-10-05T21:34:21Z,38,53.0,,157.4,1890,9251,58,918.75,0,,,,,918.75,nvapi_measured
2026-10-05T21:34:22Z,37,52.0,,160.4,1890,9251,50,918.75,1 (Idle),,,,,918.75,nvapi_measured
2026-10-05T21:34:23Z,37,52.0,,152.8,1890,9251,57,918.75,1 (Idle),,,,,918.75,nvapi_measured
2026-10-05T21:34:24Z,37,52.0,,158.7,1890,9251,53,918.75,1 (Idle),,,,,918.75,nvapi_measured
2026-10-05T21:34:25Z,37,52.0,,155.6,1890,9251,53,918.75,1 (Idle),,,,,918.75,nvapi_measured
2026-10-05T21:34:26Z,37,52.0,,154.8,1890,9251,52,918.75,1 (Idle),,,,,918.75,nvapi_measured
2026-10-05T21:34:27Z,37,52.0,,155.0,1890,9251,53,918.75,1 (Idle),,,,,918.75,nvapi_measured
2026-10-05T21:34:28Z,37,52.0,,154.3,1890,9251,52,918.75,1 (Idle),,,,,918.75,nvapi_measured
2026-10-05T21:34:30Z,37,52.0,,154.2,1890,9251,52,918.75,1 (Idle),,,,,918.75,nvapi_measured
2026-10-05T21:34:31Z,37,52.0,,157.5,1890,9251,47,918.75,1 (Idle),,,,,918.75,nvapi_measured
2026-10-05T21:34:32Z,37,52.0,,148.2,1890,9251,48,918.75,1 (Idle),,,,,918.75,nvapi_measured
2026-10-05T21:34:33Z,37,52.0,,150.3,1890,9251,48,918.75,1 (Idle),,,,,918.75,nvapi_measured
2026-10-05T21:34:34Z,37,52.0,,149.5,1890,9251,47,918.75,1 (Idle),,,,,918.75,nvapi_measured
2026-10-05T21:34:35Z,37,52.0,,149.2,1890,9251,48,918.75,1 (Idle),,,,,918.75,nvapi_measured
2026-10-05T21:34:36Z,37,52.0,,151.3,1890,9251,52,918.75,1 (Idle),,,,,918.75,nvapi_measured
2026-10-05T21:34:37Z,37,52.0,,154.0,1890,9251,52,918.75,1 (Idle),,,,,918.75,nvapi_measured
2026-10-05T21:34:38Z,38,53.0,,156.5,1890,9251,57,918.75,1 (Idle),,,,,918.75,nvapi_measured
2026-10-05T21:34:39Z,38,53.0,,158.7,1890,9251,57,918.75,1 (Idle),,,,,918.75,nvapi_measured
2026-10-05T21:34:40Z,37,52.0,,156.4,1890,9251,47,918.75,1 (Idle),,,,,918.75,nvapi_measured
2026-10-05T21:34:42Z,37,52.0,,152.4,1890,9251,47,918.75,1 (Idle),,,,,918.75,nvapi_measured
2026-10-05T21:34:43Z,37,52.0,,152.4,1890,9251,47,918.75,1 (Idle),,,,,918.75,nvapi_measured
2026-10-05T21:34:44Z,37,52.0,,151.7,1890,9251,48,918.75,1 (Idle),,,,,918.75,nvapi_measured
2026-10-05T21:34:45Z,37,52.0,,150.6,1890,9251,55,918.75,1 (Idle),,,,,918.75,nvapi_measured
2026-10-05T21:34:46Z,37,52.0,,153.1,1890,9251,55,918.75,1 (Idle),,,,,918.75,nvapi_measured
2026-10-05T21:34:47Z,37,52.0,,158.9,1890,9251,51,918.75,1 (Idle),,,,,918.75,nvapi_measured
2026-10-05T21:34:48Z,37,52.0,,152.7,1890,9251,51,918.75,1 (Idle),,,,,918.75,nvapi_measured
2026-10-05T21:34:49Z,37,52.0,,152.9,1890,9251,51,918.75,1 (Idle),,,,,918.75,nvapi_measured
2026-10-05T21:34:51Z,35,50.0,,126.4,1890,9501,0,918.75,1 (Idle),,,,,918.75,nvapi_measured
2026-10-05T21:34:57Z,31,46.0,,33.9,210,810,0,918.75,1 (Idle),,,,,918.75,nvapi_measured
2026-10-05T21:34:58Z,35,50.0,,89.7,1935,9251,69,918.75,0,,,,,918.75,nvapi_measured
2026-10-05T21:34:59Z,38,53.0,,184.3,1935,9251,64,918.75,0,,,,,918.75,nvapi_measured
2026-10-05T21:35:00Z,38,53.0,,175.5,1935,9251,59,918.75,0,,,,,918.75,nvapi_measured
2026-10-05T21:35:01Z,38,53.0,,168.9,1935,9251,57,918.75,0,,,,,918.75,nvapi_measured
2026-10-05T21:35:02Z,38,53.0,,168.2,1935,9251,59,918.75,0,,,,,918.75,nvapi_measured
2026-10-05T21:35:03Z,38,53.0,,164.4,1935,9251,49,918.75,0,,,,,918.75,nvapi_measured
2026-10-05T21:35:04Z,38,53.0,,157.1,1935,9251,58,918.75,0,,,,,918.75,nvapi_measured
2026-10-05T21:35:06Z,38,53.0,,165.2,1935,9251,49,918.75,1 (Idle),,,,,918.75,nvapi_measured
2026-10-05T21:35:07Z,38,53.0,,155.4,1935,9251,48,918.75,1 (Idle),,,,,918.75,nvapi_measured
2026-10-05T21:35:08Z,38,53.0,,162.3,1935,9251,52,918.75,1 (Idle),,,,,918.75,nvapi_measured
2026-10-05T21:35:09Z,38,53.0,,159.0,1935,9251,52,918.75,1 (Idle),,,,,918.75,nvapi_measured
2026-10-05T21:35:10Z,38,53.0,,161.2,1935,9251,52,918.75,1 (Idle),,,,,918.75,nvapi_measured
2026-10-05T21:35:11Z,38,53.0,,160.9,1935,9251,51,918.75,1 (Idle),,,,,918.75,nvapi_measured
2026-10-05T21:35:12Z,38,53.0,,158.7,1935,9251,55,918.75,1 (Idle),,,,,918.75,nvapi_measured
2026-10-05T21:35:13Z,38,53.0,,162.8,1935,9251,56,918.75,1 (Idle),,,,,918.75,nvapi_measured
2026-10-05T21:35:14Z,37,52.0,,156.4,1935,9251,46,918.75,1 (Idle),,,,,918.75,nvapi_measured
2026-10-05T21:35:15Z,38,53.0,,157.3,1935,9251,55,918.75,1 (Idle),,,,,918.75,nvapi_measured
2026-10-05T21:35:16Z,38,53.0,,160.8,1935,9251,46,918.75,1 (Idle),,,,,918.75,nvapi_measured
2026-10-05T21:35:18Z,38,53.0,,156.3,1935,9251,54,918.75,1 (Idle),,,,,918.75,nvapi_measured
2026-10-05T21:35:19Z,38,53.0,,159.6,1935,9251,54,918.75,1 (Idle),,,,,918.75,nvapi_measured
2026-10-05T21:35:20Z,38,53.0,,161.8,1935,9251,50,918.75,1 (Idle),,,,,918.75,nvapi_measured
2026-10-05T21:35:21Z,38,53.0,,155.5,1935,9251,50,918.75,1 (Idle),,,,,918.75,nvapi_measured
2026-10-05T21:35:22Z,38,53.0,,155.7,1935,9251,46,918.75,1 (Idle),,,,,918.75,nvapi_measured
2026-10-05T21:35:23Z,37,52.0,,156.6,1935,9251,45,918.75,1 (Idle),,,,,918.75,nvapi_measured
2026-10-05T21:35:24Z,38,53.0,,155.9,1935,9251,46,918.75,1 (Idle),,,,,918.75,nvapi_measured
2026-10-05T21:35:25Z,38,53.0,,160.1,1935,9251,55,918.75,1 (Idle),,,,,918.75,nvapi_measured
2026-10-05T21:35:26Z,38,53.0,,159.1,1935,9251,55,918.75,1 (Idle),,,,,918.75,nvapi_measured
2026-10-05T21:35:27Z,37,52.0,,156.4,1935,9251,49,918.75,1 (Idle),,,,,918.75,nvapi_measured
2026-10-05T21:35:28Z,37,52.0,,154.7,1935,9251,49,918.75,1 (Idle),,,,,918.75,nvapi_measured
2026-10-05T21:35:30Z,38,53.0,,156.3,1935,9251,54,918.75,1 (Idle),,,,,918.75,nvapi_measured
2026-10-05T21:35:31Z,38,53.0,,156.3,1935,9251,50,918.75,1 (Idle),,,,,918.75,nvapi_measured
2026-10-05T21:35:32Z,37,52.0,,156.7,1935,9251,45,918.75,1 (Idle),,,,,918.75,nvapi_measured
2026-10-05T21:35:39Z,32,47.0,,28.2,210,810,0,781.25,1 (Idle),,,,,781.25,nvapi_measured
2026-10-05T21:35:40Z,36,51.0,,82.6,1980,9251,69,918.75,0,,,,,918.75,nvapi_measured
2026-10-05T21:35:41Z,38,53.0,,191.2,1980,9251,68,918.75,0,,,,,918.75,nvapi_measured
2026-10-05T21:35:42Z,38,53.0,,186.2,1980,9251,57,918.75,0,,,,,918.75,nvapi_measured
2026-10-05T21:35:43Z,39,54.0,,178.8,1980,9251,61,918.75,0,,,,,918.75,nvapi_measured
2026-10-05T21:35:44Z,38,53.0,,174.4,1980,9251,57,918.75,0,,,,,918.75,nvapi_measured
2026-10-05T21:35:45Z,38,53.0,,167.9,1980,9251,57,918.75,0,,,,,918.75,nvapi_measured
2026-10-05T21:35:46Z,38,53.0,,169.1,1980,9251,57,918.75,0,,,,,918.75,nvapi_measured
2026-10-05T21:35:48Z,38,53.0,,166.3,1980,9251,48,918.75,1 (Idle),,,,,918.75,nvapi_measured
2026-10-05T21:35:49Z,38,53.0,,161.5,1980,9251,48,918.75,1 (Idle),,,,,918.75,nvapi_measured
2026-10-05T21:35:50Z,38,53.0,,167.0,1980,9251,52,918.75,1 (Idle),,,,,918.75,nvapi_measured
2026-10-05T21:35:51Z,38,53.0,,165.4,1980,9251,51,918.75,1 (Idle),,,,,918.75,nvapi_measured
2026-10-05T21:35:52Z,38,53.0,,165.2,1980,9251,51,918.75,1 (Idle),,,,,918.75,nvapi_measured
2026-10-05T21:35:53Z,38,53.0,,165.1,1980,9251,51,918.75,1 (Idle),,,,,918.75,nvapi_measured
2026-10-05T21:35:54Z,38,53.0,,165.1,1980,9251,51,918.75,1 (Idle),,,,,918.75,nvapi_measured
2026-10-05T21:35:55Z,38,53.0,,162.3,1980,9251,48,918.75,1 (Idle),,,,,918.75,nvapi_measured
2026-10-05T21:35:56Z,38,53.0,,164.1,1980,9251,56,918.75,1 (Idle),,,,,918.75,nvapi_measured
2026-10-05T21:35:57Z,38,53.0,,163.1,1980,9251,48,918.75,1 (Idle),,,,,918.75,nvapi_measured
2026-10-05T21:35:58Z,38,53.0,,161.4,1980,9251,56,918.75,1 (Idle),,,,,918.75,nvapi_measured
2026-10-05T21:36:00Z,38,53.0,,168.8,1980,9251,47,918.75,1 (Idle),,,,,918.75,nvapi_measured
2026-10-05T21:36:01Z,38,53.0,,164.7,1980,9251,51,918.75,1 (Idle),,,,,918.75,nvapi_measured
2026-10-05T21:36:02Z,38,53.0,,165.5,1980,9251,51,918.75,1 (Idle),,,,,918.75,nvapi_measured
2026-10-05T21:36:03Z,38,53.0,,163.2,1980,9251,50,918.75,1 (Idle),,,,,918.75,nvapi_measured
2026-10-05T21:36:04Z,38,53.0,,163.9,1980,9251,51,918.75,1 (Idle),,,,,918.75,nvapi_measured
2026-10-05T21:36:05Z,38,53.0,,163.0,1980,9251,48,918.75,1 (Idle),,,,,918.75,nvapi_measured
2026-10-05T21:36:06Z,38,53.0,,158.1,1980,9251,49,918.75,1 (Idle),,,,,918.75,nvapi_measured
2026-10-05T21:36:07Z,38,53.0,,158.9,1980,9251,52,918.75,1 (Idle),,,,,918.75,nvapi_measured
2026-10-05T21:36:08Z,38,53.0,,164.2,1980,9251,55,918.75,1 (Idle),,,,,918.75,nvapi_measured
2026-10-05T21:36:09Z,38,53.0,,163.7,1980,9251,47,918.75,1 (Idle),,,,,918.75,nvapi_measured
2026-10-05T21:36:10Z,38,53.0,,161.6,1980,9251,55,918.75,1 (Idle),,,,,918.75,nvapi_measured
2026-10-05T21:36:11Z,38,53.0,,165.0,1980,9251,56,918.75,1 (Idle),,,,,918.75,nvapi_measured
2026-10-05T21:36:13Z,38,53.0,,165.6,1980,9251,50,918.75,1 (Idle),,,,,918.75,nvapi_measured
2026-10-05T21:36:14Z,38,53.0,,162.6,1980,9251,50,918.75,1 (Idle),,,,,918.75,nvapi_measured
2026-10-05T21:36:21Z,32,47.0,,43.9,210,810,0,800.0,1 (Idle),,,,,800.0,nvapi_measured
2026-10-05T21:36:22Z,37,52.0,,84.4,2025,9251,70,918.75,0,,,,,918.75,nvapi_measured
2026-10-05T21:36:23Z,39,54.0,,196.2,2025,9251,65,918.75,0,,,,,918.75,nvapi_measured
2026-10-05T21:36:24Z,39,54.0,,185.4,2025,9251,58,918.75,0,,,,,918.75,nvapi_measured
2026-10-05T21:36:25Z,39,54.0,,178.4,2025,9251,57,918.75,0,,,,,918.75,nvapi_measured
2026-10-05T21:36:26Z,39,54.0,,177.1,2025,9251,56,918.75,0,,,,,918.75,nvapi_measured
2026-10-05T21:36:27Z,38,53.0,,169.9,2025,9251,49,918.75,0,,,,,918.75,nvapi_measured
2026-10-05T21:36:28Z,39,54.0,,165.3,2025,9251,58,918.75,1 (Idle),,,,,918.75,nvapi_measured
2026-10-05T21:36:29Z,38,53.0,,167.7,2025,9251,48,918.75,1 (Idle),,,,,918.75,nvapi_measured
2026-10-05T21:36:31Z,38,53.0,,166.1,2025,9251,48,918.75,1 (Idle),,,,,918.75,nvapi_measured
2026-10-05T21:36:32Z,38,53.0,,160.4,2025,9251,46,918.75,1 (Idle),,,,,918.75,nvapi_measured
2026-10-05T21:36:33Z,38,53.0,,167.6,2025,9251,52,918.75,1 (Idle),,,,,918.75,nvapi_measured
2026-10-05T21:36:34Z,39,54.0,,169.5,2025,9251,55,918.75,1 (Idle),,,,,918.75,nvapi_measured
2026-10-05T21:36:35Z,39,54.0,,171.8,2025,9251,55,918.75,1 (Idle),,,,,918.75,nvapi_measured
2026-10-05T21:36:36Z,38,53.0,,171.0,2025,9251,50,918.75,1 (Idle),,,,,918.75,nvapi_measured
2026-10-05T21:36:37Z,38,53.0,,166.5,2025,9251,53,918.75,1 (Idle),,,,,918.75,nvapi_measured
2026-10-05T21:36:38Z,38,53.0,,159.4,2025,9251,46,918.75,1 (Idle),,,,,918.75,nvapi_measured
2026-10-05T21:36:39Z,38,53.0,,163.9,2025,9251,47,918.75,1 (Idle),,,,,918.75,nvapi_measured
2026-10-05T21:36:40Z,38,53.0,,163.7,2025,9251,56,918.75,1 (Idle),,,,,918.75,nvapi_measured
2026-10-05T21:36:41Z,38,53.0,,167.0,2025,9251,47,918.75,1 (Idle),,,,,918.75,nvapi_measured
2026-10-05T21:36:43Z,38,53.0,,165.4,2025,9251,52,918.75,1 (Idle),,,,,918.75,nvapi_measured
2026-10-05T21:36:44Z,38,53.0,,168.2,2025,9251,56,918.75,1 (Idle),,,,,918.75,nvapi_measured
2026-10-05T21:36:45Z,38,53.0,,166.8,2025,9251,53,918.75,1 (Idle),,,,,918.75,nvapi_measured
2026-10-05T21:36:46Z,38,53.0,,164.9,2025,9251,51,918.75,1 (Idle),,,,,918.75,nvapi_measured
2026-10-05T21:36:47Z,38,53.0,,165.3,2025,9251,50,918.75,1 (Idle),,,,,918.75,nvapi_measured
2026-10-05T21:36:48Z,38,53.0,,158.6,2025,9251,47,918.75,1 (Idle),,,,,918.75,nvapi_measured
2026-10-05T21:36:49Z,38,53.0,,158.5,2025,9251,47,918.75,1 (Idle),,,,,918.75,nvapi_measured
2026-10-05T21:36:50Z,38,53.0,,164.9,2025,9251,57,918.75,1 (Idle),,,,,918.75,nvapi_measured
2026-10-05T21:36:51Z,38,53.0,,165.4,2025,9251,47,918.75,1 (Idle),,,,,918.75,nvapi_measured
2026-10-05T21:36:52Z,38,53.0,,168.3,2025,9251,56,918.75,1 (Idle),,,,,918.75,nvapi_measured
2026-10-05T21:36:53Z,38,53.0,,168.5,2025,9251,56,918.75,1 (Idle),,,,,918.75,nvapi_measured
2026-10-05T21:36:54Z,38,53.0,,167.4,2025,9251,50,918.75,1 (Idle),,,,,918.75,nvapi_measured
2026-10-05T21:36:56Z,38,53.0,,163.8,2025,9251,51,918.75,1 (Idle),,,,,918.75,nvapi_measured
2026-10-05T21:36:57Z,38,53.0,,166.1,2025,9251,55,918.75,1 (Idle),,,,,918.75,nvapi_measured
2026-10-05T21:37:04Z,31,46.0,,18.5,210,810,1,918.75,1 (Idle),,,,,918.75,nvapi_measured
2026-10-05T21:37:05Z,36,51.0,,86.4,2070,9251,68,918.75,0,,,,,918.75,nvapi_measured
2026-10-05T21:37:06Z,39,54.0,,192.5,2070,9251,66,918.75,0,,,,,918.75,nvapi_measured
2026-10-05T21:37:07Z,39,54.0,,183.6,2070,9251,61,918.75,0,,,,,918.75,nvapi_measured
2026-10-05T21:37:08Z,39,54.0,,174.6,2070,9251,54,918.75,0,,,,,918.75,nvapi_measured
2026-10-05T21:37:09Z,38,53.0,,167.5,2070,9251,48,918.75,0,,,,,918.75,nvapi_measured
2026-10-05T21:37:10Z,39,54.0,,166.2,2070,9251,57,918.75,0,,,,,918.75,nvapi_measured
2026-10-05T21:37:11Z,39,54.0,,169.2,2070,9251,57,918.75,0,,,,,918.75,nvapi_measured
2026-10-05T21:37:13Z,39,54.0,,167.8,2070,9251,57,918.75,1 (Idle),,,,,918.75,nvapi_measured
2026-10-05T21:37:14Z,38,53.0,,172.3,2070,9251,54,918.75,1 (Idle),,,,,918.75,nvapi_measured
2026-10-05T21:37:15Z,38,53.0,,161.4,2070,9251,50,918.75,1 (Idle),,,,,918.75,nvapi_measured
2026-10-05T21:37:16Z,38,53.0,,164.2,2070,9251,51,918.75,1 (Idle),,,,,918.75,nvapi_measured
2026-10-05T21:37:17Z,38,53.0,,165.7,2070,9251,54,918.75,1 (Idle),,,,,918.75,nvapi_measured
2026-10-05T21:37:18Z,39,54.0,,168.4,2070,9251,55,918.75,1 (Idle),,,,,918.75,nvapi_measured
2026-10-05T21:37:19Z,38,53.0,,169.8,2070,9251,51,918.75,1 (Idle),,,,,918.75,nvapi_measured
2026-10-05T21:37:20Z,38,53.0,,161.2,2070,9251,50,918.75,1 (Idle),,,,,918.75,nvapi_measured
2026-10-05T21:37:21Z,38,53.0,,159.0,2070,9251,46,918.75,1 (Idle),,,,,918.75,nvapi_measured
2026-10-05T21:37:22Z,38,53.0,,158.9,2070,9251,46,918.75,1 (Idle),,,,,918.75,nvapi_measured
2026-10-05T21:37:23Z,38,53.0,,163.6,2070,9251,56,918.75,1 (Idle),,,,,918.75,nvapi_measured
2026-10-05T21:37:25Z,38,53.0,,165.7,2070,9251,55,918.75,1 (Idle),,,,,918.75,nvapi_measured
2026-10-05T21:37:26Z,38,53.0,,166.7,2070,9251,50,918.75,1 (Idle),,,,,918.75,nvapi_measured
2026-10-05T21:37:27Z,38,53.0,,166.7,2070,9251,49,918.75,1 (Idle),,,,,918.75,nvapi_measured
2026-10-05T21:37:28Z,38,53.0,,165.8,2070,9251,52,918.75,1 (Idle),,,,,918.75,nvapi_measured
2026-10-05T21:37:29Z,38,53.0,,165.4,2070,9251,49,918.75,1 (Idle),,,,,918.75,nvapi_measured
2026-10-05T21:37:30Z,38,53.0,,161.5,2070,9251,49,918.75,1 (Idle),,,,,918.75,nvapi_measured
2026-10-05T21:37:31Z,38,53.0,,160.7,2070,9251,46,918.75,1 (Idle),,,,,918.75,nvapi_measured
2026-10-05T21:37:32Z,38,53.0,,167.2,2070,9251,55,918.75,1 (Idle),,,,,918.75,nvapi_measured
2026-10-05T21:37:33Z,38,53.0,,163.5,2070,9251,46,918.75,1 (Idle),,,,,918.75,nvapi_measured
2026-10-05T21:37:34Z,38,53.0,,164.5,2070,9251,55,918.75,1 (Idle),,,,,918.75,nvapi_measured
2026-10-05T21:37:35Z,38,53.0,,167.3,2070,9251,55,918.75,1 (Idle),,,,,918.75,nvapi_measured
2026-10-05T21:37:37Z,38,53.0,,168.8,2070,9251,50,918.75,1 (Idle),,,,,918.75,nvapi_measured
2026-10-05T21:37:38Z,38,53.0,,162.0,2070,9251,49,918.75,1 (Idle),,,,,918.75,nvapi_measured
2026-10-05T21:37:39Z,36,51.0,,138.7,2070,9501,0,918.75,1 (Idle),,,,,918.75,nvapi_measured
2026-10-05T21:37:45Z,32,47.0,,34.7,210,810,0,737.5,1 (Idle),,,,,737.5,nvapi_measured
2026-10-05T21:37:46Z,37,52.0,,66.5,2115,9251,69,918.75,0,,,,,918.75,nvapi_measured
2026-10-05T21:37:47Z,39,54.0,,192.7,2115,9251,64,918.75,0,,,,,918.75,nvapi_measured
2026-10-05T21:37:49Z,39,54.0,,183.3,2115,9251,58,918.75,0,,,,,918.75,nvapi_measured
2026-10-05T21:37:50Z,39,54.0,,179.3,2115,9251,62,918.75,0,,,,,918.75,nvapi_measured
2026-10-05T21:37:51Z,39,54.0,,171.5,2115,9251,53,918.75,0,,,,,918.75,nvapi_measured
2026-10-05T21:37:52Z,39,54.0,,168.0,2115,9251,54,918.75,0,,,,,918.75,nvapi_measured
2026-10-05T21:37:53Z,39,54.0,,170.1,2115,9251,52,918.75,1 (Idle),,,,,918.75,nvapi_measured
2026-10-05T21:37:54Z,38,53.0,,171.7,2115,9251,48,918.75,1 (Idle),,,,,918.75,nvapi_measured
2026-10-05T21:37:55Z,39,54.0,,166.8,2115,9251,53,918.75,1 (Idle),,,,,918.75,nvapi_measured
2026-10-05T21:37:56Z,39,54.0,,172.5,2115,9251,57,918.75,1 (Idle),,,,,918.75,nvapi_measured
2026-10-05T21:37:57Z,39,54.0,,169.2,2115,9251,51,918.75,1 (Idle),,,,,918.75,nvapi_measured
2026-10-05T21:37:58Z,39,54.0,,165.8,2115,9251,51,918.75,1 (Idle),,,,,918.75,nvapi_measured
2026-10-05T21:37:59Z,39,54.0,,166.0,2115,9251,51,918.75,1 (Idle),,,,,918.75,nvapi_measured
2026-10-05T21:38:01Z,39,54.0,,166.6,2115,9251,53,918.75,1 (Idle),,,,,918.75,nvapi_measured
2026-10-05T21:38:02Z,39,54.0,,169.1,2115,9251,55,918.75,1 (Idle),,,,,918.75,nvapi_measured
2026-10-05T21:38:03Z,38,53.0,,163.5,2115,9251,46,918.75,1 (Idle),,,,,918.75,nvapi_measured
2026-10-05T21:38:04Z,38,53.0,,162.1,2115,9251,47,918.75,1 (Idle),,,,,918.75,nvapi_measured
2026-10-05T21:38:05Z,38,53.0,,161.5,2115,9251,47,918.75,1 (Idle),,,,,918.75,nvapi_measured
2026-10-05T21:38:06Z,38,53.0,,162.8,2115,9251,51,918.75,1 (Idle),,,,,918.75,nvapi_measured
2026-10-05T21:38:07Z,38,53.0,,165.8,2115,9251,51,918.75,1 (Idle),,,,,918.75,nvapi_measured
2026-10-05T21:38:08Z,39,54.0,,168.3,2115,9251,52,918.75,1 (Idle),,,,,918.75,nvapi_measured
2026-10-05T21:38:09Z,38,53.0,,166.7,2115,9251,52,918.75,1 (Idle),,,,,918.75,nvapi_measured
2026-10-05T21:38:10Z,39,54.0,,166.8,2115,9251,52,918.75,1 (Idle),,,,,918.75,nvapi_measured
2026-10-05T21:38:11Z,39,54.0,,165.9,2115,9251,56,918.75,1 (Idle),,,,,918.75,nvapi_measured
2026-10-05T21:38:12Z,38,53.0,,169.0,2115,9251,47,918.75,1 (Idle),,,,,918.75,nvapi_measured
2026-10-05T21:38:14Z,38,53.0,,160.5,2115,9251,55,918.75,1 (Idle),,,,,918.75,nvapi_measured
2026-10-05T21:38:15Z,38,53.0,,163.8,2115,9251,47,918.75,1 (Idle),,,,,918.75,nvapi_measured
2026-10-05T21:38:16Z,38,53.0,,164.2,2115,9251,47,918.75,1 (Idle),,,,,918.75,nvapi_measured
2026-10-05T21:38:17Z,38,53.0,,163.9,2115,9251,51,918.75,1 (Idle),,,,,918.75,nvapi_measured
2026-10-05T21:38:18Z,38,53.0,,165.7,2115,9251,51,918.75,1 (Idle),,,,,918.75,nvapi_measured
2026-10-05T21:38:19Z,38,53.0,,165.7,2115,9251,51,918.75,1 (Idle),,,,,918.75,nvapi_measured
2026-10-05T21:38:21Z,36,51.0,,134.8,2115,9501,0,918.75,1 (Idle),,,,,918.75,nvapi_measured
2026-10-05T21:38:27Z,32,47.0,,36.6,210,810,0,781.25,1 (Idle),,,,,781.25,nvapi_measured
2026-10-05T21:38:32Z,0,15.0,,54.6,2160,9251,14,919,4 (PwrCap),,,,,,curve_estimate
