utc,temp_c,hotspot_c,vram_junction_c,power_w,clock_mhz,mem_clock_mhz,util_gpu,voltage_mv,throttle_reasons,pstate,perf_decrease,topo_gpu_mw,topo_total_mw,measured_voltage_mv,voltage_source
2026-10-05T23:55:16Z,26,41.0,,9.6,210,405,0,850.0,1 (Idle),,,,,850.0,nvapi_measured
2026-10-05T23:55:17Z,29,44.0,,59.8,1665,9251,0,850.0,0,,,,,850.0,nvapi_measured
2026-10-05T23:55:18Z,31,46.0,,88.4,1665,9251,14,850.0,0,,,,,850.0,nvapi_measured
2026-10-05T23:55:19Z,31,46.0,,105.4,1665,9251,6,850.0,0,,,,,850.0,nvapi_measured
2026-10-05T23:55:20Z,33,48.0,,114.5,1665,9251,24,850.0,0,,,,,850.0,nvapi_measured
2026-10-05T23:55:21Z,32,47.0,,117.9,1665,9251,46,850.0,0,,,,,850.0,nvapi_measured
2026-10-05T23:55:22Z,33,48.0,,128.1,1665,9251,40,850.0,0,,,,,850.0,nvapi_measured
2026-10-05T23:55:23Z,32,47.0,,129.5,1665,9251,48,850.0,1 (Idle),,,,,850.0,nvapi_measured
2026-10-05T23:55:24Z,34,49.0,,136.6,1665,9251,50,850.0,1 (Idle),,,,,850.0,nvapi_measured
2026-10-05T23:55:25Z,34,49.0,,141.0,1665,9251,23,850.0,1 (Idle),,,,,850.0,nvapi_measured
2026-10-05T23:55:27Z,35,50.0,,145.0,1665,9251,53,850.0,1 (Idle),,,,,850.0,nvapi_measured
2026-10-05T23:55:28Z,35,50.0,,151.8,1665,9251,67,850.0,1 (Idle),,,,,850.0,nvapi_measured
2026-10-05T23:55:29Z,34,49.0,,151.7,1665,9251,44,850.0,1 (Idle),,,,,850.0,nvapi_measured
2026-10-05T23:55:30Z,34,49.0,,152.6,1665,9251,67,850.0,1 (Idle),,,,,850.0,nvapi_measured
2026-10-05T23:55:31Z,35,50.0,,153.4,1665,9251,68,850.0,1 (Idle),,,,,850.0,nvapi_measured
2026-10-05T23:55:32Z,35,50.0,,152.4,1665,9251,67,850.0,1 (Idle),,,,,850.0,nvapi_measured
2026-10-05T23:55:33Z,35,50.0,,154.5,1665,9251,68,850.0,1 (Idle),,,,,850.0,nvapi_measured
2026-10-05T23:55:34Z,34,49.0,,153.7,1665,9251,50,850.0,1 (Idle),,,,,850.0,nvapi_measured
2026-10-05T23:55:35Z,35,50.0,,148.8,1665,9251,49,850.0,1 (Idle),,,,,850.0,nvapi_measured
2026-10-05T23:55:36Z,35,50.0,,153.8,1665,9251,63,850.0,1 (Idle),,,,,850.0,nvapi_measured
2026-10-05T23:55:37Z,35,50.0,,150.0,1665,9251,51,850.0,1 (Idle),,,,,850.0,nvapi_measured
2026-10-05T23:55:38Z,35,50.0,,153.0,1665,9251,66,850.0,1 (Idle),,,,,850.0,nvapi_measured
2026-10-05T23:55:39Z,35,50.0,,150.4,1665,9251,48,850.0,1 (Idle),,,,,850.0,nvapi_measured
2026-10-05T23:55:41Z,35,50.0,,151.9,1665,9251,68,850.0,1 (Idle),,,,,850.0,nvapi_measured
2026-10-05T23:55:42Z,35,50.0,,153.0,1665,9251,57,850.0,1 (Idle),,,,,850.0,nvapi_measured
2026-10-05T23:55:43Z,35,50.0,,151.3,1665,9251,67,850.0,1 (Idle),,,,,850.0,nvapi_measured
2026-10-05T23:55:44Z,35,50.0,,153.6,1665,9251,59,850.0,1 (Idle),,,,,850.0,nvapi_measured
2026-10-05T23:55:45Z,35,50.0,,150.6,1665,9251,27,850.0,1 (Idle),,,,,850.0,nvapi_measured
2026-10-05T23:55:46Z,35,50.0,,149.0,1665,9251,50,850.0,1 (Idle),,,,,850.0,nvapi_measured
2026-10-05T23:55:52Z,27,42.0,,5.4,210,405,0,743.75,1 (Idle),,,,,743.75,nvapi_measured
2026-10-05T23:55:54Z,29,44.0,,47.2,1680,9251,0,850.0,0,,,,,850.0,nvapi_measured
2026-10-05T23:55:55Z,31,46.0,,99.4,1680,9251,47,850.0,0,,,,,850.0,nvapi_measured
2026-10-05T23:55:56Z,32,47.0,,111.5,1680,9251,43,850.0,0,,,,,850.0,nvapi_measured
2026-10-05T23:55:57Z,32,47.0,,112.8,1680,9251,2,850.0,0,,,,,850.0,nvapi_measured
2026-10-05T23:55:58Z,33,48.0,,119.3,1680,9251,47,850.0,0,,,,,850.0,nvapi_measured
2026-10-05T23:55:59Z,34,49.0,,124.6,1680,9251,32,850.0,0,,,,,850.0,nvapi_measured
2026-10-05T23:56:00Z,34,49.0,,133.4,1680,9251,39,850.0,1 (Idle),,,,,850.0,nvapi_measured
2026-10-05T23:56:01Z,34,49.0,,140.2,1680,9251,53,850.0,1 (Idle),,,,,850.0,nvapi_measured
2026-10-05T23:56:02Z,35,50.0,,145.2,1680,9251,59,850.0,1 (Idle),,,,,850.0,nvapi_measured
2026-10-05T23:56:03Z,34,49.0,,154.1,1680,9251,58,850.0,1 (Idle),,,,,850.0,nvapi_measured
2026-10-05T23:56:04Z,36,51.0,,151.8,1680,9251,68,850.0,1 (Idle),,,,,850.0,nvapi_measured
2026-10-05T23:56:05Z,36,51.0,,156.5,1680,9251,68,850.0,1 (Idle),,,,,850.0,nvapi_measured
2026-10-05T23:56:07Z,36,51.0,,154.0,1680,9251,49,850.0,1 (Idle),,,,,850.0,nvapi_measured
2026-10-05T23:56:08Z,35,50.0,,154.0,1680,9251,66,850.0,1 (Idle),,,,,850.0,nvapi_measured
2026-10-05T23:56:09Z,36,51.0,,152.0,1680,9251,28,850.0,1 (Idle),,,,,850.0,nvapi_measured
2026-10-05T23:56:10Z,36,51.0,,152.1,1680,9251,63,850.0,1 (Idle),,,,,850.0,nvapi_measured
2026-10-05T23:56:11Z,35,50.0,,154.2,1680,9251,48,850.0,1 (Idle),,,,,850.0,nvapi_measured
2026-10-05T23:56:12Z,35,50.0,,154.2,1680,9251,60,850.0,1 (Idle),,,,,850.0,nvapi_measured
2026-10-05T23:56:13Z,35,50.0,,155.8,1680,9251,59,850.0,1 (Idle),,,,,850.0,nvapi_measured
2026-10-05T23:56:14Z,36,51.0,,152.1,1680,9251,48,850.0,1 (Idle),,,,,850.0,nvapi_measured
2026-10-05T23:56:15Z,36,51.0,,153.8,1680,9251,49,850.0,1 (Idle),,,,,850.0,nvapi_measured
2026-10-05T23:56:16Z,35,50.0,,153.0,1680,9251,42,850.0,1 (Idle),,,,,850.0,nvapi_measured
2026-10-05T23:56:17Z,36,51.0,,153.4,1680,9251,68,850.0,1 (Idle),,,,,850.0,nvapi_measured
2026-10-05T23:56:18Z,36,51.0,,152.1,1680,9251,27,850.0,1 (Idle),,,,,850.0,nvapi_measured
2026-10-05T23:56:19Z,36,51.0,,152.1,1680,9251,56,850.0,1 (Idle),,,,,850.0,nvapi_measured
2026-10-05T23:56:21Z,36,51.0,,154.6,1680,9251,47,850.0,1 (Idle),,,,,850.0,nvapi_measured
2026-10-05T23:56:22Z,36,51.0,,152.2,1680,9251,68,850.0,1 (Idle),,,,,850.0,nvapi_measured
2026-10-05T23:56:23Z,36,51.0,,157.2,1680,9251,68,850.0,1 (Idle),,,,,850.0,nvapi_measured
2026-10-05T23:56:29Z,27,42.0,,4.7,210,405,0,850.0,1 (Idle),,,,,850.0,nvapi_measured
2026-10-05T23:56:30Z,30,45.0,,51.1,1695,9251,0,850.0,0,,,,,850.0,nvapi_measured
2026-10-05T23:56:31Z,31,46.0,,94.1,1695,9251,31,850.0,0,,,,,850.0,nvapi_measured
2026-10-05T23:56:32Z,32,47.0,,111.0,1695,9251,47,850.0,0,,,,,850.0,nvapi_measured
2026-10-05T23:56:33Z,33,48.0,,113.1,1695,9251,0,850.0,0,,,,,850.0,nvapi_measured
2026-10-05T23:56:35Z,33,48.0,,119.0,1695,9251,47,850.0,0,,,,,850.0,nvapi_measured
2026-10-05T23:56:36Z,35,50.0,,126.5,1695,9251,31,850.0,0,,,,,850.0,nvapi_measured
2026-10-05T23:56:37Z,35,50.0,,133.5,1695,9251,47,850.0,1 (Idle),,,,,850.0,nvapi_measured
2026-10-05T23:56:38Z,35,50.0,,138.8,1695,9251,18,850.0,1 (Idle),,,,,850.0,nvapi_measured
2026-10-05T23:56:39Z,35,50.0,,142.8,1695,9251,47,850.0,1 (Idle),,,,,850.0,nvapi_measured
2026-10-05T23:56:40Z,36,51.0,,151.6,1695,9251,67,850.0,1 (Idle),,,,,850.0,nvapi_measured
2026-10-05T23:56:41Z,36,51.0,,154.4,1695,9251,47,850.0,1 (Idle),,,,,850.0,nvapi_measured
2026-10-05T23:56:42Z,36,51.0,,154.8,1695,9251,47,850.0,1 (Idle),,,,,850.0,nvapi_measured
2026-10-05T23:56:43Z,35,50.0,,154.9,1695,9251,48,850.0,1 (Idle),,,,,850.0,nvapi_measured
2026-10-05T23:56:44Z,36,51.0,,154.7,1695,9251,63,850.0,1 (Idle),,,,,850.0,nvapi_measured
2026-10-05T23:56:45Z,36,51.0,,157.1,1695,9251,54,850.0,1 (Idle),,,,,850.0,nvapi_measured
2026-10-05T23:56:46Z,37,52.0,,153.6,1695,9251,68,850.0,1 (Idle),,,,,850.0,nvapi_measured
2026-10-05T23:56:47Z,36,51.0,,158.6,1695,9251,68,850.0,1 (Idle),,,,,850.0,nvapi_measured
2026-10-05T23:56:49Z,37,52.0,,154.7,1695,9251,47,850.0,1 (Idle),,,,,850.0,nvapi_measured
2026-10-05T23:56:50Z,37,52.0,,155.1,1695,9251,50,850.0,1 (Idle),,,,,850.0,nvapi_measured
2026-10-05T23:56:51Z,36,51.0,,155.1,1695,9251,47,850.0,1 (Idle),,,,,850.0,nvapi_measured
2026-10-05T23:56:52Z,37,52.0,,155.0,1695,9251,56,850.0,1 (Idle),,,,,850.0,nvapi_measured
2026-10-05T23:56:53Z,36,51.0,,153.8,1695,9251,28,850.0,1 (Idle),,,,,850.0,nvapi_measured
2026-10-05T23:56:54Z,37,52.0,,154.0,1695,9251,68,850.0,1 (Idle),,,,,850.0,nvapi_measured
2026-10-05T23:56:55Z,37,52.0,,158.6,1695,9251,68,850.0,1 (Idle),,,,,850.0,nvapi_measured
2026-10-05T23:56:56Z,37,52.0,,153.6,1695,9251,49,850.0,1 (Idle),,,,,850.0,nvapi_measured
2026-10-05T23:56:57Z,37,52.0,,155.8,1695,9251,58,850.0,1 (Idle),,,,,850.0,nvapi_measured
2026-10-05T23:56:58Z,36,51.0,,155.0,1695,9251,57,850.0,1 (Idle),,,,,850.0,nvapi_measured
2026-10-05T23:56:59Z,37,52.0,,156.4,1695,9251,50,850.0,1 (Idle),,,,,850.0,nvapi_measured
2026-10-05T23:57:06Z,28,43.0,,4.8,210,405,0,850.0,1 (Idle),,,,,850.0,nvapi_measured
2026-10-05T23:57:07Z,30,45.0,,56.0,1710,9251,1,850.0,0,,,,,850.0,nvapi_measured
2026-10-05T23:57:08Z,32,47.0,,89.6,1710,9251,0,850.0,0,,,,,850.0,nvapi_measured
2026-10-05T23:57:09Z,32,47.0,,107.6,1710,9251,0,850.0,0,,,,,850.0,nvapi_measured
2026-10-05T23:57:10Z,33,48.0,,119.6,1710,9251,47,850.0,0,,,,,850.0,nvapi_measured
2026-10-05T23:57:11Z,34,49.0,,122.9,1710,9251,47,850.0,0,,,,,850.0,nvapi_measured
2026-10-05T23:57:12Z,35,50.0,,127.6,1710,9251,31,850.0,0,,,,,850.0,nvapi_measured
2026-10-05T23:57:13Z,36,51.0,,134.0,1710,9251,42,850.0,1 (Idle),,,,,850.0,nvapi_measured
2026-10-05T23:57:14Z,35,50.0,,140.8,1710,9251,48,850.0,1 (Idle),,,,,850.0,nvapi_measured
2026-10-05T23:57:15Z,35,50.0,,143.4,1710,9251,47,850.0,1 (Idle),,,,,850.0,nvapi_measured
2026-10-05T23:57:17Z,37,52.0,,153.4,1710,9251,60,850.0,1 (Idle),,,,,850.0,nvapi_measured
2026-10-05T23:57:18Z,36,51.0,,155.6,1710,9251,29,850.0,1 (Idle),,,,,850.0,nvapi_measured
2026-10-05T23:57:19Z,37,52.0,,155.3,1710,9251,69,850.0,1 (Idle),,,,,850.0,nvapi_measured
2026-10-05T23:57:20Z,37,52.0,,155.6,1710,9251,28,850.0,1 (Idle),,,,,850.0,nvapi_measured
2026-10-05T23:57:21Z,37,52.0,,155.2,1710,9251,69,850.0,1 (Idle),,,,,850.0,nvapi_measured
2026-10-05T23:57:22Z,37,52.0,,155.3,1710,9251,28,850.0,1 (Idle),,,,,850.0,nvapi_measured
2026-10-05T23:57:23Z,37,52.0,,155.3,1710,9251,68,850.0,1 (Idle),,,,,850.0,nvapi_measured
2026-10-05T23:57:24Z,37,52.0,,158.6,1710,9251,68,850.0,1 (Idle),,,,,850.0,nvapi_measured
2026-10-05T23:57:25Z,37,52.0,,155.0,1710,9251,50,850.0,1 (Idle),,,,,850.0,nvapi_measured
2026-10-05T23:57:26Z,37,52.0,,157.8,1710,9251,68,850.0,1 (Idle),,,,,850.0,nvapi_measured
2026-10-05T23:57:27Z,36,51.0,,155.7,1710,9251,47,850.0,1 (Idle),,,,,850.0,nvapi_measured
2026-10-05T23:57:28Z,37,52.0,,156.9,1710,9251,59,850.0,1 (Idle),,,,,850.0,nvapi_measured
2026-10-05T23:57:30Z,36,51.0,,155.7,1710,9251,47,850.0,1 (Idle),,,,,850.0,nvapi_measured
2026-10-05T23:57:31Z,37,52.0,,155.7,1710,9251,47,850.0,1 (Idle),,,,,850.0,nvapi_measured
2026-10-05T23:57:32Z,37,52.0,,155.7,1710,9251,48,850.0,1 (Idle),,,,,850.0,nvapi_measured
2026-10-05T23:57:33Z,37,52.0,,155.8,1710,9251,47,850.0,1 (Idle),,,,,850.0,nvapi_measured
2026-10-05T23:57:34Z,37,52.0,,155.9,1710,9251,48,850.0,1 (Idle),,,,,850.0,nvapi_measured
2026-10-05T23:57:35Z,37,52.0,,155.6,1710,9251,47,850.0,1 (Idle),,,,,850.0,nvapi_measured
2026-10-05T23:57:36Z,37,52.0,,156.0,1710,9251,48,850.0,1 (Idle),,,,,850.0,nvapi_measured
2026-10-05T23:57:42Z,28,43.0,,4.8,210,405,0,850.0,1 (Idle),,,,,850.0,nvapi_measured
2026-10-05T23:57:43Z,31,46.0,,45.3,1725,9251,9,850.0,0,,,,,850.0,nvapi_measured
2026-10-05T23:57:45Z,33,48.0,,101.0,1725,9251,0,850.0,0,,,,,850.0,nvapi_measured
2026-10-05T23:57:46Z,33,48.0,,108.4,1725,9251,0,850.0,0,,,,,850.0,nvapi_measured
2026-10-05T23:57:47Z,34,49.0,,114.6,1725,9251,6,850.0,0,,,,,850.0,nvapi_measured
2026-10-05T23:57:48Z,35,50.0,,121.7,1725,9251,43,850.0,0,,,,,850.0,nvapi_measured
2026-10-05T23:57:49Z,35,50.0,,132.2,1725,9251,46,850.0,0,,,,,850.0,nvapi_measured
2026-10-05T23:57:50Z,36,51.0,,136.0,1725,9251,41,850.0,1 (Idle),,,,,850.0,nvapi_measured
2026-10-05T23:57:51Z,36,51.0,,144.2,1725,9251,46,850.0,1 (Idle),,,,,850.0,nvapi_measured
2026-10-05T23:57:52Z,36,51.0,,150.0,1725,9251,46,850.0,1 (Idle),,,,,850.0,nvapi_measured
2026-10-05T23:57:53Z,37,52.0,,153.9,1725,9251,69,850.0,1 (Idle),,,,,850.0,nvapi_measured
2026-10-05T23:57:54Z,37,52.0,,160.8,1725,9251,57,850.0,1 (Idle),,,,,850.0,nvapi_measured
2026-10-05T23:57:55Z,37,52.0,,156.8,1725,9251,69,850.0,1 (Idle),,,,,850.0,nvapi_measured
2026-10-05T23:57:56Z,37,52.0,,159.8,1725,9251,47,850.0,1 (Idle),,,,,850.0,nvapi_measured
2026-10-05T23:57:58Z,37,52.0,,156.7,1725,9251,62,850.0,1 (Idle),,,,,850.0,nvapi_measured
2026-10-05T23:57:59Z,37,52.0,,156.3,1725,9251,46,850.0,1 (Idle),,,,,850.0,nvapi_measured
2026-10-05T23:58:00Z,36,51.0,,156.5,1725,9251,46,850.0,1 (Idle),,,,,850.0,nvapi_measured
2026-10-05T23:58:01Z,37,52.0,,156.7,1725,9251,53,850.0,1 (Idle),,,,,850.0,nvapi_measured
2026-10-05T23:58:02Z,36,51.0,,156.4,1725,9251,46,850.0,1 (Idle),,,,,850.0,nvapi_measured
2026-10-05T23:58:03Z,37,52.0,,158.0,1725,9251,64,850.0,1 (Idle),,,,,850.0,nvapi_measured
2026-10-05T23:58:04Z,36,51.0,,156.4,1725,9251,49,850.0,1 (Idle),,,,,850.0,nvapi_measured
2026-10-05T23:58:05Z,37,52.0,,157.2,1725,9251,68,850.0,1 (Idle),,,,,850.0,nvapi_measured
2026-10-05T23:58:06Z,37,52.0,,161.9,1725,9251,68,850.0,1 (Idle),,,,,850.0,nvapi_measured
2026-10-05T23:58:07Z,38,53.0,,157.4,1725,9251,69,850.0,1 (Idle),,,,,850.0,nvapi_measured
2026-10-05T23:58:08Z,38,53.0,,161.0,1725,9251,57,850.0,1 (Idle),,,,,850.0,nvapi_measured
2026-10-05T23:58:09Z,37,52.0,,157.3,1725,9251,69,850.0,1 (Idle),,,,,850.0,nvapi_measured
2026-10-05T23:58:10Z,37,52.0,,159.9,1725,9251,48,850.0,1 (Idle),,,,,850.0,nvapi_measured
2026-10-05T23:58:12Z,37,52.0,,157.3,1725,9251,68,850.0,1 (Idle),,,,,850.0,nvapi_measured
2026-10-05T23:58:13Z,37,52.0,,159.2,1725,9251,46,850.0,1 (Idle),,,,,850.0,nvapi_measured
2026-10-05T23:58:19Z,29,44.0,,5.4,210,405,0,850.0,1 (Idle),,,,,850.0,nvapi_measured
2026-10-05T23:58:20Z,31,46.0,,48.9,1740,9251,0,850.0,0,,,,,850.0,nvapi_measured
2026-10-05T23:58:21Z,33,48.0,,101.2,1740,9251,44,850.0,0,,,,,850.0,nvapi_measured
2026-10-05T23:58:22Z,33,48.0,,114.9,1740,9251,47,850.0,0,,,,,850.0,nvapi_measured
2026-10-05T23:58:23Z,34,49.0,,117.6,1740,9251,22,850.0,0,,,,,850.0,nvapi_measured
2026-10-05T23:58:24Z,36,51.0,,121.1,1740,9251,27,850.0,0,,,,,850.0,nvapi_measured
2026-10-05T23:58:26Z,36,51.0,,132.9,1740,9251,39,850.0,0,,,,,850.0,nvapi_measured
2026-10-05T23:58:27Z,35,50.0,,137.9,1740,9251,46,850.0,1 (Idle),,,,,850.0,nvapi_measured
2026-10-05T23:58:28Z,36,51.0,,144.4,1740,9251,46,850.0,1 (Idle),,,,,850.0,nvapi_measured
2026-10-05T23:58:29Z,36,51.0,,150.2,1740,9251,46,850.0,1 (Idle),,,,,850.0,nvapi_measured
2026-10-05T23:58:30Z,36,51.0,,151.7,1740,9251,58,850.0,1 (Idle),,,,,850.0,nvapi_measured
2026-10-05T23:58:31Z,37,52.0,,161.5,1740,9251,68,850.0,1 (Idle),,,,,850.0,nvapi_measured
2026-10-05T23:58:32Z,38,53.0,,159.7,1740,9251,47,850.0,1 (Idle),,,,,850.0,nvapi_measured
2026-10-05T23:58:33Z,37,52.0,,156.4,1740,9251,46,850.0,1 (Idle),,,,,850.0,nvapi_measured
2026-10-05T23:58:34Z,38,53.0,,156.3,1740,9251,42,850.0,1 (Idle),,,,,850.0,nvapi_measured
2026-10-05T23:58:35Z,38,53.0,,158.5,1740,9251,69,850.0,1 (Idle),,,,,850.0,nvapi_measured
2026-10-05T23:58:36Z,37,52.0,,158.1,1740,9251,30,850.0,1 (Idle),,,,,850.0,nvapi_measured
2026-10-05T23:58:37Z,38,53.0,,158.1,1740,9251,64,850.0,1 (Idle),,,,,850.0,nvapi_measured
2026-10-05T23:58:39Z,36,51.0,,158.4,1740,9251,46,850.0,1 (Idle),,,,,850.0,nvapi_measured
2026-10-05T23:58:40Z,38,53.0,,156.4,1740,9251,47,850.0,1 (Idle),,,,,850.0,nvapi_measured
2026-10-05T23:58:41Z,38,53.0,,160.6,1740,9251,69,850.0,1 (Idle),,,,,850.0,nvapi_measured
2026-10-05T23:58:42Z,38,53.0,,158.6,1740,9251,69,850.0,1 (Idle),,,,,850.0,nvapi_measured
2026-10-05T23:58:43Z,37,52.0,,161.8,1740,9251,51,850.0,1 (Idle),,,,,850.0,nvapi_measured
2026-10-05T23:58:44Z,37,52.0,,157.4,1740,9251,56,850.0,1 (Idle),,,,,850.0,nvapi_measured
2026-10-05T23:58:45Z,38,53.0,,158.2,1740,9251,47,850.0,1 (Idle),,,,,850.0,nvapi_measured
2026-10-05T23:58:46Z,37,52.0,,157.1,1740,9251,52,850.0,1 (Idle),,,,,850.0,nvapi_measured
2026-10-05T23:58:47Z,38,53.0,,161.2,1740,9251,69,850.0,1 (Idle),,,,,850.0,nvapi_measured
2026-10-05T23:58:48Z,38,53.0,,158.5,1740,9251,69,850.0,1 (Idle),,,,,850.0,nvapi_measured
2026-10-05T23:58:49Z,37,52.0,,160.9,1740,9251,46,850.0,1 (Idle),,,,,850.0,nvapi_measured
2026-10-05T23:58:56Z,29,44.0,,5.0,210,405,0,850.0,1 (Idle),,,,,850.0,nvapi_measured
2026-10-05T23:58:57Z,31,46.0,,48.5,1755,9251,0,850.0,0,,,,,850.0,nvapi_measured
2026-10-05T23:58:58Z,34,49.0,,96.4,1755,9251,42,850.0,0,,,,,850.0,nvapi_measured
2026-10-05T23:58:59Z,34,49.0,,114.7,1755,9251,46,850.0,0,,,,,850.0,nvapi_measured
2026-10-05T23:59:00Z,34,49.0,,120.3,1755,9251,42,850.0,0,,,,,850.0,nvapi_measured
2026-10-05T23:59:01Z,36,51.0,,127.0,1755,9251,43,850.0,0,,,,,850.0,nvapi_measured
2026-10-05T23:59:02Z,36,51.0,,132.8,1755,9251,38,850.0,0,,,,,850.0,nvapi_measured
2026-10-05T23:59:03Z,37,52.0,,138.3,1755,9251,42,850.0,1 (Idle),,,,,850.0,nvapi_measured
2026-10-05T23:59:04Z,36,51.0,,144.5,1755,9251,45,850.0,1 (Idle),,,,,850.0,nvapi_measured
2026-10-05T23:59:05Z,37,52.0,,150.3,1755,9251,60,850.0,1 (Idle),,,,,850.0,nvapi_measured
2026-10-05T23:59:07Z,38,53.0,,152.7,1755,9251,34,850.0,1 (Idle),,,,,850.0,nvapi_measured
2026-10-05T23:59:08Z,38,53.0,,160.0,1755,9251,69,850.0,1 (Idle),,,,,850.0,nvapi_measured
2026-10-05T23:59:09Z,38,53.0,,161.2,1755,9251,49,850.0,1 (Idle),,,,,850.0,nvapi_measured
2026-10-05T23:59:10Z,37,52.0,,157.3,1755,9251,52,850.0,1 (Idle),,,,,850.0,nvapi_measured
2026-10-05T23:59:11Z,38,53.0,,162.4,1755,9251,67,850.0,1 (Idle),,,,,850.0,nvapi_measured
2026-10-05T23:59:12Z,38,53.0,,159.7,1755,9251,66,850.0,1 (Idle),,,,,850.0,nvapi_measured
2026-10-05T23:59:13Z,38,53.0,,159.6,1755,9251,46,850.0,1 (Idle),,,,,850.0,nvapi_measured
2026-10-05T23:59:14Z,38,53.0,,158.6,1755,9251,64,850.0,1 (Idle),,,,,850.0,nvapi_measured
2026-10-05T23:59:15Z,38,53.0,,162.2,1755,9251,55,850.0,1 (Idle),,,,,850.0,nvapi_measured
2026-10-05T23:59:16Z,37,52.0,,158.1,1755,9251,53,850.0,1 (Idle),,,,,850.0,nvapi_measured
2026-10-05T23:59:17Z,38,53.0,,161.3,1755,9251,69,850.0,1 (Idle),,,,,850.0,nvapi_measured
2026-10-05T23:59:18Z,38,53.0,,160.0,1755,9251,69,850.0,1 (Idle),,,,,850.0,nvapi_measured
2026-10-05T23:59:19Z,37,52.0,,162.1,1755,9251,46,850.0,1 (Idle),,,,,850.0,nvapi_measured
2026-10-05T23:59:21Z,38,53.0,,156.8,1755,9251,45,850.0,1 (Idle),,,,,850.0,nvapi_measured
2026-10-05T23:59:22Z,38,53.0,,162.3,1755,9251,69,850.0,1 (Idle),,,,,850.0,nvapi_measured
2026-10-05T23:59:23Z,37,52.0,,160.4,1755,9251,67,850.0,1 (Idle),,,,,850.0,nvapi_measured
2026-10-05T23:59:24Z,38,53.0,,161.1,1755,9251,59,850.0,1 (Idle),,,,,850.0,nvapi_measured
2026-10-05T23:59:25Z,38,53.0,,158.2,1755,9251,59,850.0,1 (Idle),,,,,850.0,nvapi_measured
2026-10-05T23:59:26Z,37,52.0,,162.8,1755,9251,63,850.0,1 (Idle),,,,,850.0,nvapi_measured
2026-10-05T23:59:32Z,29,44.0,,5.2,210,405,0,850.0,1 (Idle),,,,,850.0,nvapi_measured
2026-10-05T23:59:33Z,32,47.0,,48.1,1770,9251,1,850.0,0,,,,,850.0,nvapi_measured
2026-10-05T23:59:34Z,33,48.0,,91.9,1770,9251,20,850.0,0,,,,,850.0,nvapi_measured
2026-10-05T23:59:36Z,34,49.0,,115.5,1770,9251,45,850.0,0,,,,,850.0,nvapi_measured
2026-10-05T23:59:37Z,35,50.0,,121.3,1770,9251,27,850.0,0,,,,,850.0,nvapi_measured
2026-10-05T23:59:38Z,35,50.0,,125.4,1770,9251,27,850.0,0,,,,,850.0,nvapi_measured
2026-10-05T23:59:39Z,37,52.0,,131.4,1770,9251,34,850.0,0,,,,,850.0,nvapi_measured
2026-10-05T23:59:40Z,37,52.0,,138.1,1770,9251,45,850.0,1 (Idle),,,,,850.0,nvapi_measured
2026-10-05T23:59:41Z,36,51.0,,145.0,1770,9251,45,850.0,1 (Idle),,,,,850.0,nvapi_measured
2026-10-05T23:59:42Z,37,52.0,,151.6,1770,9251,45,850.0,1 (Idle),,,,,850.0,nvapi_measured
2026-10-05T23:59:43Z,38,53.0,,159.4,1770,9251,65,850.0,1 (Idle),,,,,850.0,nvapi_measured
2026-10-05T23:59:44Z,38,53.0,,160.7,1770,9251,70,850.0,1 (Idle),,,,,850.0,nvapi_measured
2026-10-05T23:59:45Z,38,53.0,,162.9,1770,9251,46,850.0,1 (Idle),,,,,850.0,nvapi_measured
2026-10-05T23:59:46Z,38,53.0,,158.6,1770,9251,56,850.0,1 (Idle),,,,,850.0,nvapi_measured
2026-10-05T23:59:47Z,38,53.0,,163.3,1770,9251,54,850.0,1 (Idle),,,,,850.0,nvapi_measured
2026-10-05T23:59:49Z,38,53.0,,158.2,1770,9251,45,850.0,1 (Idle),,,,,850.0,nvapi_measured
2026-10-05T23:59:50Z,38,53.0,,163.2,1770,9251,66,850.0,1 (Idle),,,,,850.0,nvapi_measured
2026-10-05T23:59:51Z,37,52.0,,160.3,1770,9251,58,850.0,1 (Idle),,,,,850.0,nvapi_measured
2026-10-05T23:59:52Z,38,53.0,,163.1,1770,9251,70,850.0,1 (Idle),,,,,850.0,nvapi_measured
2026-10-05T23:59:53Z,38,53.0,,162.2,1770,9251,69,850.0,1 (Idle),,,,,850.0,nvapi_measured
2026-10-05T23:59:54Z,39,54.0,,162.9,1770,9251,61,850.0,1 (Idle),,,,,850.0,nvapi_measured
2026-10-05T23:59:55Z,38,53.0,,160.2,1770,9251,69,850.0,1 (Idle),,,,,850.0,nvapi_measured
2026-10-05T23:59:56Z,39,54.0,,163.0,1770,9251,49,850.0,1 (Idle),,,,,850.0,nvapi_measured
2026-10-05T23:59:57Z,39,54.0,,158.8,1770,9251,57,850.0,1 (Idle),,,,,850.0,nvapi_measured
2026-10-05T23:59:58Z,38,53.0,,163.3,1770,9251,53,850.0,1 (Idle),,,,,850.0,nvapi_measured
2026-10-05T23:59:59Z,38,53.0,,158.7,1770,9251,45,850.0,1 (Idle),,,,,850.0,nvapi_measured
2026-10-06T00:00:00Z,38,53.0,,162.5,1770,9251,70,850.0,1 (Idle),,,,,850.0,nvapi_measured
2026-10-06T00:00:01Z,38,53.0,,161.6,1770,9251,67,850.0,1 (Idle),,,,,850.0,nvapi_measured
2026-10-06T00:00:03Z,39,54.0,,163.0,1770,9251,69,850.0,1 (Idle),,,,,850.0,nvapi_measured
2026-10-06T00:00:09Z,29,44.0,,5.5,210,405,0,850.0,1 (Idle),,,,,850.0,nvapi_measured
2026-10-06T00:00:10Z,32,47.0,,52.6,1785,9251,0,850.0,0,,,,,850.0,nvapi_measured
2026-10-06T00:00:11Z,34,49.0,,103.1,1785,9251,45,850.0,0,,,,,850.0,nvapi_measured
2026-10-06T00:00:12Z,34,49.0,,115.9,1785,9251,18,850.0,0,,,,,850.0,nvapi_measured
2026-10-06T00:00:13Z,34,49.0,,118.7,1785,9251,28,850.0,0,,,,,850.0,nvapi_measured
2026-10-06T00:00:14Z,35,50.0,,125.9,1785,9251,42,850.0,0,,,,,850.0,nvapi_measured
2026-10-06T00:00:15Z,36,51.0,,133.5,1785,9251,45,850.0,0,,,,,850.0,nvapi_measured
2026-10-06T00:00:17Z,36,51.0,,143.5,1785,9251,47,850.0,1 (Idle),,,,,850.0,nvapi_measured
2026-10-06T00:00:18Z,37,52.0,,147.5,1785,9251,45,850.0,1 (Idle),,,,,850.0,nvapi_measured
2026-10-06T00:00:19Z,37,52.0,,151.5,1785,9251,46,850.0,1 (Idle),,,,,850.0,nvapi_measured
2026-10-06T00:00:20Z,38,53.0,,157.5,1785,9251,52,850.0,1 (Idle),,,,,850.0,nvapi_measured
2026-10-06T00:00:21Z,38,53.0,,159.6,1785,9251,30,850.0,1 (Idle),,,,,850.0,nvapi_measured
2026-10-06T00:00:22Z,38,53.0,,161.1,1785,9251,52,850.0,1 (Idle),,,,,850.0,nvapi_measured
2026-10-06T00:00:23Z,38,53.0,,159.2,1785,9251,49,850.0,1 (Idle),,,,,850.0,nvapi_measured
2026-10-06T00:00:24Z,38,53.0,,160.3,1785,9251,45,850.0,1 (Idle),,,,,850.0,nvapi_measured
2026-10-06T00:00:25Z,38,53.0,,159.4,1785,9251,30,850.0,1 (Idle),,,,,850.0,nvapi_measured
2026-10-06T00:00:26Z,38,53.0,,160.4,1785,9251,46,850.0,1 (Idle),,,,,850.0,nvapi_measured
2026-10-06T00:00:27Z,38,53.0,,159.4,1785,9251,56,850.0,1 (Idle),,,,,850.0,nvapi_measured
2026-10-06T00:00:28Z,39,54.0,,163.4,1785,9251,45,850.0,1 (Idle),,,,,850.0,nvapi_measured
2026-10-06T00:00:30Z,39,54.0,,159.6,1785,9251,58,850.0,1 (Idle),,,,,850.0,nvapi_measured
2026-10-06T00:00:31Z,39,54.0,,159.2,1785,9251,49,850.0,1 (Idle),,,,,850.0,nvapi_measured
2026-10-06T00:00:32Z,39,54.0,,160.2,1785,9251,66,850.0,1 (Idle),,,,,850.0,nvapi_measured
2026-10-06T00:00:33Z,39,54.0,,163.4,1785,9251,47,850.0,1 (Idle),,,,,850.0,nvapi_measured
2026-10-06T00:00:34Z,39,54.0,,159.8,1785,9251,63,850.0,1 (Idle),,,,,850.0,nvapi_measured
2026-10-06T00:00:35Z,39,54.0,,163.4,1785,9251,46,850.0,1 (Idle),,,,,850.0,nvapi_measured
2026-10-06T00:00:36Z,38,53.0,,159.7,1785,9251,62,850.0,1 (Idle),,,,,850.0,nvapi_measured
2026-10-06T00:00:37Z,39,54.0,,163.8,1785,9251,51,850.0,1 (Idle),,,,,850.0,nvapi_measured
2026-10-06T00:00:38Z,38,53.0,,160.5,1785,9251,69,850.0,1 (Idle),,,,,850.0,nvapi_measured
2026-10-06T00:00:39Z,39,54.0,,163.7,1785,9251,51,850.0,1 (Idle),,,,,850.0,nvapi_measured
2026-10-06T00:00:46Z,29,44.0,,5.8,210,405,0,850.0,1 (Idle),,,,,850.0,nvapi_measured
2026-10-06T00:00:47Z,32,47.0,,51.4,1800,9251,0,850.0,0,,,,,850.0,nvapi_measured
2026-10-06T00:00:48Z,33,48.0,,98.1,1800,9251,0,850.0,0,,,,,850.0,nvapi_measured
2026-10-06T00:00:49Z,34,49.0,,110.6,1800,9251,0,850.0,0,,,,,850.0,nvapi_measured
2026-10-06T00:00:50Z,35,50.0,,116.7,1800,9251,15,850.0,0,,,,,850.0,nvapi_measured
2026-10-06T00:00:51Z,35,50.0,,128.3,1800,9251,45,850.0,0,,,,,850.0,nvapi_measured
2026-10-06T00:00:52Z,35,50.0,,134.4,1800,9251,21,850.0,0,,,,,850.0,nvapi_measured
2026-10-06T00:00:53Z,37,52.0,,138.1,1800,9251,47,850.0,1 (Idle),,,,,850.0,nvapi_measured
2026-10-06T00:00:54Z,37,52.0,,149.7,1800,9251,55,850.0,1 (Idle),,,,,850.0,nvapi_measured
2026-10-06T00:00:55Z,37,52.0,,154.8,1800,9251,52,850.0,1 (Idle),,,,,850.0,nvapi_measured
2026-10-06T00:00:56Z,39,54.0,,157.0,1800,9251,69,850.0,1 (Idle),,,,,850.0,nvapi_measured
2026-10-06T00:00:58Z,38,53.0,,165.8,1800,9251,62,850.0,1 (Idle),,,,,850.0,nvapi_measured
2026-10-06T00:00:59Z,38,53.0,,163.9,1800,9251,62,850.0,1 (Idle),,,,,850.0,nvapi_measured
2026-10-06T00:01:00Z,38,53.0,,166.0,1800,9251,70,850.0,1 (Idle),,,,,850.0,nvapi_measured
2026-10-06T00:01:01Z,38,53.0,,162.1,1800,9251,49,850.0,1 (Idle),,,,,850.0,nvapi_measured
2026-10-06T00:01:02Z,37,52.0,,165.0,1800,9251,60,850.0,1 (Idle),,,,,850.0,nvapi_measured
2026-10-06T00:01:03Z,39,54.0,,160.9,1800,9251,50,850.0,1 (Idle),,,,,850.0,nvapi_measured
2026-10-06T00:01:04Z,38,53.0,,161.9,1800,9251,30,850.0,1 (Idle),,,,,850.0,nvapi_measured
2026-10-06T00:01:05Z,39,54.0,,162.3,1800,9251,70,850.0,1 (Idle),,,,,850.0,nvapi_measured
2026-10-06T00:01:06Z,38,53.0,,163.3,1800,9251,45,850.0,1 (Idle),,,,,850.0,nvapi_measured
2026-10-06T00:01:07Z,38,53.0,,163.8,1800,9251,69,850.0,1 (Idle),,,,,850.0,nvapi_measured
2026-10-06T00:01:08Z,38,53.0,,161.6,1800,9251,44,850.0,1 (Idle),,,,,850.0,nvapi_measured
2026-10-06T00:01:09Z,38,53.0,,164.0,1800,9251,56,850.0,1 (Idle),,,,,850.0,nvapi_measured
2026-10-06T00:01:11Z,39,54.0,,160.9,1800,9251,53,850.0,1 (Idle),,,,,850.0,nvapi_measured
2026-10-06T00:01:12Z,39,54.0,,160.7,1800,9251,56,850.0,1 (Idle),,,,,850.0,nvapi_measured
2026-10-06T00:01:13Z,38,53.0,,162.6,1800,9251,70,850.0,1 (Idle),,,,,850.0,nvapi_measured
2026-10-06T00:01:14Z,39,54.0,,166.3,1800,9251,70,850.0,1 (Idle),,,,,850.0,nvapi_measured
2026-10-06T00:01:15Z,38,53.0,,164.3,1800,9251,65,850.0,1 (Idle),,,,,850.0,nvapi_measured
2026-10-06T00:01:16Z,38,53.0,,165.9,1800,9251,70,850.0,1 (Idle),,,,,850.0,nvapi_measured
2026-10-06T00:01:22Z,29,44.0,,5.7,210,405,0,850.0,1 (Idle),,,,,850.0,nvapi_measured
2026-10-06T00:01:23Z,32,47.0,,51.1,1815,9251,0,850.0,0,,,,,850.0,nvapi_measured
2026-10-06T00:01:24Z,33,48.0,,97.9,1815,9251,41,850.0,0,,,,,850.0,nvapi_measured
2026-10-06T00:01:26Z,36,51.0,,115.7,1815,9251,38,850.0,0,,,,,850.0,nvapi_measured
2026-10-06T00:01:27Z,36,51.0,,122.0,1815,9251,5,850.0,0,,,,,850.0,nvapi_measured
2026-10-06T00:01:28Z,36,51.0,,128.7,1815,9251,45,850.0,0,,,,,850.0,nvapi_measured
2026-10-06T00:01:29Z,36,51.0,,133.9,1815,9251,45,850.0,0,,,,,850.0,nvapi_measured
2026-10-06T00:01:30Z,36,51.0,,139.9,1815,9251,44,850.0,1 (Idle),,,,,850.0,nvapi_measured
2026-10-06T00:01:31Z,38,53.0,,146.3,1815,9251,51,850.0,1 (Idle),,,,,850.0,nvapi_measured
2026-10-06T00:01:32Z,38,53.0,,155.5,1815,9251,62,850.0,1 (Idle),,,,,850.0,nvapi_measured
2026-10-06T00:01:33Z,39,54.0,,160.8,1815,9251,30,850.0,1 (Idle),,,,,850.0,nvapi_measured
2026-10-06T00:01:34Z,39,54.0,,161.6,1815,9251,64,850.0,1 (Idle),,,,,850.0,nvapi_measured
2026-10-06T00:01:35Z,38,53.0,,163.9,1815,9251,63,850.0,1 (Idle),,,,,850.0,nvapi_measured
2026-10-06T00:01:36Z,39,54.0,,166.8,1815,9251,65,850.0,1 (Idle),,,,,850.0,nvapi_measured
2026-10-06T00:01:37Z,39,54.0,,161.9,1815,9251,50,850.0,1 (Idle),,,,,850.0,nvapi_measured
2026-10-06T00:01:38Z,38,53.0,,164.0,1815,9251,45,850.0,1 (Idle),,,,,850.0,nvapi_measured
2026-10-06T00:01:40Z,38,53.0,,163.8,1815,9251,63,850.0,1 (Idle),,,,,850.0,nvapi_measured
2026-10-06T00:01:41Z,39,54.0,,166.8,1815,9251,67,850.0,1 (Idle),,,,,850.0,nvapi_measured
2026-10-06T00:01:42Z,39,54.0,,161.4,1815,9251,48,850.0,1 (Idle),,,,,850.0,nvapi_measured
2026-10-06T00:01:43Z,38,53.0,,162.4,1815,9251,35,850.0,1 (Idle),,,,,850.0,nvapi_measured
2026-10-06T00:01:44Z,39,54.0,,161.6,1815,9251,70,850.0,1 (Idle),,,,,850.0,nvapi_measured
2026-10-06T00:01:45Z,38,53.0,,163.7,1815,9251,53,850.0,1 (Idle),,,,,850.0,nvapi_measured
2026-10-06T00:01:46Z,38,53.0,,165.3,1815,9251,57,850.0,1 (Idle),,,,,850.0,nvapi_measured
2026-10-06T00:01:47Z,39,54.0,,161.7,1815,9251,70,850.0,1 (Idle),,,,,850.0,nvapi_measured
2026-10-06T00:01:48Z,39,54.0,,167.2,1815,9251,70,850.0,1 (Idle),,,,,850.0,nvapi_measured
2026-10-06T00:01:49Z,39,54.0,,164.0,1815,9251,57,850.0,1 (Idle),,,,,850.0,nvapi_measured
2026-10-06T00:01:50Z,38,53.0,,165.9,1815,9251,61,850.0,1 (Idle),,,,,850.0,nvapi_measured
2026-10-06T00:01:51Z,38,53.0,,161.5,1815,9251,55,850.0,1 (Idle),,,,,850.0,nvapi_measured
2026-10-06T00:01:53Z,38,53.0,,163.0,1815,9251,39,850.0,1 (Idle),,,,,850.0,nvapi_measured
2026-10-06T00:01:59Z,29,44.0,,5.5,210,405,0,850.0,1 (Idle),,,,,850.0,nvapi_measured
2026-10-06T00:02:00Z,32,47.0,,46.2,1830,9251,3,850.0,0,,,,,850.0,nvapi_measured
2026-10-06T00:02:01Z,34,49.0,,107.3,1830,9251,29,850.0,1028 (PwrCap),,,,,850.0,nvapi_measured
2026-10-06T00:02:02Z,35,50.0,,116.5,1830,9251,44,850.0,1028 (PwrCap),,,,,850.0,nvapi_measured
2026-10-06T00:02:03Z,36,51.0,,122.6,1830,9251,4,850.0,1028 (PwrCap),,,,,850.0,nvapi_measured
2026-10-06T00:02:04Z,36,51.0,,128.1,1830,9251,44,850.0,1028 (PwrCap),,,,,850.0,nvapi_measured
2026-10-06T00:02:05Z,36,51.0,,134.3,1830,9251,44,850.0,1028 (PwrCap),,,,,850.0,nvapi_measured
2026-10-06T00:02:06Z,37,52.0,,140.3,1830,9251,44,850.0,1028 (PwrCap),,,,,850.0,nvapi_measured
2026-10-06T00:02:08Z,37,52.0,,146.2,1830,9251,44,850.0,1028 (PwrCap),,,,,850.0,nvapi_measured
2026-10-06T00:02:09Z,38,53.0,,154.4,1830,9251,48,850.0,1028 (PwrCap),,,,,850.0,nvapi_measured
2026-10-06T00:02:10Z,39,54.0,,164.0,1830,9251,71,850.0,1028 (PwrCap),,,,,850.0,nvapi_measured
2026-10-06T00:02:11Z,39,54.0,,164.1,1830,9251,47,850.0,1 (Idle),,,,,850.0,nvapi_measured
2026-10-06T00:02:12Z,38,53.0,,164.2,1830,9251,41,850.0,1 (Idle),,,,,850.0,nvapi_measured
2026-10-06T00:02:13Z,39,54.0,,164.6,1830,9251,68,850.0,1 (Idle),,,,,850.0,nvapi_measured
2026-10-06T00:02:14Z,38,53.0,,163.7,1830,9251,54,850.0,1 (Idle),,,,,850.0,nvapi_measured
2026-10-06T00:02:15Z,39,54.0,,163.8,1830,9251,70,850.0,1 (Idle),,,,,850.0,nvapi_measured
2026-10-06T00:02:16Z,38,53.0,,164.1,1830,9251,45,850.0,1 (Idle),,,,,850.0,nvapi_measured
2026-10-06T00:02:17Z,39,54.0,,165.4,1830,9251,51,850.0,1 (Idle),,,,,850.0,nvapi_measured
2026-10-06T00:02:18Z,39,54.0,,164.9,1830,9251,69,850.0,1 (Idle),,,,,850.0,nvapi_measured
2026-10-06T00:02:19Z,39,54.0,,163.8,1830,9251,30,850.0,1 (Idle),,,,,850.0,nvapi_measured
2026-10-06T00:02:21Z,39,54.0,,163.9,1830,9251,61,850.0,1 (Idle),,,,,850.0,nvapi_measured
2026-10-06T00:02:22Z,39,54.0,,164.0,1830,9251,31,850.0,1 (Idle),,,,,850.0,nvapi_measured
2026-10-06T00:02:23Z,39,54.0,,163.8,1830,9251,53,850.0,1 (Idle),,,,,850.0,nvapi_measured
2026-10-06T00:02:24Z,39,54.0,,164.8,1830,9251,64,850.0,1 (Idle),,,,,850.0,nvapi_measured
2026-10-06T00:02:25Z,39,54.0,,167.8,1830,9251,57,850.0,1 (Idle),,,,,850.0,nvapi_measured
2026-10-06T00:02:26Z,39,54.0,,163.9,1830,9251,67,850.0,1 (Idle),,,,,850.0,nvapi_measured
2026-10-06T00:02:27Z,39,54.0,,165.2,1830,9251,43,850.0,1 (Idle),,,,,850.0,nvapi_measured
2026-10-06T00:02:28Z,39,54.0,,163.7,1830,9251,55,850.0,1 (Idle),,,,,850.0,nvapi_measured
2026-10-06T00:02:29Z,39,54.0,,164.9,1830,9251,44,850.0,1 (Idle),,,,,850.0,nvapi_measured
2026-10-06T00:02:36Z,29,44.0,,5.6,210,405,0,850.0,1 (Idle),,,,,850.0,nvapi_measured
2026-10-06T00:02:37Z,32,47.0,,56.6,1845,9251,0,850.0,0,,,,,850.0,nvapi_measured
2026-10-06T00:02:38Z,35,50.0,,104.3,1845,9251,22,850.0,0,,,,,850.0,nvapi_measured
2026-10-06T00:02:39Z,35,50.0,,114.8,1845,9251,0,850.0,0,,,,,850.0,nvapi_measured
2026-10-06T00:02:40Z,35,50.0,,123.0,1845,9251,43,850.0,0,,,,,850.0,nvapi_measured
2026-10-06T00:02:41Z,35,50.0,,129.1,1845,9251,43,850.0,0,,,,,850.0,nvapi_measured
2026-10-06T00:02:42Z,36,51.0,,135.2,1845,9251,43,850.0,0,,,,,850.0,nvapi_measured
2026-10-06T00:02:43Z,37,52.0,,145.1,1845,9251,43,850.0,1 (Idle),,,,,850.0,nvapi_measured
2026-10-06T00:02:44Z,38,53.0,,153.0,1845,9251,51,850.0,1 (Idle),,,,,850.0,nvapi_measured
2026-10-06T00:02:45Z,38,53.0,,154.8,1845,9251,45,850.0,1 (Idle),,,,,850.0,nvapi_measured
2026-10-06T00:02:46Z,39,54.0,,164.7,1845,9251,70,850.0,1 (Idle),,,,,850.0,nvapi_measured
2026-10-06T00:02:47Z,39,54.0,,165.4,1845,9251,52,850.0,1 (Idle),,,,,850.0,nvapi_measured
2026-10-06T00:02:48Z,39,54.0,,165.7,1845,9251,44,850.0,1 (Idle),,,,,850.0,nvapi_measured
2026-10-06T00:02:50Z,39,54.0,,165.7,1845,9251,63,850.0,1 (Idle),,,,,850.0,nvapi_measured
2026-10-06T00:02:51Z,39,54.0,,165.7,1845,9251,37,850.0,1 (Idle),,,,,850.0,nvapi_measured
2026-10-06T00:02:52Z,39,54.0,,165.9,1845,9251,52,850.0,1 (Idle),,,,,850.0,nvapi_measured
2026-10-06T00:02:53Z,38,53.0,,165.4,1845,9251,59,850.0,1 (Idle),,,,,850.0,nvapi_measured
2026-10-06T00:02:54Z,39,54.0,,167.6,1845,9251,45,850.0,1 (Idle),,,,,850.0,nvapi_measured
2026-10-06T00:02:55Z,39,54.0,,165.6,1845,9251,70,850.0,1 (Idle),,,,,850.0,nvapi_measured
2026-10-06T00:02:56Z,39,54.0,,165.6,1845,9251,31,850.0,1 (Idle),,,,,850.0,nvapi_measured
2026-10-06T00:02:57Z,39,54.0,,165.5,1845,9251,61,850.0,1 (Idle),,,,,850.0,nvapi_measured
2026-10-06T00:02:58Z,39,54.0,,165.6,1845,9251,31,850.0,1 (Idle),,,,,850.0,nvapi_measured
2026-10-06T00:02:59Z,39,54.0,,165.9,1845,9251,71,850.0,1 (Idle),,,,,850.0,nvapi_measured
2026-10-06T00:03:00Z,39,54.0,,166.3,1845,9251,61,850.0,1 (Idle),,,,,850.0,nvapi_measured
2026-10-06T00:03:01Z,39,54.0,,169.5,1845,9251,71,850.0,1 (Idle),,,,,850.0,nvapi_measured
2026-10-06T00:03:03Z,39,54.0,,166.0,1845,9251,50,850.0,1 (Idle),,,,,850.0,nvapi_measured
2026-10-06T00:03:04Z,39,54.0,,171.2,1845,9251,68,850.0,1 (Idle),,,,,850.0,nvapi_measured
2026-10-06T00:03:05Z,39,54.0,,165.5,1845,9251,62,850.0,1 (Idle),,,,,850.0,nvapi_measured
2026-10-06T00:03:06Z,38,53.0,,165.5,1845,9251,43,850.0,1 (Idle),,,,,850.0,nvapi_measured
2026-10-06T00:03:12Z,29,44.0,,5.2,210,405,0,887.5,1 (Idle),,,,,887.5,nvapi_measured
2026-10-06T00:03:13Z,32,47.0,,52.2,1845,9251,0,887.5,0,,,,,887.5,nvapi_measured
2026-10-06T00:03:14Z,34,49.0,,101.4,1830,9251,13,887.5,0,,,,,887.5,nvapi_measured
2026-10-06T00:03:15Z,35,50.0,,117.2,1830,9251,0,887.5,0,,,,,887.5,nvapi_measured
2026-10-06T00:03:17Z,36,51.0,,121.6,1830,9251,7,887.5,0,,,,,887.5,nvapi_measured
2026-10-06T00:03:18Z,36,51.0,,134.9,1830,9251,29,887.5,0,,,,,887.5,nvapi_measured
2026-10-06T00:03:19Z,38,53.0,,140.0,1830,9251,6,887.5,0,,,,,887.5,nvapi_measured
2026-10-06T00:03:20Z,38,53.0,,148.0,1830,9251,44,887.5,1 (Idle),,,,,887.5,nvapi_measured
2026-10-06T00:03:21Z,38,53.0,,154.9,1830,9251,44,887.5,1 (Idle),,,,,887.5,nvapi_measured
2026-10-06T00:03:22Z,39,54.0,,166.1,1830,9251,63,887.5,1 (Idle),,,,,887.5,nvapi_measured
2026-10-06T00:03:23Z,40,55.0,,170.0,1830,9251,67,887.5,1 (Idle),,,,,887.5,nvapi_measured
2026-10-06T00:03:24Z,39,54.0,,179.6,1830,9251,66,887.5,1 (Idle),,,,,887.5,nvapi_measured
2026-10-06T00:03:25Z,40,55.0,,174.0,1830,9251,58,887.5,1 (Idle),,,,,887.5,nvapi_measured
2026-10-06T00:03:26Z,39,54.0,,175.4,1830,9251,44,887.5,1 (Idle),,,,,887.5,nvapi_measured
2026-10-06T00:03:27Z,40,55.0,,175.2,1830,9251,57,887.5,1 (Idle),,,,,887.5,nvapi_measured
2026-10-06T00:03:28Z,40,55.0,,173.9,1830,9251,65,887.5,1 (Idle),,,,,887.5,nvapi_measured
2026-10-06T00:03:29Z,40,55.0,,178.8,1830,9251,70,887.5,1 (Idle),,,,,887.5,nvapi_measured
2026-10-06T00:03:31Z,40,55.0,,175.3,1830,9251,50,887.5,1 (Idle),,,,,887.5,nvapi_measured
2026-10-06T00:03:32Z,40,55.0,,177.8,1830,9251,62,887.5,1 (Idle),,,,,887.5,nvapi_measured
2026-10-06T00:03:33Z,39,54.0,,175.6,1830,9251,58,887.5,1 (Idle),,,,,887.5,nvapi_measured
2026-10-06T00:03:34Z,39,54.0,,178.0,1830,9251,52,887.5,1 (Idle),,,,,887.5,nvapi_measured
2026-10-06T00:03:35Z,40,55.0,,174.5,1830,9251,70,887.5,1 (Idle),,,,,887.5,nvapi_measured
2026-10-06T00:03:36Z,39,54.0,,175.4,1830,9251,44,887.5,1 (Idle),,,,,887.5,nvapi_measured
2026-10-06T00:03:37Z,41,56.0,,175.2,1830,9251,44,887.5,1 (Idle),,,,,887.5,nvapi_measured
2026-10-06T00:03:38Z,40,55.0,,175.3,1830,9251,44,887.5,1 (Idle),,,,,887.5,nvapi_measured
2026-10-06T00:03:39Z,40,55.0,,175.2,1830,9251,50,887.5,1 (Idle),,,,,887.5,nvapi_measured
2026-10-06T00:03:40Z,40,55.0,,174.1,1830,9251,70,887.5,1 (Idle),,,,,887.5,nvapi_measured
2026-10-06T00:03:41Z,39,54.0,,179.7,1830,9251,71,887.5,1 (Idle),,,,,887.5,nvapi_measured
2026-10-06T00:03:42Z,40,55.0,,174.9,1830,9251,44,887.5,1 (Idle),,,,,887.5,nvapi_measured
2026-10-06T00:03:49Z,30,45.0,,5.4,210,405,0,887.5,1 (Idle),,,,,887.5,nvapi_measured
2026-10-06T00:03:50Z,32,47.0,,49.2,1860,9251,2,887.5,0,,,,,887.5,nvapi_measured
2026-10-06T00:03:51Z,34,49.0,,96.1,1860,9251,27,887.5,0,,,,,887.5,nvapi_measured
2026-10-06T00:03:52Z,35,50.0,,122.3,1845,9251,29,887.5,0,,,,,887.5,nvapi_measured
2026-10-06T00:03:53Z,37,52.0,,133.7,1845,9251,44,887.5,0,,,,,887.5,nvapi_measured
2026-10-06T00:03:54Z,37,52.0,,135.5,1845,9251,43,887.5,0,,,,,887.5,nvapi_measured
2026-10-06T00:03:55Z,39,54.0,,144.2,1845,9251,34,887.5,0,,,,,887.5,nvapi_measured
2026-10-06T00:03:56Z,38,53.0,,147.0,1845,9251,13,887.5,1 (Idle),,,,,887.5,nvapi_measured
2026-10-06T00:03:57Z,38,53.0,,154.9,1845,9251,54,887.5,1 (Idle),,,,,887.5,nvapi_measured
2026-10-06T00:03:59Z,39,54.0,,164.3,1845,9251,43,887.5,1 (Idle),,,,,887.5,nvapi_measured
2026-10-06T00:04:00Z,39,54.0,,172.0,1845,9251,34,887.5,1 (Idle),,,,,887.5,nvapi_measured
2026-10-06T00:04:01Z,40,55.0,,175.9,1845,9251,52,887.5,1 (Idle),,,,,887.5,nvapi_measured
2026-10-06T00:04:02Z,40,55.0,,176.4,1845,9251,61,887.5,1 (Idle),,,,,887.5,nvapi_measured
2026-10-06T00:04:03Z,40,55.0,,179.5,1845,9251,49,887.5,1 (Idle),,,,,887.5,nvapi_measured
2026-10-06T00:04:04Z,40,55.0,,176.5,1845,9251,71,887.5,1 (Idle),,,,,887.5,nvapi_measured
2026-10-06T00:04:05Z,40,55.0,,176.8,1845,9251,31,887.5,1 (Idle),,,,,887.5,nvapi_measured
2026-10-06T00:04:06Z,40,55.0,,176.7,1845,9251,68,887.5,1 (Idle),,,,,887.5,nvapi_measured
2026-10-06T00:04:07Z,40,55.0,,176.6,1845,9251,31,887.5,1 (Idle),,,,,887.5,nvapi_measured
2026-10-06T00:04:08Z,40,55.0,,176.7,1845,9251,71,887.5,1 (Idle),,,,,887.5,nvapi_measured
2026-10-06T00:04:09Z,40,55.0,,176.6,1845,9251,48,887.5,1 (Idle),,,,,887.5,nvapi_measured
2026-10-06T00:04:10Z,41,56.0,,178.8,1845,9251,61,887.5,1 (Idle),,,,,887.5,nvapi_measured
2026-10-06T00:04:12Z,40,55.0,,176.6,1845,9251,50,887.5,1 (Idle),,,,,887.5,nvapi_measured
2026-10-06T00:04:13Z,40,55.0,,180.3,1845,9251,71,887.5,1 (Idle),,,,,887.5,nvapi_measured
2026-10-06T00:04:14Z,40,55.0,,176.7,1845,9251,48,887.5,1 (Idle),,,,,887.5,nvapi_measured
2026-10-06T00:04:15Z,39,54.0,,176.5,1845,9251,43,887.5,1 (Idle),,,,,887.5,nvapi_measured
2026-10-06T00:04:16Z,40,55.0,,176.4,1845,9251,48,887.5,1 (Idle),,,,,887.5,nvapi_measured
2026-10-06T00:04:17Z,40,55.0,,176.9,1845,9251,71,887.5,1 (Idle),,,,,887.5,nvapi_measured
2026-10-06T00:04:18Z,39,54.0,,181.6,1845,9251,59,887.5,1 (Idle),,,,,887.5,nvapi_measured
2026-10-06T00:04:19Z,40,55.0,,176.7,1845,9251,63,887.5,1 (Idle),,,,,887.5,nvapi_measured
2026-10-06T00:04:26Z,30,45.0,,5.5,210,405,0,887.5,1 (Idle),,,,,887.5,nvapi_measured
2026-10-06T00:04:27Z,33,48.0,,55.3,1875,9251,0,887.5,0,,,,,887.5,nvapi_measured
2026-10-06T00:04:28Z,35,50.0,,108.7,1860,9251,43,887.5,0,,,,,887.5,nvapi_measured
2026-10-06T00:04:29Z,35,50.0,,122.5,1860,9251,7,887.5,0,,,,,887.5,nvapi_measured
2026-10-06T00:04:30Z,37,52.0,,125.1,1860,9251,9,887.5,0,,,,,887.5,nvapi_measured
2026-10-06T00:04:31Z,38,53.0,,134.4,1860,9251,37,887.5,0,,,,,887.5,nvapi_measured
2026-10-06T00:04:32Z,37,52.0,,142.5,1860,9251,43,887.5,0,,,,,887.5,nvapi_measured
2026-10-06T00:04:33Z,38,53.0,,155.8,1860,9251,43,887.5,1 (Idle),,,,,887.5,nvapi_measured
2026-10-06T00:04:34Z,39,54.0,,160.4,1860,9251,57,887.5,1 (Idle),,,,,887.5,nvapi_measured
2026-10-06T00:04:35Z,39,54.0,,167.7,1860,9251,62,887.5,1 (Idle),,,,,887.5,nvapi_measured
2026-10-06T00:04:36Z,40,55.0,,176.2,1860,9251,65,887.5,1 (Idle),,,,,887.5,nvapi_measured
2026-10-06T00:04:37Z,41,56.0,,177.0,1860,9251,46,887.5,1 (Idle),,,,,887.5,nvapi_measured
2026-10-06T00:04:39Z,39,54.0,,177.0,1860,9251,44,887.5,1 (Idle),,,,,887.5,nvapi_measured
2026-10-06T00:04:40Z,40,55.0,,178.3,1860,9251,71,887.5,1 (Idle),,,,,887.5,nvapi_measured
2026-10-06T00:04:41Z,40,55.0,,177.8,1860,9251,30,887.5,1 (Idle),,,,,887.5,nvapi_measured
2026-10-06T00:04:42Z,40,55.0,,177.6,1860,9251,71,887.5,1 (Idle),,,,,887.5,nvapi_measured
2026-10-06T00:04:43Z,41,56.0,,178.3,1860,9251,54,887.5,1 (Idle),,,,,887.5,nvapi_measured
2026-10-06T00:04:44Z,40,55.0,,181.8,1860,9251,71,887.5,1 (Idle),,,,,887.5,nvapi_measured
2026-10-06T00:04:45Z,41,56.0,,178.4,1860,9251,57,887.5,1 (Idle),,,,,887.5,nvapi_measured
2026-10-06T00:04:46Z,39,54.0,,181.9,1860,9251,50,887.5,1 (Idle),,,,,887.5,nvapi_measured
2026-10-06T00:04:47Z,40,55.0,,178.3,1860,9251,69,887.5,1 (Idle),,,,,887.5,nvapi_measured
2026-10-06T00:04:48Z,40,55.0,,178.3,1860,9251,67,887.5,1 (Idle),,,,,887.5,nvapi_measured
2026-10-06T00:04:49Z,40,55.0,,183.2,1860,9251,69,887.5,1 (Idle),,,,,887.5,nvapi_measured
2026-10-06T00:04:50Z,40,55.0,,178.1,1860,9251,67,887.5,1 (Idle),,,,,887.5,nvapi_measured
2026-10-06T00:04:51Z,40,55.0,,177.7,1860,9251,31,887.5,1 (Idle),,,,,887.5,nvapi_measured
2026-10-06T00:04:53Z,40,55.0,,178.5,1860,9251,71,887.5,1 (Idle),,,,,887.5,nvapi_measured
2026-10-06T00:04:54Z,39,54.0,,178.2,1860,9251,35,887.5,1 (Idle),,,,,887.5,nvapi_measured
2026-10-06T00:04:55Z,40,55.0,,176.9,1860,9251,59,887.5,1 (Idle),,,,,887.5,nvapi_measured
2026-10-06T00:04:56Z,40,55.0,,178.0,1860,9251,71,887.5,1 (Idle),,,,,887.5,nvapi_measured
2026-10-06T00:05:02Z,30,45.0,,7.9,210,405,0,875.0,1 (Idle),,,,,875.0,nvapi_measured
2026-10-06T00:05:03Z,33,48.0,,50.3,1890,9251,0,887.5,0,,,,,887.5,nvapi_measured
2026-10-06T00:05:04Z,35,50.0,,104.1,1890,9251,36,887.5,0,,,,,887.5,nvapi_measured
2026-10-06T00:05:05Z,36,51.0,,123.1,1875,9251,43,887.5,0,,,,,887.5,nvapi_measured
2026-10-06T00:05:06Z,37,52.0,,129.8,1875,9251,38,887.5,0,,,,,887.5,nvapi_measured
2026-10-06T00:05:08Z,37,52.0,,136.6,1875,9251,43,887.5,0,,,,,887.5,nvapi_measured
2026-10-06T00:05:09Z,37,52.0,,149.6,1875,9251,43,887.5,0,,,,,887.5,nvapi_measured
2026-10-06T00:05:10Z,39,54.0,,154.1,1875,9251,49,887.5,1 (Idle),,,,,887.5,nvapi_measured
2026-10-06T00:05:11Z,39,54.0,,160.7,1875,9251,49,887.5,1 (Idle),,,,,887.5,nvapi_measured
2026-10-06T00:05:12Z,40,55.0,,167.3,1875,9251,64,887.5,1 (Idle),,,,,887.5,nvapi_measured
2026-10-06T00:05:13Z,40,55.0,,177.7,1875,9251,53,887.5,1 (Idle),,,,,887.5,nvapi_measured
2026-10-06T00:05:14Z,40,55.0,,177.4,1875,9251,43,887.5,1 (Idle),,,,,887.5,nvapi_measured
2026-10-06T00:05:15Z,41,56.0,,184.0,1875,9251,54,887.5,1 (Idle),,,,,887.5,nvapi_measured
2026-10-06T00:05:16Z,40,55.0,,179.7,1875,9251,64,887.5,1 (Idle),,,,,887.5,nvapi_measured
2026-10-06T00:05:17Z,40,55.0,,180.2,1875,9251,38,887.5,1 (Idle),,,,,887.5,nvapi_measured
2026-10-06T00:05:18Z,40,55.0,,177.6,1875,9251,48,887.5,1 (Idle),,,,,887.5,nvapi_measured
2026-10-06T00:05:19Z,40,55.0,,178.8,1875,9251,58,887.5,1 (Idle),,,,,887.5,nvapi_measured
2026-10-06T00:05:21Z,41,56.0,,180.6,1875,9251,43,887.5,1 (Idle),,,,,887.5,nvapi_measured
2026-10-06T00:05:22Z,41,56.0,,180.7,1875,9251,71,887.5,1 (Idle),,,,,887.5,nvapi_measured
2026-10-06T00:05:23Z,41,56.0,,180.8,1875,9251,32,887.5,1 (Idle),,,,,887.5,nvapi_measured
2026-10-06T00:05:24Z,40,55.0,,179.5,1875,9251,62,887.5,1 (Idle),,,,,887.5,nvapi_measured
2026-10-06T00:05:25Z,41,56.0,,180.5,1875,9251,71,887.5,1 (Idle),,,,,887.5,nvapi_measured
2026-10-06T00:05:26Z,40,55.0,,183.2,1875,9251,45,887.5,1 (Idle),,,,,887.5,nvapi_measured
2026-10-06T00:05:27Z,40,55.0,,178.8,1875,9251,56,887.5,1 (Idle),,,,,887.5,nvapi_measured
2026-10-06T00:05:28Z,40,55.0,,178.2,1875,9251,31,887.5,1 (Idle),,,,,887.5,nvapi_measured
2026-10-06T00:05:29Z,41,56.0,,180.2,1875,9251,71,887.5,1 (Idle),,,,,887.5,nvapi_measured
2026-10-06T00:05:30Z,40,55.0,,180.7,1875,9251,65,887.5,1 (Idle),,,,,887.5,nvapi_measured
2026-10-06T00:05:31Z,40,55.0,,184.6,1875,9251,64,887.5,1 (Idle),,,,,887.5,nvapi_measured
2026-10-06T00:05:32Z,41,56.0,,180.7,1875,9251,71,887.5,1 (Idle),,,,,887.5,nvapi_measured
2026-10-06T00:05:39Z,30,45.0,,5.4,210,405,0,887.5,1 (Idle),,,,,887.5,nvapi_measured
2026-10-06T00:05:40Z,33,48.0,,51.5,1905,9251,0,887.5,0,,,,,887.5,nvapi_measured
2026-10-06T00:05:41Z,34,49.0,,103.4,1905,9251,39,887.5,0,,,,,887.5,nvapi_measured
2026-10-06T00:05:42Z,37,52.0,,123.2,1890,9251,34,887.5,0,,,,,887.5,nvapi_measured
2026-10-06T00:05:43Z,36,51.0,,130.5,1890,9251,0,887.5,0,,,,,887.5,nvapi_measured
2026-10-06T00:05:44Z,39,54.0,,137.1,1890,9251,27,887.5,0,,,,,887.5,nvapi_measured
2026-10-06T00:05:45Z,37,52.0,,145.9,1890,9251,29,887.5,0,,,,,887.5,nvapi_measured
2026-10-06T00:05:46Z,39,54.0,,150.7,1890,9251,42,887.5,1 (Idle),,,,,887.5,nvapi_measured
2026-10-06T00:05:47Z,39,54.0,,163.8,1890,9251,43,887.5,1 (Idle),,,,,887.5,nvapi_measured
2026-10-06T00:05:49Z,40,55.0,,165.0,1890,9251,36,887.5,1 (Idle),,,,,887.5,nvapi_measured
2026-10-06T00:05:50Z,40,55.0,,178.2,1890,9251,44,887.5,1 (Idle),,,,,887.5,nvapi_measured
2026-10-06T00:05:51Z,41,56.0,,179.4,1890,9251,38,887.5,1 (Idle),,,,,887.5,nvapi_measured
2026-10-06T00:05:52Z,41,56.0,,182.3,1890,9251,71,887.5,1 (Idle),,,,,887.5,nvapi_measured
2026-10-06T00:05:53Z,40,55.0,,181.6,1890,9251,66,887.5,1 (Idle),,,,,887.5,nvapi_measured
2026-10-06T00:05:54Z,40,55.0,,184.8,1890,9251,55,887.5,1 (Idle),,,,,887.5,nvapi_measured
2026-10-06T00:05:55Z,40,55.0,,180.3,1890,9251,58,887.5,1 (Idle),,,,,887.5,nvapi_measured
2026-10-06T00:05:56Z,41,56.0,,180.0,1890,9251,31,887.5,1 (Idle),,,,,887.5,nvapi_measured
2026-10-06T00:05:57Z,41,56.0,,181.4,1890,9251,66,887.5,1 (Idle),,,,,887.5,nvapi_measured
2026-10-06T00:05:58Z,40,55.0,,181.7,1890,9251,72,887.5,1 (Idle),,,,,887.5,nvapi_measured
2026-10-06T00:05:59Z,40,55.0,,183.3,1890,9251,43,887.5,1 (Idle),,,,,887.5,nvapi_measured
2026-10-06T00:06:00Z,40,55.0,,178.6,1890,9251,46,887.5,1 (Idle),,,,,887.5,nvapi_measured
2026-10-06T00:06:02Z,40,55.0,,178.5,1890,9251,45,887.5,1 (Idle),,,,,887.5,nvapi_measured
2026-10-06T00:06:03Z,40,55.0,,178.6,1890,9251,48,887.5,1 (Idle),,,,,887.5,nvapi_measured
2026-10-06T00:06:04Z,40,55.0,,179.6,1890,9251,52,887.5,1 (Idle),,,,,887.5,nvapi_measured
2026-10-06T00:06:05Z,41,56.0,,180.4,1890,9251,43,887.5,1 (Idle),,,,,887.5,nvapi_measured
2026-10-06T00:06:06Z,41,56.0,,181.3,1890,9251,63,887.5,1 (Idle),,,,,887.5,nvapi_measured
2026-10-06T00:06:07Z,40,55.0,,180.3,1890,9251,58,887.5,1 (Idle),,,,,887.5,nvapi_measured
2026-10-06T00:06:08Z,41,56.0,,184.8,1890,9251,66,887.5,1 (Idle),,,,,887.5,nvapi_measured
2026-10-06T00:06:09Z,40,55.0,,178.3,1890,9251,46,887.5,1 (Idle),,,,,887.5,nvapi_measured
2026-10-06T00:06:16Z,30,45.0,,5.2,210,405,0,887.5,1 (Idle),,,,,887.5,nvapi_measured
2026-10-06T00:06:17Z,33,48.0,,59.0,1920,9251,0,887.5,1536 (0x600),,,,,887.5,nvapi_measured
2026-10-06T00:06:18Z,36,51.0,,110.3,1920,9251,0,887.5,1540 (PwrCap),,,,,887.5,nvapi_measured
2026-10-06T00:06:19Z,36,51.0,,121.4,1905,9251,22,887.5,0,,,,,887.5,nvapi_measured
2026-10-06T00:06:20Z,38,53.0,,131.0,1905,9251,26,887.5,0,,,,,887.5,nvapi_measured
2026-10-06T00:06:21Z,37,52.0,,141.2,1905,9251,38,887.5,0,,,,,887.5,nvapi_measured
2026-10-06T00:06:22Z,38,53.0,,144.6,1905,9251,42,887.5,0,,,,,887.5,nvapi_measured
2026-10-06T00:06:23Z,40,55.0,,158.1,1905,9251,51,887.5,1 (Idle),,,,,887.5,nvapi_measured
2026-10-06T00:06:24Z,40,55.0,,162.6,1905,9251,28,887.5,1 (Idle),,,,,887.5,nvapi_measured
2026-10-06T00:06:25Z,39,54.0,,170.2,1905,9251,42,887.5,1 (Idle),,,,,887.5,nvapi_measured
2026-10-06T00:06:26Z,40,55.0,,177.7,1905,9251,36,887.5,1 (Idle),,,,,887.5,nvapi_measured
2026-10-06T00:06:27Z,41,56.0,,180.3,1905,9251,51,887.5,1 (Idle),,,,,887.5,nvapi_measured
2026-10-06T00:06:29Z,40,55.0,,180.4,1905,9251,51,887.5,1 (Idle),,,,,887.5,nvapi_measured
2026-10-06T00:06:30Z,42,57.0,,180.7,1905,9251,32,887.5,1 (Idle),,,,,887.5,nvapi_measured
2026-10-06T00:06:31Z,40,55.0,,181.6,1905,9251,59,887.5,1 (Idle),,,,,887.5,nvapi_measured
2026-10-06T00:06:32Z,40,55.0,,182.1,1905,9251,62,887.5,1 (Idle),,,,,887.5,nvapi_measured
2026-10-06T00:06:33Z,40,55.0,,185.8,1905,9251,52,887.5,1 (Idle),,,,,887.5,nvapi_measured
2026-10-06T00:06:34Z,41,56.0,,181.4,1905,9251,50,887.5,1 (Idle),,,,,887.5,nvapi_measured
2026-10-06T00:06:35Z,40,55.0,,181.0,1905,9251,42,887.5,1 (Idle),,,,,887.5,nvapi_measured
2026-10-06T00:06:36Z,41,56.0,,184.8,1905,9251,71,887.5,1 (Idle),,,,,887.5,nvapi_measured
2026-10-06T00:06:37Z,40,55.0,,179.9,1905,9251,47,887.5,1 (Idle),,,,,887.5,nvapi_measured
2026-10-06T00:06:38Z,41,56.0,,186.1,1905,9251,65,887.5,1 (Idle),,,,,887.5,nvapi_measured
2026-10-06T00:06:39Z,40,55.0,,183.3,1905,9251,61,887.5,1 (Idle),,,,,887.5,nvapi_measured
2026-10-06T00:06:40Z,40,55.0,,182.7,1905,9251,60,887.5,1 (Idle),,,,,887.5,nvapi_measured
2026-10-06T00:06:41Z,41,56.0,,185.9,1905,9251,68,887.5,1 (Idle),,,,,887.5,nvapi_measured
2026-10-06T00:06:43Z,41,56.0,,183.0,1905,9251,69,887.5,1 (Idle),,,,,887.5,nvapi_measured
2026-10-06T00:06:44Z,41,56.0,,181.0,1905,9251,36,887.5,1 (Idle),,,,,887.5,nvapi_measured
2026-10-06T00:06:45Z,41,56.0,,184.0,1905,9251,71,887.5,1 (Idle),,,,,887.5,nvapi_measured
2026-10-06T00:06:46Z,41,56.0,,183.8,1905,9251,71,887.5,1 (Idle),,,,,887.5,nvapi_measured
2026-10-06T00:06:52Z,30,45.0,,5.4,210,405,0,887.5,1 (Idle),,,,,887.5,nvapi_measured
2026-10-06T00:06:53Z,33,48.0,,54.0,1935,9251,0,887.5,1536 (0x600),,,,,887.5,nvapi_measured
2026-10-06T00:06:54Z,35,50.0,,104.9,1920,9251,0,887.5,1536 (0x600),,,,,887.5,nvapi_measured
2026-10-06T00:06:55Z,36,51.0,,125.5,1920,9251,42,887.5,1540 (PwrCap),,,,,887.5,nvapi_measured
2026-10-06T00:06:57Z,36,51.0,,132.1,1920,9251,42,887.5,1540 (PwrCap),,,,,887.5,nvapi_measured
2026-10-06T00:06:58Z,37,52.0,,140.1,1920,9251,38,887.5,1540 (PwrCap),,,,,887.5,nvapi_measured
2026-10-06T00:06:59Z,39,54.0,,152.4,1920,9251,42,887.5,1540 (PwrCap),,,,,887.5,nvapi_measured
2026-10-06T00:07:00Z,38,53.0,,159.5,1920,9251,42,887.5,1540 (PwrCap),,,,,887.5,nvapi_measured
2026-10-06T00:07:01Z,39,54.0,,166.2,1920,9251,44,887.5,1540 (PwrCap),,,,,887.5,nvapi_measured
2026-10-06T00:07:02Z,40,55.0,,168.8,1920,9251,54,887.5,1540 (PwrCap),,,,,887.5,nvapi_measured
2026-10-06T00:07:03Z,41,56.0,,180.8,1920,9251,51,887.5,1540 (PwrCap),,,,,887.5,nvapi_measured
2026-10-06T00:07:04Z,41,56.0,,182.5,1920,9251,59,887.5,1 (Idle),,,,,887.5,nvapi_measured
2026-10-06T00:07:05Z,40,55.0,,183.3,1920,9251,34,887.5,1 (Idle),,,,,887.5,nvapi_measured
2026-10-06T00:07:06Z,41,56.0,,186.2,1920,9251,64,887.5,1 (Idle),,,,,887.5,nvapi_measured
2026-10-06T00:07:07Z,41,56.0,,184.7,1920,9251,55,887.5,1 (Idle),,,,,887.5,nvapi_measured
2026-10-06T00:07:08Z,40,55.0,,183.3,1920,9251,33,887.5,1 (Idle),,,,,887.5,nvapi_measured
2026-10-06T00:07:09Z,41,56.0,,186.2,1920,9251,66,887.5,1 (Idle),,,,,887.5,nvapi_measured
2026-10-06T00:07:11Z,41,56.0,,184.7,1920,9251,57,887.5,1 (Idle),,,,,887.5,nvapi_measured
2026-10-06T00:07:12Z,42,57.0,,187.8,1920,9251,49,887.5,1 (Idle),,,,,887.5,nvapi_measured
2026-10-06T00:07:13Z,42,57.0,,182.8,1920,9251,58,887.5,1 (Idle),,,,,887.5,nvapi_measured
2026-10-06T00:07:14Z,40,55.0,,184.3,1920,9251,68,887.5,1 (Idle),,,,,887.5,nvapi_measured
2026-10-06T00:07:15Z,42,57.0,,187.6,1920,9251,47,887.5,1 (Idle),,,,,887.5,nvapi_measured
2026-10-06T00:07:16Z,42,57.0,,182.7,1920,9251,56,887.5,1 (Idle),,,,,887.5,nvapi_measured
2026-10-06T00:07:17Z,40,55.0,,184.4,1920,9251,68,887.5,1 (Idle),,,,,887.5,nvapi_measured
2026-10-06T00:07:18Z,42,57.0,,187.6,1920,9251,48,887.5,1 (Idle),,,,,887.5,nvapi_measured
2026-10-06T00:07:19Z,41,56.0,,184.7,1920,9251,56,887.5,1 (Idle),,,,,887.5,nvapi_measured
2026-10-06T00:07:20Z,40,55.0,,183.1,1920,9251,34,887.5,1 (Idle),,,,,887.5,nvapi_measured
2026-10-06T00:07:21Z,41,56.0,,185.9,1920,9251,64,887.5,1 (Idle),,,,,887.5,nvapi_measured
2026-10-06T00:07:22Z,41,56.0,,184.5,1920,9251,55,887.5,1 (Idle),,,,,887.5,nvapi_measured
2026-10-06T00:07:29Z,30,45.0,,5.7,210,405,0,887.5,1 (Idle),,,,,887.5,nvapi_measured
2026-10-06T00:07:30Z,33,48.0,,51.3,1950,9251,1,887.5,0,,,,,887.5,nvapi_measured
2026-10-06T00:07:31Z,35,50.0,,105.9,1950,9251,38,887.5,0,,,,,887.5,nvapi_measured
2026-10-06T00:07:32Z,36,51.0,,125.8,1935,9251,24,887.5,0,,,,,887.5,nvapi_measured
2026-10-06T00:07:33Z,37,52.0,,139.1,1935,9251,41,887.5,0,,,,,887.5,nvapi_measured
2026-10-06T00:07:34Z,38,53.0,,141.6,1935,9251,14,887.5,0,,,,,887.5,nvapi_measured
2026-10-06T00:07:35Z,39,54.0,,146.4,1935,9251,41,887.5,0,,,,,887.5,nvapi_measured
2026-10-06T00:07:36Z,39,54.0,,159.8,1935,9251,41,887.5,1 (Idle),,,,,887.5,nvapi_measured
2026-10-06T00:07:37Z,40,55.0,,166.6,1935,9251,41,887.5,1 (Idle),,,,,887.5,nvapi_measured
2026-10-06T00:07:39Z,40,55.0,,170.0,1935,9251,61,887.5,1 (Idle),,,,,887.5,nvapi_measured
2026-10-06T00:07:40Z,41,56.0,,180.9,1935,9251,52,887.5,1 (Idle),,,,,887.5,nvapi_measured
2026-10-06T00:07:41Z,41,56.0,,184.0,1935,9251,50,887.5,1 (Idle),,,,,887.5,nvapi_measured
2026-10-06T00:07:42Z,40,55.0,,187.5,1935,9251,47,887.5,1 (Idle),,,,,887.5,nvapi_measured
2026-10-06T00:07:43Z,41,56.0,,184.1,1935,9251,56,887.5,1 (Idle),,,,,887.5,nvapi_measured
2026-10-06T00:07:44Z,41,56.0,,185.7,1935,9251,72,887.5,1 (Idle),,,,,887.5,nvapi_measured
2026-10-06T00:07:45Z,40,55.0,,187.7,1935,9251,42,887.5,1 (Idle),,,,,887.5,nvapi_measured
2026-10-06T00:07:46Z,41,56.0,,186.2,1935,9251,72,887.5,1 (Idle),,,,,887.5,nvapi_measured
2026-10-06T00:07:47Z,40,55.0,,184.5,1935,9251,66,887.5,1 (Idle),,,,,887.5,nvapi_measured
2026-10-06T00:07:48Z,42,57.0,,188.7,1935,9251,53,887.5,1 (Idle),,,,,887.5,nvapi_measured
2026-10-06T00:07:49Z,41,56.0,,184.9,1935,9251,70,887.5,1 (Idle),,,,,887.5,nvapi_measured
2026-10-06T00:07:50Z,41,56.0,,187.0,1935,9251,70,887.5,1 (Idle),,,,,887.5,nvapi_measured
2026-10-06T00:07:51Z,41,56.0,,190.0,1935,9251,72,887.5,1 (Idle),,,,,887.5,nvapi_measured
2026-10-06T00:07:53Z,41,56.0,,187.3,1935,9251,67,887.5,1 (Idle),,,,,887.5,nvapi_measured
2026-10-06T00:07:54Z,41,56.0,,185.9,1935,9251,35,887.5,1 (Idle),,,,,887.5,nvapi_measured
2026-10-06T00:07:55Z,41,56.0,,183.8,1935,9251,64,887.5,1 (Idle),,,,,887.5,nvapi_measured
2026-10-06T00:07:56Z,41,56.0,,186.5,1935,9251,72,887.5,1 (Idle),,,,,887.5,nvapi_measured
2026-10-06T00:07:57Z,40,55.0,,186.4,1935,9251,41,887.5,1 (Idle),,,,,887.5,nvapi_measured
2026-10-06T00:07:58Z,41,56.0,,186.8,1935,9251,72,887.5,1 (Idle),,,,,887.5,nvapi_measured
2026-10-06T00:07:59Z,41,56.0,,186.2,1935,9251,56,887.5,1 (Idle),,,,,887.5,nvapi_measured
2026-10-06T00:08:05Z,30,45.0,,5.9,210,405,0,931.25,1 (Idle),,,,,931.25,nvapi_measured
2026-10-06T00:08:07Z,33,48.0,,37.4,1920,9251,14,931.25,1536 (0x600),,,,,931.25,nvapi_measured
2026-10-06T00:08:08Z,37,52.0,,116.1,1905,9251,6,931.25,0,,,,,931.25,nvapi_measured
2026-10-06T00:08:09Z,36,51.0,,131.5,1905,9251,42,931.25,0,,,,,931.25,nvapi_measured
2026-10-06T00:08:10Z,39,54.0,,143.4,1905,9251,27,931.25,0,,,,,931.25,nvapi_measured
2026-10-06T00:08:11Z,38,53.0,,146.9,1905,9251,42,931.25,0,,,,,931.25,nvapi_measured
2026-10-06T00:08:12Z,39,54.0,,159.4,1905,9251,36,931.25,0,,,,,931.25,nvapi_measured
2026-10-06T00:08:13Z,39,54.0,,163.3,1905,9251,42,931.25,1 (Idle),,,,,931.25,nvapi_measured
2026-10-06T00:08:14Z,41,56.0,,170.4,1905,9251,48,931.25,1 (Idle),,,,,931.25,nvapi_measured
2026-10-06T00:08:15Z,41,56.0,,185.0,1905,9251,56,931.25,1 (Idle),,,,,931.25,nvapi_measured
2026-10-06T00:08:16Z,41,56.0,,191.6,1905,9251,62,931.25,1 (Idle),,,,,931.25,nvapi_measured
2026-10-06T00:08:17Z,42,57.0,,201.0,1905,9251,50,931.25,1 (Idle),,,,,931.25,nvapi_measured
2026-10-06T00:08:18Z,42,57.0,,196.1,1905,9251,48,931.25,1 (Idle),,,,,931.25,nvapi_measured
2026-10-06T00:08:19Z,42,57.0,,195.7,1905,9251,42,931.25,1 (Idle),,,,,931.25,nvapi_measured
2026-10-06T00:08:21Z,41,56.0,,200.4,1905,9251,72,931.25,1 (Idle),,,,,931.25,nvapi_measured
2026-10-06T00:08:22Z,43,58.0,,195.0,1905,9251,50,931.25,1 (Idle),,,,,931.25,nvapi_measured
2026-10-06T00:08:23Z,41,56.0,,201.5,1905,9251,64,931.25,1 (Idle),,,,,931.25,nvapi_measured
2026-10-06T00:08:24Z,42,57.0,,198.1,1905,9251,60,931.25,1 (Idle),,,,,931.25,nvapi_measured
2026-10-06T00:08:25Z,42,57.0,,197.5,1905,9251,57,931.25,1 (Idle),,,,,931.25,nvapi_measured
2026-10-06T00:08:26Z,42,57.0,,201.8,1905,9251,70,931.25,1 (Idle),,,,,931.25,nvapi_measured
2026-10-06T00:08:27Z,42,57.0,,198.8,1905,9251,71,931.25,1 (Idle),,,,,931.25,nvapi_measured
2026-10-06T00:08:28Z,41,56.0,,195.8,1905,9251,32,931.25,1 (Idle),,,,,931.25,nvapi_measured
2026-10-06T00:08:29Z,42,57.0,,199.8,1905,9251,70,931.25,1 (Idle),,,,,931.25,nvapi_measured
2026-10-06T00:08:30Z,41,56.0,,199.5,1905,9251,68,931.25,1 (Idle),,,,,931.25,nvapi_measured
2026-10-06T00:08:31Z,40,55.0,,199.2,1905,9251,43,931.25,1 (Idle),,,,,931.25,nvapi_measured
2026-10-06T00:08:32Z,42,57.0,,197.0,1905,9251,61,931.25,1 (Idle),,,,,931.25,nvapi_measured
2026-10-06T00:08:34Z,42,57.0,,197.3,1905,9251,63,931.25,1 (Idle),,,,,931.25,nvapi_measured
2026-10-06T00:08:35Z,41,56.0,,201.6,1905,9251,53,931.25,1 (Idle),,,,,931.25,nvapi_measured
2026-10-06T00:08:36Z,42,57.0,,198.3,1905,9251,68,931.25,1 (Idle),,,,,931.25,nvapi_measured
2026-10-06T00:08:42Z,30,45.0,,5.5,210,405,0,931.25,1 (Idle),,,,,931.25,nvapi_measured
2026-10-06T00:08:43Z,34,49.0,,60.0,1935,9251,0,931.25,0,,,,,931.25,nvapi_measured
2026-10-06T00:08:44Z,36,51.0,,116.6,1920,9251,0,931.25,0,,,,,931.25,nvapi_measured
2026-10-06T00:08:45Z,36,51.0,,130.0,1920,9251,27,931.25,0,,,,,931.25,nvapi_measured
2026-10-06T00:08:46Z,39,54.0,,140.1,1920,9251,14,931.25,0,,,,,931.25,nvapi_measured
2026-10-06T00:08:48Z,38,53.0,,150.6,1920,9251,42,931.25,0,,,,,931.25,nvapi_measured
2026-10-06T00:08:49Z,39,54.0,,163.0,1920,9251,42,931.25,0,,,,,931.25,nvapi_measured
2026-10-06T00:08:50Z,40,55.0,,170.9,1920,9251,42,931.25,1 (Idle),,,,,931.25,nvapi_measured
2026-10-06T00:08:51Z,41,56.0,,174.5,1920,9251,21,931.25,1 (Idle),,,,,931.25,nvapi_measured
2026-10-06T00:08:52Z,42,57.0,,183.9,1920,9251,66,931.25,1 (Idle),,,,,931.25,nvapi_measured
2026-10-06T00:08:53Z,40,55.0,,193.8,1920,9251,42,931.25,1 (Idle),,,,,931.25,nvapi_measured
2026-10-06T00:08:54Z,43,58.0,,202.2,1920,9251,64,931.25,1 (Idle),,,,,931.25,nvapi_measured
2026-10-06T00:08:55Z,42,57.0,,199.5,1920,9251,55,931.25,1 (Idle),,,,,931.25,nvapi_measured
2026-10-06T00:08:56Z,43,58.0,,202.7,1920,9251,42,931.25,1 (Idle),,,,,931.25,nvapi_measured
2026-10-06T00:08:57Z,42,57.0,,197.4,1920,9251,57,931.25,1 (Idle),,,,,931.25,nvapi_measured
2026-10-06T00:08:58Z,42,57.0,,199.0,1920,9251,66,931.25,1 (Idle),,,,,931.25,nvapi_measured
2026-10-06T00:08:59Z,42,57.0,,202.7,1920,9251,42,931.25,1 (Idle),,,,,931.25,nvapi_measured
2026-10-06T00:09:00Z,42,57.0,,196.9,1920,9251,54,931.25,1 (Idle),,,,,931.25,nvapi_measured
2026-10-06T00:09:02Z,42,57.0,,198.0,1920,9251,60,931.25,1 (Idle),,,,,931.25,nvapi_measured
2026-10-06T00:09:03Z,43,58.0,,200.7,1920,9251,72,931.25,1 (Idle),,,,,931.25,nvapi_measured
2026-10-06T00:09:04Z,42,57.0,,201.7,1920,9251,70,931.25,1 (Idle),,,,,931.25,nvapi_measured
2026-10-06T00:09:05Z,40,55.0,,200.4,1920,9251,42,931.25,1 (Idle),,,,,931.25,nvapi_measured
2026-10-06T00:09:06Z,42,57.0,,199.6,1920,9251,70,931.25,1 (Idle),,,,,931.25,nvapi_measured
2026-10-06T00:09:07Z,42,57.0,,201.0,1920,9251,72,931.25,1 (Idle),,,,,931.25,nvapi_measured
2026-10-06T00:09:08Z,41,56.0,,201.9,1920,9251,42,931.25,1 (Idle),,,,,931.25,nvapi_measured
2026-10-06T00:09:09Z,42,57.0,,198.3,1920,9251,63,931.25,1 (Idle),,,,,931.25,nvapi_measured
2026-10-06T00:09:10Z,41,56.0,,197.2,1920,9251,46,931.25,1 (Idle),,,,,931.25,nvapi_measured
2026-10-06T00:09:11Z,43,58.0,,203.6,1920,9251,70,931.25,1 (Idle),,,,,931.25,nvapi_measured
2026-10-06T00:09:12Z,42,57.0,,200.4,1920,9251,63,931.25,1 (Idle),,,,,931.25,nvapi_measured
2026-10-06T00:09:19Z,31,46.0,,6.0,210,405,0,925.0,1 (Idle),,,,,925.0,nvapi_measured
2026-10-06T00:09:20Z,34,49.0,,67.6,1950,9251,0,931.25,0,,,,,931.25,nvapi_measured
2026-10-06T00:09:21Z,36,51.0,,110.2,1950,9251,0,931.25,0,,,,,931.25,nvapi_measured
2026-10-06T00:09:22Z,37,52.0,,133.7,1935,9251,42,931.25,0,,,,,931.25,nvapi_measured
2026-10-06T00:09:23Z,39,54.0,,141.5,1935,9251,24,931.25,0,,,,,931.25,nvapi_measured
2026-10-06T00:09:24Z,39,54.0,,152.5,1935,9251,27,931.25,0,,,,,931.25,nvapi_measured
2026-10-06T00:09:25Z,40,55.0,,161.2,1935,9251,40,931.25,0,,,,,931.25,nvapi_measured
2026-10-06T00:09:26Z,41,56.0,,172.1,1935,9251,50,931.25,1 (Idle),,,,,931.25,nvapi_measured
2026-10-06T00:09:27Z,42,57.0,,182.1,1935,9251,58,931.25,1 (Idle),,,,,931.25,nvapi_measured
2026-10-06T00:09:28Z,41,56.0,,187.2,1935,9251,41,931.25,1 (Idle),,,,,931.25,nvapi_measured
2026-10-06T00:09:30Z,42,57.0,,195.6,1935,9251,43,931.25,1 (Idle),,,,,931.25,nvapi_measured
2026-10-06T00:09:31Z,42,57.0,,201.7,1935,9251,58,931.25,1 (Idle),,,,,931.25,nvapi_measured
2026-10-06T00:09:32Z,41,56.0,,199.2,1935,9251,42,931.25,1 (Idle),,,,,931.25,nvapi_measured
2026-10-06T00:09:33Z,43,58.0,,203.0,1935,9251,55,931.25,1 (Idle),,,,,931.25,nvapi_measured
2026-10-06T00:09:34Z,42,57.0,,199.2,1935,9251,46,931.25,1 (Idle),,,,,931.25,nvapi_measured
2026-10-06T00:09:35Z,42,57.0,,199.3,1935,9251,64,931.25,1 (Idle),,,,,931.25,nvapi_measured
2026-10-06T00:09:36Z,42,57.0,,204.1,1935,9251,51,931.25,1 (Idle),,,,,931.25,nvapi_measured
2026-10-06T00:09:37Z,43,58.0,,199.9,1935,9251,67,931.25,1 (Idle),,,,,931.25,nvapi_measured
2026-10-06T00:09:38Z,42,57.0,,199.2,1935,9251,32,931.25,1 (Idle),,,,,931.25,nvapi_measured
2026-10-06T00:09:39Z,42,57.0,,199.3,1935,9251,48,931.25,1 (Idle),,,,,931.25,nvapi_measured
2026-10-06T00:09:40Z,42,57.0,,199.5,1935,9251,65,931.25,1 (Idle),,,,,931.25,nvapi_measured
2026-10-06T00:09:41Z,41,56.0,,202.3,1935,9251,41,931.25,1 (Idle),,,,,931.25,nvapi_measured
2026-10-06T00:09:42Z,43,58.0,,199.9,1935,9251,68,931.25,1 (Idle),,,,,931.25,nvapi_measured
2026-10-06T00:09:44Z,43,58.0,,202.9,1935,9251,71,931.25,1 (Idle),,,,,931.25,nvapi_measured
2026-10-06T00:09:45Z,42,57.0,,203.1,1935,9251,42,931.25,1 (Idle),,,,,931.25,nvapi_measured
2026-10-06T00:09:46Z,43,58.0,,199.4,1935,9251,62,931.25,1 (Idle),,,,,931.25,nvapi_measured
2026-10-06T00:09:47Z,42,57.0,,202.3,1935,9251,72,931.25,1 (Idle),,,,,931.25,nvapi_measured
2026-10-06T00:09:48Z,43,58.0,,202.1,1935,9251,42,931.25,1 (Idle),,,,,931.25,nvapi_measured
2026-10-06T00:09:49Z,42,57.0,,202.7,1935,9251,72,931.25,1 (Idle),,,,,931.25,nvapi_measured
2026-10-06T00:09:55Z,30,45.0,,5.6,210,405,0,931.25,1 (Idle),,,,,931.25,nvapi_measured
2026-10-06T00:09:56Z,34,49.0,,55.3,1965,9251,1,931.25,0,,,,,931.25,nvapi_measured
2026-10-06T00:09:58Z,36,51.0,,109.7,1965,9251,31,931.25,0,,,,,931.25,nvapi_measured
2026-10-06T00:09:59Z,37,52.0,,134.8,1950,9251,41,931.25,0,,,,,931.25,nvapi_measured
2026-10-06T00:10:00Z,37,52.0,,149.2,1950,9251,40,931.25,0,,,,,931.25,nvapi_measured
2026-10-06T00:10:01Z,38,53.0,,152.8,1950,9251,17,931.25,0,,,,,931.25,nvapi_measured
2026-10-06T00:10:02Z,40,55.0,,158.1,1950,9251,39,931.25,0,,,,,931.25,nvapi_measured
2026-10-06T00:10:03Z,40,55.0,,172.0,1950,9251,41,931.25,1 (Idle),,,,,931.25,nvapi_measured
2026-10-06T00:10:04Z,41,56.0,,180.5,1950,9251,42,931.25,1 (Idle),,,,,931.25,nvapi_measured
2026-10-06T00:10:05Z,42,57.0,,188.0,1950,9251,64,931.25,1 (Idle),,,,,931.25,nvapi_measured
2026-10-06T00:10:06Z,43,58.0,,199.6,1950,9251,58,931.25,1 (Idle),,,,,931.25,nvapi_measured
2026-10-06T00:10:07Z,43,58.0,,203.8,1950,9251,72,931.25,1 (Idle),,,,,931.25,nvapi_measured
2026-10-06T00:10:08Z,43,58.0,,203.4,1950,9251,39,931.25,1 (Idle),,,,,931.25,nvapi_measured
2026-10-06T00:10:09Z,43,58.0,,204.4,1950,9251,56,931.25,1 (Idle),,,,,931.25,nvapi_measured
2026-10-06T00:10:10Z,42,57.0,,201.8,1950,9251,54,931.25,1 (Idle),,,,,931.25,nvapi_measured
2026-10-06T00:10:12Z,41,56.0,,202.9,1950,9251,36,931.25,1 (Idle),,,,,931.25,nvapi_measured
2026-10-06T00:10:13Z,43,58.0,,201.9,1950,9251,50,931.25,1 (Idle),,,,,931.25,nvapi_measured
2026-10-06T00:10:14Z,43,58.0,,202.3,1950,9251,72,931.25,1 (Idle),,,,,931.25,nvapi_measured
2026-10-06T00:10:15Z,43,58.0,,204.4,1950,9251,42,931.25,1 (Idle),,,,,931.25,nvapi_measured
2026-10-06T00:10:16Z,42,57.0,,204.3,1950,9251,66,931.25,1 (Idle),,,,,931.25,nvapi_measured
2026-10-06T00:10:17Z,42,57.0,,201.8,1950,9251,45,931.25,1 (Idle),,,,,931.25,nvapi_measured
2026-10-06T00:10:18Z,42,57.0,,201.8,1950,9251,33,931.25,1 (Idle),,,,,931.25,nvapi_measured
2026-10-06T00:10:19Z,42,57.0,,202.3,1950,9251,47,931.25,1 (Idle),,,,,931.25,nvapi_measured
2026-10-06T00:10:20Z,42,57.0,,201.6,1950,9251,62,931.25,1 (Idle),,,,,931.25,nvapi_measured
2026-10-06T00:10:21Z,43,58.0,,204.1,1950,9251,42,931.25,1 (Idle),,,,,931.25,nvapi_measured
2026-10-06T00:10:22Z,43,58.0,,203.1,1950,9251,72,931.25,1 (Idle),,,,,931.25,nvapi_measured
2026-10-06T00:10:23Z,43,58.0,,203.4,1950,9251,52,931.25,1 (Idle),,,,,931.25,nvapi_measured
2026-10-06T00:10:25Z,42,57.0,,201.3,1950,9251,32,931.25,1 (Idle),,,,,931.25,nvapi_measured
2026-10-06T00:10:26Z,42,57.0,,201.2,1950,9251,49,931.25,1 (Idle),,,,,931.25,nvapi_measured
2026-10-06T00:10:32Z,31,46.0,,5.8,210,405,0,931.25,1 (Idle),,,,,931.25,nvapi_measured
2026-10-06T00:10:33Z,34,49.0,,48.6,1980,9251,12,931.25,0,,,,,931.25,nvapi_measured
2026-10-06T00:10:34Z,36,51.0,,120.4,1965,9251,8,931.25,0,,,,,931.25,nvapi_measured
2026-10-06T00:10:35Z,39,54.0,,135.8,1965,9251,41,931.25,4 (PwrCap),,,,,931.25,nvapi_measured
2026-10-06T00:10:36Z,38,53.0,,150.5,1965,9251,42,931.25,4 (PwrCap),,,,,931.25,nvapi_measured
2026-10-06T00:10:37Z,39,54.0,,157.3,1965,9251,38,931.25,4 (PwrCap),,,,,931.25,nvapi_measured
2026-10-06T00:10:39Z,38,53.0,,159.0,1965,9251,23,931.25,4 (PwrCap),,,,,931.25,nvapi_measured
2026-10-06T00:10:40Z,40,55.0,,170.9,1965,9251,41,931.25,4 (PwrCap),,,,,931.25,nvapi_measured
2026-10-06T00:10:41Z,42,57.0,,183.0,1965,9251,51,931.25,4 (PwrCap),,,,,931.25,nvapi_measured
2026-10-06T00:10:42Z,42,57.0,,196.7,1965,9251,59,931.25,1 (Idle),,,,,931.25,nvapi_measured
2026-10-06T00:10:43Z,42,57.0,,201.6,1965,9251,68,931.25,1 (Idle),,,,,931.25,nvapi_measured
2026-10-06T00:10:44Z,43,58.0,,204.1,1965,9251,45,931.25,1 (Idle),,,,,931.25,nvapi_measured
2026-10-06T00:10:45Z,44,59.0,,206.2,1965,9251,46,931.25,1 (Idle),,,,,931.25,nvapi_measured
2026-10-06T00:10:46Z,42,57.0,,204.4,1965,9251,73,931.25,1 (Idle),,,,,931.25,nvapi_measured
2026-10-06T00:10:47Z,42,57.0,,205.8,1965,9251,41,931.25,1 (Idle),,,,,931.25,nvapi_measured
2026-10-06T00:10:48Z,43,58.0,,205.7,1965,9251,67,931.25,1 (Idle),,,,,931.25,nvapi_measured
2026-10-06T00:10:49Z,43,58.0,,204.7,1965,9251,50,931.25,1 (Idle),,,,,931.25,nvapi_measured
2026-10-06T00:10:50Z,42,57.0,,205.1,1965,9251,73,931.25,1 (Idle),,,,,931.25,nvapi_measured
2026-10-06T00:10:51Z,43,58.0,,211.4,1965,9251,72,931.25,1 (Idle),,,,,931.25,nvapi_measured
2026-10-06T00:10:53Z,43,58.0,,204.7,1965,9251,45,931.25,1 (Idle),,,,,931.25,nvapi_measured
2026-10-06T00:10:54Z,42,57.0,,204.2,1965,9251,70,931.25,1 (Idle),,,,,931.25,nvapi_measured
2026-10-06T00:10:55Z,43,58.0,,207.3,1965,9251,53,931.25,1 (Idle),,,,,931.25,nvapi_measured
2026-10-06T00:10:56Z,42,57.0,,205.5,1965,9251,69,931.25,1 (Idle),,,,,931.25,nvapi_measured
2026-10-06T00:10:57Z,43,58.0,,204.0,1965,9251,45,931.25,1 (Idle),,,,,931.25,nvapi_measured
2026-10-06T00:10:58Z,41,56.0,,206.3,1965,9251,41,931.25,1 (Idle),,,,,931.25,nvapi_measured
2026-10-06T00:10:59Z,43,58.0,,204.0,1965,9251,72,931.25,1 (Idle),,,,,931.25,nvapi_measured
2026-10-06T00:11:00Z,43,58.0,,205.7,1965,9251,53,931.25,1 (Idle),,,,,931.25,nvapi_measured
2026-10-06T00:11:01Z,42,57.0,,211.4,1965,9251,72,931.25,1 (Idle),,,,,931.25,nvapi_measured
2026-10-06T00:11:02Z,43,58.0,,204.7,1965,9251,45,931.25,1 (Idle),,,,,931.25,nvapi_measured
2026-10-06T00:11:09Z,31,46.0,,5.5,210,405,0,931.25,1 (Idle),,,,,931.25,nvapi_measured
2026-10-06T00:11:10Z,34,49.0,,60.0,1995,9251,0,931.25,0,,,,,931.25,nvapi_measured
2026-10-06T00:11:11Z,37,52.0,,121.0,1980,9251,40,931.25,0,,,,,931.25,nvapi_measured
2026-10-06T00:11:12Z,37,52.0,,137.2,1980,9251,0,931.25,0,,,,,931.25,nvapi_measured
2026-10-06T00:11:13Z,38,53.0,,144.7,1980,9251,40,931.25,0,,,,,931.25,nvapi_measured
2026-10-06T00:11:14Z,40,55.0,,157.0,1980,9251,28,931.25,0,,,,,931.25,nvapi_measured
2026-10-06T00:11:15Z,40,55.0,,167.6,1980,9251,40,931.25,0,,,,,931.25,nvapi_measured
2026-10-06T00:11:16Z,42,57.0,,175.1,1980,9251,40,931.25,1 (Idle),,,,,931.25,nvapi_measured
2026-10-06T00:11:17Z,41,56.0,,182.6,1980,9251,40,931.25,1 (Idle),,,,,931.25,nvapi_measured
2026-10-06T00:11:18Z,43,58.0,,191.1,1980,9251,49,931.25,1 (Idle),,,,,931.25,nvapi_measured
2026-10-06T00:11:19Z,43,58.0,,197.9,1980,9251,43,931.25,1 (Idle),,,,,931.25,nvapi_measured
2026-10-06T00:11:21Z,41,56.0,,206.3,1980,9251,41,931.25,1 (Idle),,,,,931.25,nvapi_measured
2026-10-06T00:11:22Z,42,57.0,,206.2,1980,9251,73,931.25,1 (Idle),,,,,931.25,nvapi_measured
2026-10-06T00:11:23Z,43,58.0,,205.8,1980,9251,45,931.25,1 (Idle),,,,,931.25,nvapi_measured
2026-10-06T00:11:24Z,42,57.0,,207.1,1980,9251,41,931.25,1 (Idle),,,,,931.25,nvapi_measured
2026-10-06T00:11:25Z,43,58.0,,205.6,1980,9251,65,931.25,1 (Idle),,,,,931.25,nvapi_measured
2026-10-06T00:11:26Z,43,58.0,,205.7,1980,9251,56,931.25,1 (Idle),,,,,931.25,nvapi_measured
2026-10-06T00:11:27Z,43,58.0,,205.7,1980,9251,40,931.25,1 (Idle),,,,,931.25,nvapi_measured
2026-10-06T00:11:28Z,43,58.0,,205.6,1980,9251,54,931.25,1 (Idle),,,,,931.25,nvapi_measured
2026-10-06T00:11:29Z,43,58.0,,205.8,1980,9251,54,931.25,1 (Idle),,,,,931.25,nvapi_measured
2026-10-06T00:11:30Z,42,57.0,,205.8,1980,9251,40,931.25,1 (Idle),,,,,931.25,nvapi_measured
2026-10-06T00:11:31Z,43,58.0,,205.5,1980,9251,52,931.25,1 (Idle),,,,,931.25,nvapi_measured
2026-10-06T00:11:32Z,42,57.0,,205.8,1980,9251,71,931.25,1 (Idle),,,,,931.25,nvapi_measured
2026-10-06T00:11:33Z,43,58.0,,205.7,1980,9251,47,931.25,1 (Idle),,,,,931.25,nvapi_measured
2026-10-06T00:11:35Z,41,56.0,,207.4,1980,9251,41,931.25,1 (Idle),,,,,931.25,nvapi_measured
2026-10-06T00:11:36Z,43,58.0,,205.8,1980,9251,68,931.25,1 (Idle),,,,,931.25,nvapi_measured
2026-10-06T00:11:37Z,43,58.0,,205.8,1980,9251,49,931.25,1 (Idle),,,,,931.25,nvapi_measured
2026-10-06T00:11:38Z,41,56.0,,207.8,1980,9251,41,931.25,1 (Idle),,,,,931.25,nvapi_measured
2026-10-06T00:11:39Z,43,58.0,,205.8,1980,9251,72,931.25,1 (Idle),,,,,931.25,nvapi_measured
2026-10-06T00:11:45Z,31,46.0,,5.6,210,405,0,931.25,1 (Idle),,,,,931.25,nvapi_measured
2026-10-06T00:11:46Z,34,49.0,,53.8,2010,9251,1,931.25,0,,,,,931.25,nvapi_measured
2026-10-06T00:11:47Z,37,52.0,,113.9,1995,9251,37,931.25,0,,,,,931.25,nvapi_measured
2026-10-06T00:11:49Z,37,52.0,,136.5,1995,9251,0,931.25,0,,,,,931.25,nvapi_measured
2026-10-06T00:11:50Z,38,53.0,,147.7,1995,9251,37,931.25,0,,,,,931.25,nvapi_measured
2026-10-06T00:11:51Z,40,55.0,,159.9,1995,9251,40,931.25,0,,,,,931.25,nvapi_measured
2026-10-06T00:11:52Z,41,56.0,,167.5,1995,9251,40,931.25,0,,,,,931.25,nvapi_measured
2026-10-06T00:11:53Z,42,57.0,,176.7,1995,9251,50,931.25,1 (Idle),,,,,931.25,nvapi_measured
2026-10-06T00:11:54Z,41,56.0,,188.2,1995,9251,59,931.25,1 (Idle),,,,,931.25,nvapi_measured
2026-10-06T00:11:55Z,43,58.0,,190.8,1995,9251,57,931.25,1 (Idle),,,,,931.25,nvapi_measured
2026-10-06T00:11:56Z,43,58.0,,209.5,1995,9251,70,931.25,1 (Idle),,,,,931.25,nvapi_measured
2026-10-06T00:11:57Z,44,59.0,,206.4,1995,9251,46,931.25,1 (Idle),,,,,931.25,nvapi_measured
2026-10-06T00:11:58Z,43,58.0,,206.5,1995,9251,64,931.25,1 (Idle),,,,,931.25,nvapi_measured
2026-10-06T00:11:59Z,42,57.0,,207.7,1995,9251,33,931.25,1 (Idle),,,,,931.25,nvapi_measured
2026-10-06T00:12:00Z,43,58.0,,207.5,1995,9251,72,931.25,1 (Idle),,,,,931.25,nvapi_measured
2026-10-06T00:12:02Z,43,58.0,,207.6,1995,9251,57,931.25,1 (Idle),,,,,931.25,nvapi_measured
2026-10-06T00:12:03Z,43,58.0,,206.1,1995,9251,52,931.25,1 (Idle),,,,,931.25,nvapi_measured
2026-10-06T00:12:04Z,44,59.0,,206.1,1995,9251,48,931.25,1 (Idle),,,,,931.25,nvapi_measured
2026-10-06T00:12:05Z,43,58.0,,207.7,1995,9251,71,931.25,1 (Idle),,,,,931.25,nvapi_measured
2026-10-06T00:12:06Z,43,58.0,,207.9,1995,9251,58,931.25,1 (Idle),,,,,931.25,nvapi_measured
2026-10-06T00:12:07Z,43,58.0,,206.1,1995,9251,39,931.25,1 (Idle),,,,,931.25,nvapi_measured
2026-10-06T00:12:08Z,44,59.0,,207.1,1995,9251,48,931.25,1 (Idle),,,,,931.25,nvapi_measured
2026-10-06T00:12:09Z,43,58.0,,206.0,1995,9251,62,931.25,1 (Idle),,,,,931.25,nvapi_measured
2026-10-06T00:12:10Z,43,58.0,,207.7,1995,9251,33,931.25,1 (Idle),,,,,931.25,nvapi_measured
2026-10-06T00:12:11Z,43,58.0,,207.1,1995,9251,70,931.25,1 (Idle),,,,,931.25,nvapi_measured
2026-10-06T00:12:12Z,44,59.0,,206.4,1995,9251,45,931.25,1 (Idle),,,,,931.25,nvapi_measured
2026-10-06T00:12:13Z,42,57.0,,206.6,1995,9251,66,931.25,1 (Idle),,,,,931.25,nvapi_measured
2026-10-06T00:12:14Z,41,56.0,,211.2,1995,9251,51,931.25,1 (Idle),,,,,931.25,nvapi_measured
2026-10-06T00:12:16Z,43,58.0,,207.2,1995,9251,73,931.25,1 (Idle),,,,,931.25,nvapi_measured
2026-10-06T00:12:22Z,31,46.0,,5.6,210,405,0,931.25,1 (Idle),,,,,931.25,nvapi_measured
2026-10-06T00:12:23Z,34,49.0,,52.5,2025,9251,16,931.25,0,,,,,931.25,nvapi_measured
2026-10-06T00:12:24Z,39,54.0,,121.4,2010,9251,0,931.25,0,,,,,931.25,nvapi_measured
2026-10-06T00:12:25Z,37,52.0,,137.9,2010,9251,35,931.25,0,,,,,931.25,nvapi_measured
2026-10-06T00:12:26Z,38,53.0,,152.4,2010,9251,37,931.25,0,,,,,931.25,nvapi_measured
2026-10-06T00:12:27Z,38,53.0,,160.5,2010,9251,41,931.25,0,,,,,931.25,nvapi_measured
2026-10-06T00:12:28Z,40,55.0,,166.1,2010,9251,32,931.25,0,,,,,931.25,nvapi_measured
2026-10-06T00:12:30Z,41,56.0,,173.9,2010,9251,48,931.25,1 (Idle),,,,,931.25,nvapi_measured
2026-10-06T00:12:31Z,43,58.0,,186.6,2010,9251,60,931.25,1 (Idle),,,,,931.25,nvapi_measured
2026-10-06T00:12:32Z,41,56.0,,198.4,2010,9251,40,931.25,1 (Idle),,,,,931.25,nvapi_measured
2026-10-06T00:12:33Z,43,58.0,,202.1,2010,9251,61,931.25,1 (Idle),,,,,931.25,nvapi_measured
2026-10-06T00:12:34Z,44,59.0,,206.8,2010,9251,46,931.25,1 (Idle),,,,,931.25,nvapi_measured
2026-10-06T00:12:35Z,43,58.0,,206.7,2010,9251,40,931.25,1 (Idle),,,,,931.25,nvapi_measured
2026-10-06T00:12:36Z,44,59.0,,208.2,2010,9251,53,931.25,1 (Idle),,,,,931.25,nvapi_measured
2026-10-06T00:12:37Z,43,58.0,,206.7,2010,9251,57,931.25,1 (Idle),,,,,931.25,nvapi_measured
2026-10-06T00:12:38Z,42,57.0,,209.2,2010,9251,73,931.25,1 (Idle),,,,,931.25,nvapi_measured
2026-10-06T00:12:39Z,41,56.0,,212.9,2010,9251,49,931.25,1 (Idle),,,,,931.25,nvapi_measured
2026-10-06T00:12:40Z,43,58.0,,208.1,2010,9251,65,931.25,1 (Idle),,,,,931.25,nvapi_measured
2026-10-06T00:12:41Z,43,58.0,,209.1,2010,9251,70,931.25,1 (Idle),,,,,931.25,nvapi_measured
2026-10-06T00:12:43Z,43,58.0,,208.4,2010,9251,55,931.25,1 (Idle),,,,,931.25,nvapi_measured
2026-10-06T00:12:44Z,43,58.0,,209.3,2010,9251,71,931.25,1 (Idle),,,,,931.25,nvapi_measured
2026-10-06T00:12:45Z,43,58.0,,208.1,2010,9251,56,931.25,1 (Idle),,,,,931.25,nvapi_measured
2026-10-06T00:12:46Z,43,58.0,,209.2,2010,9251,47,931.25,1 (Idle),,,,,931.25,nvapi_measured
2026-10-06T00:12:47Z,41,56.0,,208.6,2010,9251,40,931.25,1 (Idle),,,,,931.25,nvapi_measured
2026-10-06T00:12:48Z,44,59.0,,212.6,2010,9251,46,931.25,1 (Idle),,,,,931.25,nvapi_measured
2026-10-06T00:12:49Z,43,58.0,,209.3,2010,9251,57,931.25,1 (Idle),,,,,931.25,nvapi_measured
2026-10-06T00:12:50Z,43,58.0,,206.5,2010,9251,73,931.25,1 (Idle),,,,,931.25,nvapi_measured
2026-10-06T00:12:51Z,43,58.0,,208.7,2010,9251,40,931.25,1 (Idle),,,,,931.25,nvapi_measured
2026-10-06T00:12:52Z,43,58.0,,206.3,2010,9251,46,931.25,1 (Idle),,,,,931.25,nvapi_measured
2026-10-06T00:12:59Z,31,46.0,,5.7,210,405,0,975.0,1 (Idle),,,,,975.0,nvapi_measured
2026-10-06T00:13:00Z,35,50.0,,61.4,1980,9251,0,975.0,0,,,,,975.0,nvapi_measured
2026-10-06T00:13:01Z,36,51.0,,125.7,1980,9251,41,975.0,0,,,,,975.0,nvapi_measured
2026-10-06T00:13:02Z,38,53.0,,145.3,1980,9251,0,975.0,0,,,,,975.0,nvapi_measured
2026-10-06T00:13:03Z,41,56.0,,153.6,1980,9251,36,975.0,0,,,,,975.0,nvapi_measured
2026-10-06T00:13:04Z,40,55.0,,170.1,1980,9251,41,975.0,0,,,,,975.0,nvapi_measured
2026-10-06T00:13:05Z,40,55.0,,179.0,1980,9251,40,975.0,0,,,,,975.0,nvapi_measured
2026-10-06T00:13:06Z,43,58.0,,188.2,1980,9251,47,975.0,1 (Idle),,,,,975.0,nvapi_measured
2026-10-06T00:13:07Z,41,56.0,,195.9,1965,9251,41,975.0,4 (PwrCap),,,,,975.0,nvapi_measured
2026-10-06T00:13:08Z,43,58.0,,208.2,1965,9251,61,975.0,4 (PwrCap),,,,,975.0,nvapi_measured
2026-10-06T00:13:09Z,44,59.0,,214.6,1965,9251,50,975.0,4 (PwrCap),,,,,975.0,nvapi_measured
2026-10-06T00:13:11Z,44,59.0,,221.9,1965,9251,42,975.0,4 (PwrCap),,,,,975.0,nvapi_measured
2026-10-06T00:13:12Z,44,59.0,,220.1,1965,9251,60,975.0,4 (PwrCap),,,,,975.0,nvapi_measured
2026-10-06T00:13:13Z,44,59.0,,221.9,1965,9251,65,975.0,4 (PwrCap),,,,,975.0,nvapi_measured
2026-10-06T00:13:14Z,44,59.0,,227.6,1965,9251,66,975.0,4 (PwrCap),,,,,975.0,nvapi_measured
2026-10-06T00:13:15Z,44,59.0,,220.4,1965,9251,49,975.0,4 (PwrCap),,,,,975.0,nvapi_measured
2026-10-06T00:13:16Z,44,59.0,,220.4,1965,9251,73,975.0,4 (PwrCap),,,,,975.0,nvapi_measured
2026-10-06T00:13:17Z,45,60.0,,221.8,1965,9251,40,975.0,4 (PwrCap),,,,,975.0,nvapi_measured
2026-10-06T00:13:18Z,43,58.0,,221.8,1965,9251,52,975.0,4 (PwrCap),,,,,975.0,nvapi_measured
2026-10-06T00:13:19Z,43,58.0,,220.2,1965,9251,45,975.0,4 (PwrCap),,,,,975.0,nvapi_measured
2026-10-06T00:13:20Z,44,59.0,,222.5,1965,9251,41,975.0,4 (PwrCap),,,,,975.0,nvapi_measured
2026-10-06T00:13:21Z,44,59.0,,220.4,1965,9251,73,975.0,4 (PwrCap),,,,,975.0,nvapi_measured
2026-10-06T00:13:22Z,43,58.0,,221.5,1965,9251,50,975.0,4 (PwrCap),,,,,975.0,nvapi_measured
2026-10-06T00:13:24Z,44,59.0,,220.3,1965,9251,33,975.0,4 (PwrCap),,,,,975.0,nvapi_measured
2026-10-06T00:13:25Z,44,59.0,,220.2,1965,9251,48,975.0,4 (PwrCap),,,,,975.0,nvapi_measured
2026-10-06T00:13:26Z,44,59.0,,219.9,1965,9251,72,975.0,4 (PwrCap),,,,,975.0,nvapi_measured
2026-10-06T00:13:27Z,45,60.0,,221.5,1965,9251,39,975.0,4 (PwrCap),,,,,975.0,nvapi_measured
2026-10-06T00:13:28Z,44,59.0,,221.9,1965,9251,50,975.0,4 (PwrCap),,,,,975.0,nvapi_measured
2026-10-06T00:13:29Z,44,59.0,,220.2,1965,9251,64,975.0,4 (PwrCap),,,,,975.0,nvapi_measured
2026-10-06T00:13:35Z,31,46.0,,6.0,210,405,0,975.0,1 (Idle),,,,,975.0,nvapi_measured
2026-10-06T00:13:36Z,35,50.0,,56.0,1995,9251,0,975.0,0,,,,,975.0,nvapi_measured
2026-10-06T00:13:38Z,37,52.0,,117.0,1995,9251,37,975.0,4 (PwrCap),,,,,975.0,nvapi_measured
2026-10-06T00:13:39Z,38,53.0,,147.9,1980,9251,21,975.0,0,,,,,975.0,nvapi_measured
2026-10-06T00:13:40Z,40,55.0,,154.2,1995,9251,12,975.0,0,,,,,975.0,nvapi_measured
2026-10-06T00:13:41Z,41,56.0,,165.0,1980,9251,27,975.0,4 (PwrCap),,,,,975.0,nvapi_measured
2026-10-06T00:13:42Z,42,57.0,,177.3,1980,9251,40,975.0,4 (PwrCap),,,,,975.0,nvapi_measured
2026-10-06T00:13:43Z,42,57.0,,190.2,1980,9251,50,975.0,4 (PwrCap),,,,,975.0,nvapi_measured
2026-10-06T00:13:44Z,43,58.0,,200.1,1980,9251,54,975.0,4 (PwrCap),,,,,975.0,nvapi_measured
2026-10-06T00:13:45Z,43,58.0,,203.3,1965,9251,63,975.0,4 (PwrCap),,,,,975.0,nvapi_measured
2026-10-06T00:13:46Z,44,59.0,,224.0,1965,9251,63,975.0,4 (PwrCap),,,,,975.0,nvapi_measured
2026-10-06T00:13:47Z,44,59.0,,222.0,1980,9251,55,975.0,4 (PwrCap),,,,,975.0,nvapi_measured
2026-10-06T00:13:48Z,44,59.0,,221.7,1965,9251,65,975.0,4 (PwrCap),,,,,975.0,nvapi_measured
2026-10-06T00:13:49Z,45,60.0,,221.8,1980,9251,40,975.0,4 (PwrCap),,,,,975.0,nvapi_measured
2026-10-06T00:13:50Z,44,59.0,,221.8,1980,9251,47,975.0,4 (PwrCap),,,,,975.0,nvapi_measured
2026-10-06T00:13:52Z,45,60.0,,221.1,1980,9251,71,975.0,4 (PwrCap),,,,,975.0,nvapi_measured
2026-10-06T00:13:53Z,43,58.0,,222.0,1980,9251,40,975.0,4 (PwrCap),,,,,975.0,nvapi_measured
2026-10-06T00:13:54Z,45,60.0,,221.9,1980,9251,59,975.0,4 (PwrCap),,,,,975.0,nvapi_measured
2026-10-06T00:13:55Z,45,60.0,,221.8,1950,9251,62,975.0,4 (PwrCap),,,,,975.0,nvapi_measured
2026-10-06T00:13:56Z,42,57.0,,221.9,1980,9251,41,975.0,4 (PwrCap),,,,,975.0,nvapi_measured
2026-10-06T00:13:57Z,44,59.0,,221.7,1980,9251,48,975.0,4 (PwrCap),,,,,975.0,nvapi_measured
2026-10-06T00:13:58Z,45,60.0,,221.4,1980,9251,71,975.0,4 (PwrCap),,,,,975.0,nvapi_measured
2026-10-06T00:13:59Z,43,58.0,,221.7,1980,9251,47,975.0,4 (PwrCap),,,,,975.0,nvapi_measured
2026-10-06T00:14:00Z,44,59.0,,221.6,1980,9251,55,975.0,4 (PwrCap),,,,,975.0,nvapi_measured
2026-10-06T00:14:01Z,44,59.0,,221.0,1965,9251,63,975.0,4 (PwrCap),,,,,975.0,nvapi_measured
2026-10-06T00:14:02Z,44,59.0,,221.7,1980,9251,55,975.0,4 (PwrCap),,,,,975.0,nvapi_measured
2026-10-06T00:14:03Z,44,59.0,,225.3,1980,9251,49,975.0,4 (PwrCap),,,,,975.0,nvapi_measured
2026-10-06T00:14:04Z,45,60.0,,221.8,1980,9251,73,975.0,4 (PwrCap),,,,,975.0,nvapi_measured
2026-10-06T00:14:06Z,44,59.0,,221.7,1980,9251,45,975.0,4 (PwrCap),,,,,975.0,nvapi_measured
2026-10-06T00:14:12Z,31,46.0,,5.9,210,405,0,975.0,1 (Idle),,,,,975.0,nvapi_measured
2026-10-06T00:14:13Z,35,50.0,,49.1,1995,9251,2,975.0,0,,,,,975.0,nvapi_measured
2026-10-06T00:14:14Z,36,51.0,,105.7,1995,9251,18,975.0,4 (PwrCap),,,,,975.0,nvapi_measured
2026-10-06T00:14:15Z,38,53.0,,145.0,1995,9251,41,975.0,1540 (PwrCap),,,,,975.0,nvapi_measured
2026-10-06T00:14:16Z,39,54.0,,148.7,1980,9251,19,975.0,1540 (PwrCap),,,,,975.0,nvapi_measured
2026-10-06T00:14:17Z,41,56.0,,153.7,1995,9251,37,975.0,1540 (PwrCap),,,,,975.0,nvapi_measured
2026-10-06T00:14:18Z,40,55.0,,168.0,1995,9251,32,975.0,1540 (PwrCap),,,,,975.0,nvapi_measured
2026-10-06T00:14:20Z,40,55.0,,170.5,1995,9251,40,975.0,1540 (PwrCap),,,,,975.0,nvapi_measured
2026-10-06T00:14:21Z,43,58.0,,178.9,1995,9251,41,975.0,1540 (PwrCap),,,,,975.0,nvapi_measured
2026-10-06T00:14:22Z,42,57.0,,193.7,1980,9251,53,975.0,4 (PwrCap),,,,,975.0,nvapi_measured
2026-10-06T00:14:23Z,42,57.0,,200.3,1980,9251,41,975.0,4 (PwrCap),,,,,975.0,nvapi_measured
2026-10-06T00:14:24Z,43,58.0,,197.3,1980,9251,49,975.0,4 (PwrCap),,,,,975.0,nvapi_measured
2026-10-06T00:14:25Z,43,58.0,,204.2,1980,9251,40,975.0,4 (PwrCap),,,,,975.0,nvapi_measured
2026-10-06T00:14:26Z,43,58.0,,197.3,1980,9251,49,975.0,4 (PwrCap),,,,,975.0,nvapi_measured
2026-10-06T00:14:27Z,42,57.0,,204.3,1980,9251,41,975.0,4 (PwrCap),,,,,975.0,nvapi_measured
2026-10-06T00:14:28Z,44,59.0,,204.0,1965,9251,59,975.0,4 (PwrCap),,,,,975.0,nvapi_measured
2026-10-06T00:14:29Z,42,57.0,,204.2,1980,9251,57,975.0,4 (PwrCap),,,,,975.0,nvapi_measured
2026-10-06T00:14:30Z,44,59.0,,204.3,1980,9251,59,975.0,4 (PwrCap),,,,,975.0,nvapi_measured
2026-10-06T00:14:31Z,43,58.0,,203.9,1980,9251,54,975.0,4 (PwrCap),,,,,975.0,nvapi_measured
2026-10-06T00:14:32Z,44,59.0,,204.2,1980,9251,59,975.0,4 (PwrCap),,,,,975.0,nvapi_measured
2026-10-06T00:14:34Z,41,56.0,,203.2,1980,9251,40,975.0,4 (PwrCap),,,,,975.0,nvapi_measured
2026-10-06T00:14:35Z,44,59.0,,200.9,1980,9251,59,975.0,4 (PwrCap),,,,,975.0,nvapi_measured
2026-10-06T00:14:36Z,43,58.0,,204.3,1980,9251,41,975.0,4 (PwrCap),,,,,975.0,nvapi_measured
2026-10-06T00:14:37Z,41,56.0,,196.7,1965,9251,41,975.0,4 (PwrCap),,,,,975.0,nvapi_measured
2026-10-06T00:14:38Z,42,57.0,,204.1,1980,9251,41,975.0,4 (PwrCap),,,,,975.0,nvapi_measured
2026-10-06T00:14:39Z,44,59.0,,196.4,1965,9251,19,975.0,4 (PwrCap),,,,,975.0,nvapi_measured
2026-10-06T00:14:40Z,43,58.0,,200.1,1980,9251,41,975.0,4 (PwrCap),,,,,975.0,nvapi_measured
2026-10-06T00:14:41Z,43,58.0,,203.9,1980,9251,58,975.0,4 (PwrCap),,,,,975.0,nvapi_measured
2026-10-06T00:14:42Z,42,57.0,,201.7,1980,9251,31,975.0,4 (PwrCap),,,,,975.0,nvapi_measured
2026-10-06T00:14:49Z,31,46.0,,5.4,210,405,0,975.0,1 (Idle),,,,,975.0,nvapi_measured
2026-10-06T00:14:50Z,35,50.0,,62.1,2010,9251,0,975.0,1024 (0x400),,,,,975.0,nvapi_measured
2026-10-06T00:14:51Z,37,52.0,,118.4,2010,9251,0,975.0,1540 (PwrCap),,,,,975.0,nvapi_measured
2026-10-06T00:14:52Z,39,54.0,,136.8,2010,9251,7,975.0,1540 (PwrCap),,,,,975.0,nvapi_measured
2026-10-06T00:14:53Z,39,54.0,,147.5,2010,9251,40,975.0,4 (PwrCap),,,,,975.0,nvapi_measured
2026-10-06T00:14:54Z,40,55.0,,153.7,2010,9251,15,975.0,1540 (PwrCap),,,,,975.0,nvapi_measured
2026-10-06T00:14:55Z,41,56.0,,165.7,2010,9251,40,975.0,4 (PwrCap),,,,,975.0,nvapi_measured
2026-10-06T00:14:56Z,42,57.0,,178.7,2010,9251,41,975.0,4 (PwrCap),,,,,975.0,nvapi_measured
2026-10-06T00:14:57Z,41,56.0,,178.9,2010,9251,40,975.0,1540 (PwrCap),,,,,975.0,nvapi_measured
2026-10-06T00:14:58Z,43,58.0,,191.0,1980,9251,53,975.0,1540 (PwrCap),,,,,975.0,nvapi_measured
2026-10-06T00:14:59Z,42,57.0,,203.0,1995,9251,45,975.0,1540 (PwrCap),,,,,975.0,nvapi_measured
2026-10-06T00:15:00Z,44,59.0,,197.8,1965,9251,41,975.0,1540 (PwrCap),,,,,975.0,nvapi_measured
2026-10-06T00:15:02Z,43,58.0,,204.4,1995,9251,40,975.0,1540 (PwrCap),,,,,975.0,nvapi_measured
2026-10-06T00:15:03Z,44,59.0,,198.0,1995,9251,53,975.0,1540 (PwrCap),,,,,975.0,nvapi_measured
2026-10-06T00:15:04Z,42,57.0,,202.8,1995,9251,45,975.0,1540 (PwrCap),,,,,975.0,nvapi_measured
2026-10-06T00:15:05Z,42,57.0,,205.2,1980,9251,59,975.0,4 (PwrCap),,,,,975.0,nvapi_measured
2026-10-06T00:15:06Z,43,58.0,,200.6,1995,9251,40,975.0,1540 (PwrCap),,,,,975.0,nvapi_measured
2026-10-06T00:15:07Z,42,57.0,,204.2,1995,9251,45,975.0,1540 (PwrCap),,,,,975.0,nvapi_measured
2026-10-06T00:15:08Z,44,59.0,,197.8,1965,9251,44,975.0,1540 (PwrCap),,,,,975.0,nvapi_measured
2026-10-06T00:15:09Z,44,59.0,,204.3,1995,9251,40,975.0,1540 (PwrCap),,,,,975.0,nvapi_measured
2026-10-06T00:15:10Z,43,58.0,,205.7,1995,9251,60,975.0,1540 (PwrCap),,,,,975.0,nvapi_measured
2026-10-06T00:15:11Z,42,57.0,,202.6,1995,9251,40,975.0,4 (PwrCap),,,,,975.0,nvapi_measured
2026-10-06T00:15:12Z,43,58.0,,204.5,1995,9251,51,975.0,1540 (PwrCap),,,,,975.0,nvapi_measured
2026-10-06T00:15:13Z,43,58.0,,198.7,1995,9251,40,975.0,1540 (PwrCap),,,,,975.0,nvapi_measured
2026-10-06T00:15:15Z,43,58.0,,204.1,1995,9251,40,975.0,4 (PwrCap),,,,,975.0,nvapi_measured
2026-10-06T00:15:16Z,43,58.0,,197.4,1995,9251,19,975.0,1540 (PwrCap),,,,,975.0,nvapi_measured
2026-10-06T00:15:17Z,43,58.0,,204.0,1995,9251,49,975.0,1540 (PwrCap),,,,,975.0,nvapi_measured
2026-10-06T00:15:18Z,42,57.0,,205.5,1995,9251,59,975.0,4 (PwrCap),,,,,975.0,nvapi_measured
2026-10-06T00:15:19Z,42,57.0,,200.6,1965,9251,40,975.0,1540 (PwrCap),,,,,975.0,nvapi_measured
2026-10-06T00:15:25Z,31,46.0,,5.9,210,405,0,975.0,1 (Idle),,,,,975.0,nvapi_measured
2026-10-06T00:15:26Z,35,50.0,,55.5,2010,9251,0,975.0,1024 (0x400),,,,,975.0,nvapi_measured
2026-10-06T00:15:27Z,37,52.0,,105.6,2010,9251,1,975.0,1028 (PwrCap),,,,,975.0,nvapi_measured
2026-10-06T00:15:28Z,38,53.0,,133.5,1995,9251,40,975.0,4 (PwrCap),,,,,975.0,nvapi_measured
2026-10-06T00:15:29Z,37,52.0,,136.8,1995,9251,1,975.0,4 (PwrCap),,,,,975.0,nvapi_measured
2026-10-06T00:15:31Z,40,55.0,,138.8,1995,9251,8,975.0,4 (PwrCap),,,,,975.0,nvapi_measured
2026-10-06T00:15:32Z,39,54.0,,145.2,1995,9251,0,975.0,4 (PwrCap),,,,,975.0,nvapi_measured
2026-10-06T00:15:33Z,41,56.0,,159.4,1995,9251,31,975.0,4 (PwrCap),,,,,975.0,nvapi_measured
2026-10-06T00:15:34Z,40,55.0,,161.9,1995,9251,33,975.0,4 (PwrCap),,,,,975.0,nvapi_measured
2026-10-06T00:15:35Z,41,56.0,,175.0,1995,9251,30,975.0,4 (PwrCap),,,,,975.0,nvapi_measured
2026-10-06T00:15:36Z,42,57.0,,177.0,1995,9251,38,975.0,4 (PwrCap),,,,,975.0,nvapi_measured
2026-10-06T00:15:37Z,41,56.0,,180.2,1995,9251,40,975.0,4 (PwrCap),,,,,975.0,nvapi_measured
2026-10-06T00:15:38Z,43,58.0,,178.8,1995,9251,40,975.0,4 (PwrCap),,,,,975.0,nvapi_measured
2026-10-06T00:15:39Z,42,57.0,,180.1,2010,9251,9,975.0,1 (Idle),,,,,975.0,nvapi_measured
2026-10-06T00:15:40Z,41,56.0,,178.8,1995,9251,40,975.0,4 (PwrCap),,,,,975.0,nvapi_measured
2026-10-06T00:15:41Z,42,57.0,,179.4,1995,9251,40,975.0,4 (PwrCap),,,,,975.0,nvapi_measured
2026-10-06T00:15:42Z,41,56.0,,185.9,1995,9251,40,975.0,4 (PwrCap),,,,,975.0,nvapi_measured
2026-10-06T00:15:43Z,43,58.0,,178.7,1980,9251,39,975.0,4 (PwrCap),,,,,975.0,nvapi_measured
2026-10-06T00:15:45Z,42,57.0,,186.6,1995,9251,41,975.0,1 (Idle),,,,,975.0,nvapi_measured
2026-10-06T00:15:46Z,41,56.0,,186.6,1995,9251,40,975.0,1 (Idle),,,,,975.0,nvapi_measured
2026-10-06T00:15:47Z,43,58.0,,178.6,1995,9251,40,975.0,1 (Idle),,,,,975.0,nvapi_measured
2026-10-06T00:15:48Z,42,57.0,,178.7,1980,9251,3,975.0,4 (PwrCap),,,,,975.0,nvapi_measured
2026-10-06T00:15:49Z,42,57.0,,179.0,1980,9251,39,975.0,4 (PwrCap),,,,,975.0,nvapi_measured
2026-10-06T00:15:50Z,42,57.0,,179.2,1995,9251,40,975.0,1 (Idle),,,,,975.0,nvapi_measured
2026-10-06T00:15:51Z,42,57.0,,184.7,1995,9251,39,975.0,1 (Idle),,,,,975.0,nvapi_measured
2026-10-06T00:15:52Z,41,56.0,,185.3,1980,9251,39,975.0,4 (PwrCap),,,,,975.0,nvapi_measured
2026-10-06T00:15:53Z,41,56.0,,179.6,1965,9251,40,975.0,4 (PwrCap),,,,,975.0,nvapi_measured
2026-10-06T00:15:54Z,42,57.0,,182.7,1980,9251,39,975.0,4 (PwrCap),,,,,975.0,nvapi_measured
2026-10-06T00:15:55Z,41,56.0,,182.3,1995,9251,40,975.0,1 (Idle),,,,,975.0,nvapi_measured
2026-10-06T00:16:02Z,31,46.0,,8.8,210,405,0,1050.0,1 (Idle),,,,,1050.0,nvapi_measured
2026-10-06T00:16:03Z,35,50.0,,83.0,2040,9251,0,1050.0,0,,,,,1050.0,nvapi_measured
2026-10-06T00:16:04Z,37,52.0,,107.2,2040,9251,17,1050.0,0,,,,,1050.0,nvapi_measured
2026-10-06T00:16:05Z,37,52.0,,139.0,2010,9251,0,1050.0,4 (PwrCap),,,,,1050.0,nvapi_measured
2026-10-06T00:16:06Z,40,55.0,,141.2,1995,9251,26,1050.0,4 (PwrCap),,,,,1050.0,nvapi_measured
2026-10-06T00:16:07Z,39,54.0,,156.2,2010,9251,41,1050.0,4 (PwrCap),,,,,1050.0,nvapi_measured
2026-10-06T00:16:08Z,40,55.0,,166.1,2010,9251,40,1050.0,4 (PwrCap),,,,,1050.0,nvapi_measured
2026-10-06T00:16:09Z,41,56.0,,174.4,2010,9251,40,1037.5,4 (PwrCap),,,,,1037.5,nvapi_measured
2026-10-06T00:16:10Z,41,56.0,,175.6,1965,9251,26,1050.0,4 (PwrCap),,,,,1050.0,nvapi_measured
2026-10-06T00:16:11Z,42,57.0,,186.8,1995,9251,28,1050.0,4 (PwrCap),,,,,1050.0,nvapi_measured
2026-10-06T00:16:12Z,44,59.0,,190.5,1980,9251,37,1050.0,4 (PwrCap),,,,,1050.0,nvapi_measured
2026-10-06T00:16:14Z,42,57.0,,200.9,1995,9251,42,1050.0,4 (PwrCap),,,,,1050.0,nvapi_measured
2026-10-06T00:16:15Z,43,58.0,,203.7,1995,9251,40,1050.0,4 (PwrCap),,,,,1050.0,nvapi_measured
2026-10-06T00:16:16Z,44,59.0,,196.0,1950,9251,40,1050.0,4 (PwrCap),,,,,1050.0,nvapi_measured
2026-10-06T00:16:17Z,43,58.0,,196.5,1950,9251,9,1050.0,4 (PwrCap),,,,,1050.0,nvapi_measured
2026-10-06T00:16:18Z,43,58.0,,195.5,1995,9251,39,1050.0,4 (PwrCap),,,,,1050.0,nvapi_measured
2026-10-06T00:16:19Z,43,58.0,,198.3,1905,9251,40,993.75,4 (PwrCap),,,,,993.75,nvapi_measured
2026-10-06T00:16:20Z,43,58.0,,200.1,1980,9251,38,1050.0,4 (PwrCap),,,,,1050.0,nvapi_measured
2026-10-06T00:16:21Z,42,57.0,,201.3,1890,9251,41,993.75,4 (PwrCap),,,,,993.75,nvapi_measured
2026-10-06T00:16:22Z,42,57.0,,202.8,1995,9251,40,1037.5,4 (PwrCap),,,,,1037.5,nvapi_measured
2026-10-06T00:16:23Z,44,59.0,,195.7,1950,9251,40,1050.0,4 (PwrCap),,,,,1050.0,nvapi_measured
2026-10-06T00:16:24Z,42,57.0,,204.6,1995,9251,38,1037.5,4 (PwrCap),,,,,1037.5,nvapi_measured
2026-10-06T00:16:25Z,42,57.0,,196.9,1995,9251,41,1050.0,4 (PwrCap),,,,,1050.0,nvapi_measured
2026-10-06T00:16:27Z,42,57.0,,196.4,1920,9251,41,1050.0,4 (PwrCap),,,,,1050.0,nvapi_measured
2026-10-06T00:16:28Z,43,58.0,,200.6,1995,9251,39,1050.0,4 (PwrCap),,,,,1050.0,nvapi_measured
2026-10-06T00:16:29Z,43,58.0,,196.8,1980,9251,15,1050.0,4 (PwrCap),,,,,1050.0,nvapi_measured
2026-10-06T00:16:30Z,42,57.0,,195.5,1995,9251,41,1050.0,4 (PwrCap),,,,,1050.0,nvapi_measured
2026-10-06T00:16:31Z,42,57.0,,195.7,1950,9251,41,1050.0,4 (PwrCap),,,,,1050.0,nvapi_measured
2026-10-06T00:16:32Z,42,57.0,,204.4,1995,9251,38,1050.0,4 (PwrCap),,,,,1050.0,nvapi_measured
2026-10-06T00:16:38Z,32,47.0,,7.1,210,405,0,450,1 (Idle),,,,,,curve_estimate
2026-10-06T00:16:39Z,31,46.0,,7.2,210,405,0,1050.0,1 (Idle),,,,,1050.0,nvapi_measured
2026-10-06T00:16:40Z,41,56.0,,218.0,2040,9251,67,1068.75,1024 (0x400),,,,,1068.75,nvapi_measured
2026-10-06T00:16:41Z,41,56.0,,212.7,2040,9251,61,1068.75,1024 (0x400),,,,,1068.75,nvapi_measured
2026-10-06T00:16:42Z,42,57.0,,204.9,2040,9251,62,1068.75,1024 (0x400),,,,,1068.75,nvapi_measured
2026-10-06T00:16:43Z,41,56.0,,196.4,2040,9251,50,1068.75,1024 (0x400),,,,,1068.75,nvapi_measured
2026-10-06T00:16:44Z,41,56.0,,191.8,2040,9251,49,1068.75,1024 (0x400),,,,,1068.75,nvapi_measured
2026-10-06T00:16:46Z,41,56.0,,195.7,2040,9251,55,1068.75,1024 (0x400),,,,,1068.75,nvapi_measured
2026-10-06T00:16:47Z,41,56.0,,186.2,2040,9251,48,1068.75,1024 (0x400),,,,,1068.75,nvapi_measured
2026-10-06T00:16:48Z,41,56.0,,183.4,2040,9251,48,1068.75,1024 (0x400),,,,,1068.75,nvapi_measured
2026-10-06T00:16:49Z,41,56.0,,185.9,2040,9251,56,1068.75,1024 (0x400),,,,,1068.75,nvapi_measured
2026-10-06T00:16:50Z,41,56.0,,194.7,2040,9251,53,1068.75,1024 (0x400),,,,,1068.75,nvapi_measured
2026-10-06T00:16:51Z,41,56.0,,190.0,2040,9251,52,1068.75,1024 (0x400),,,,,1068.75,nvapi_measured
2026-10-06T00:16:52Z,41,56.0,,189.3,2040,9251,52,1068.75,1024 (0x400),,,,,1068.75,nvapi_measured
2026-10-06T00:16:53Z,41,56.0,,192.8,2040,9251,54,1068.75,1024 (0x400),,,,,1068.75,nvapi_measured
2026-10-06T00:16:54Z,41,56.0,,187.1,2040,9251,55,1068.75,1024 (0x400),,,,,1068.75,nvapi_measured
2026-10-06T00:16:55Z,41,56.0,,185.9,2040,9251,55,1068.75,1024 (0x400),,,,,1068.75,nvapi_measured
2026-10-06T00:16:56Z,41,56.0,,184.5,2040,9251,54,1068.75,1024 (0x400),,,,,1068.75,nvapi_measured
2026-10-06T00:16:58Z,41,56.0,,190.1,2040,9251,49,1068.75,1024 (0x400),,,,,1068.75,nvapi_measured
2026-10-06T00:16:59Z,41,56.0,,190.3,2040,9251,54,1068.75,1024 (0x400),,,,,1068.75,nvapi_measured
2026-10-06T00:17:00Z,41,56.0,,189.2,2040,9251,55,1068.75,1024 (0x400),,,,,1068.75,nvapi_measured
2026-10-06T00:17:01Z,41,56.0,,186.3,2040,9251,50,1068.75,1024 (0x400),,,,,1068.75,nvapi_measured
2026-10-06T00:17:02Z,41,56.0,,187.2,2040,9251,50,1068.75,1024 (0x400),,,,,1068.75,nvapi_measured
2026-10-06T00:17:03Z,41,56.0,,188.7,2040,9251,50,1068.75,1024 (0x400),,,,,1068.75,nvapi_measured
2026-10-06T00:17:04Z,41,56.0,,186.0,2040,9251,52,1068.75,1024 (0x400),,,,,1068.75,nvapi_measured
2026-10-06T00:17:05Z,40,55.0,,184.7,2040,9251,45,1068.75,1024 (0x400),,,,,1068.75,nvapi_measured
2026-10-06T00:17:06Z,40,55.0,,178.5,2040,9251,45,1068.75,1024 (0x400),,,,,1068.75,nvapi_measured
2026-10-06T00:17:07Z,40,55.0,,184.7,2040,9251,46,1068.75,1024 (0x400),,,,,1068.75,nvapi_measured
2026-10-06T00:17:08Z,41,56.0,,181.2,2040,9251,52,1068.75,1024 (0x400),,,,,1068.75,nvapi_measured
2026-10-06T00:17:09Z,41,56.0,,181.8,2040,9251,54,1068.75,1024 (0x400),,,,,1068.75,nvapi_measured
2026-10-06T00:17:11Z,41,56.0,,186.2,2040,9251,50,1068.75,1024 (0x400),,,,,1068.75,nvapi_measured
2026-10-06T00:17:12Z,41,56.0,,185.4,2040,9251,50,1068.75,1024 (0x400),,,,,1068.75,nvapi_measured
2026-10-06T00:17:13Z,41,56.0,,188.1,2040,9251,49,1068.75,1024 (0x400),,,,,1068.75,nvapi_measured
2026-10-06T00:17:14Z,41,56.0,,184.2,2040,9251,50,1068.75,1024 (0x400),,,,,1068.75,nvapi_measured
2026-10-06T00:17:15Z,41,56.0,,184.5,2040,9251,54,1068.75,1024 (0x400),,,,,1068.75,nvapi_measured
2026-10-06T00:17:16Z,41,56.0,,184.7,2040,9251,45,1068.75,1024 (0x400),,,,,1068.75,nvapi_measured
2026-10-06T00:17:17Z,40,55.0,,177.2,2040,9251,46,1068.75,1024 (0x400),,,,,1068.75,nvapi_measured
2026-10-06T00:17:18Z,41,56.0,,190.2,2040,9251,54,1068.75,1024 (0x400),,,,,1068.75,nvapi_measured
2026-10-06T00:17:19Z,41,56.0,,184.5,2040,9251,53,1068.75,1024 (0x400),,,,,1068.75,nvapi_measured
2026-10-06T00:17:20Z,41,56.0,,188.6,2040,9251,49,1068.75,1024 (0x400),,,,,1068.75,nvapi_measured
2026-10-06T00:17:21Z,41,56.0,,186.1,2040,9251,55,1068.75,1024 (0x400),,,,,1068.75,nvapi_measured
2026-10-06T00:17:23Z,41,56.0,,189.7,2040,9251,49,1068.75,1024 (0x400),,,,,1068.75,nvapi_measured
2026-10-06T00:17:24Z,41,56.0,,188.5,2040,9251,51,1068.75,1024 (0x400),,,,,1068.75,nvapi_measured
2026-10-06T00:17:25Z,41,56.0,,189.3,2040,9251,53,1068.75,1024 (0x400),,,,,1068.75,nvapi_measured
2026-10-06T00:17:26Z,41,56.0,,184.0,2040,9251,44,1068.75,1024 (0x400),,,,,1068.75,nvapi_measured
2026-10-06T00:17:27Z,41,56.0,,178.2,2040,9251,53,1068.75,1024 (0x400),,,,,1068.75,nvapi_measured
2026-10-06T00:17:28Z,41,56.0,,186.7,2040,9251,45,1068.75,1024 (0x400),,,,,1068.75,nvapi_measured
2026-10-06T00:17:29Z,40,55.0,,177.7,2040,9251,50,1068.75,1024 (0x400),,,,,1068.75,nvapi_measured
2026-10-06T00:17:30Z,41,56.0,,182.3,2040,9251,48,1068.75,1024 (0x400),,,,,1068.75,nvapi_measured
2026-10-06T00:17:31Z,41,56.0,,182.1,2040,9251,48,1068.75,1024 (0x400),,,,,1068.75,nvapi_measured
2026-10-06T00:17:32Z,41,56.0,,182.1,2040,9251,48,1068.75,1024 (0x400),,,,,1068.75,nvapi_measured
2026-10-06T00:17:33Z,41,56.0,,186.0,2040,9251,49,1068.75,1024 (0x400),,,,,1068.75,nvapi_measured
2026-10-06T00:17:35Z,41,56.0,,183.2,2040,9251,53,1068.75,1024 (0x400),,,,,1068.75,nvapi_measured
2026-10-06T00:17:36Z,40,55.0,,175.0,2040,9251,45,1068.75,1024 (0x400),,,,,1068.75,nvapi_measured
2026-10-06T00:17:37Z,41,56.0,,187.0,2040,9251,53,1068.75,1024 (0x400),,,,,1068.75,nvapi_measured
2026-10-06T00:17:38Z,40,55.0,,183.1,2040,9251,45,1068.75,1024 (0x400),,,,,1068.75,nvapi_measured
2026-10-06T00:17:39Z,41,56.0,,178.7,2040,9251,53,1068.75,1024 (0x400),,,,,1068.75,nvapi_measured
2026-10-06T00:17:40Z,41,56.0,,182.7,2040,9251,45,1068.75,1024 (0x400),,,,,1068.75,nvapi_measured
2026-10-06T00:17:41Z,41,56.0,,181.0,2040,9251,49,1068.75,1024 (0x400),,,,,1068.75,nvapi_measured
2026-10-06T00:17:42Z,41,56.0,,184.1,2040,9251,49,1068.75,1024 (0x400),,,,,1068.75,nvapi_measured
2026-10-06T00:17:43Z,41,56.0,,187.5,2040,9251,50,1068.75,1024 (0x400),,,,,1068.75,nvapi_measured
2026-10-06T00:17:44Z,41,56.0,,187.3,2040,9251,49,1068.75,1024 (0x400),,,,,1068.75,nvapi_measured
2026-10-06T00:17:45Z,41,56.0,,188.0,2040,9251,44,1068.75,1024 (0x400),,,,,1068.75,nvapi_measured
2026-10-06T00:17:47Z,41,56.0,,181.3,2040,9251,45,1068.75,1024 (0x400),,,,,1068.75,nvapi_measured
2026-10-06T00:17:48Z,41,56.0,,177.1,2040,9251,46,1068.75,1024 (0x400),,,,,1068.75,nvapi_measured
2026-10-06T00:17:49Z,41,56.0,,187.8,2040,9251,53,1068.75,1024 (0x400),,,,,1068.75,nvapi_measured
2026-10-06T00:17:50Z,41,56.0,,182.1,2040,9251,46,1068.75,1024 (0x400),,,,,1068.75,nvapi_measured
2026-10-06T00:17:51Z,41,56.0,,181.8,2040,9251,50,1068.75,1024 (0x400),,,,,1068.75,nvapi_measured
2026-10-06T00:17:52Z,41,56.0,,186.4,2040,9251,56,1068.75,1024 (0x400),,,,,1068.75,nvapi_measured
2026-10-06T00:17:53Z,41,56.0,,189.3,2040,9251,49,1068.75,1024 (0x400),,,,,1068.75,nvapi_measured
2026-10-06T00:17:54Z,41,56.0,,184.4,2040,9251,50,1068.75,1024 (0x400),,,,,1068.75,nvapi_measured
2026-10-06T00:17:55Z,41,56.0,,184.1,2040,9251,49,1068.75,1024 (0x400),,,,,1068.75,nvapi_measured
2026-10-06T00:17:56Z,41,56.0,,178.5,2040,9251,45,1068.75,1024 (0x400),,,,,1068.75,nvapi_measured
2026-10-06T00:17:57Z,41,56.0,,178.3,2040,9251,46,1068.75,1024 (0x400),,,,,1068.75,nvapi_measured
2026-10-06T00:17:58Z,41,56.0,,179.3,2040,9251,47,1068.75,1024 (0x400),,,,,1068.75,nvapi_measured
2026-10-06T00:18:00Z,41,56.0,,180.4,2040,9251,47,1068.75,1024 (0x400),,,,,1068.75,nvapi_measured
2026-10-06T00:18:01Z,41,56.0,,180.4,2040,9251,47,1068.75,1024 (0x400),,,,,1068.75,nvapi_measured
2026-10-06T00:18:02Z,41,56.0,,186.2,2040,9251,55,1068.75,1024 (0x400),,,,,1068.75,nvapi_measured
2026-10-06T00:18:03Z,41,56.0,,192.0,2040,9251,57,1068.75,1024 (0x400),,,,,1068.75,nvapi_measured
2026-10-06T00:18:04Z,41,56.0,,191.6,2040,9251,50,1068.75,1024 (0x400),,,,,1068.75,nvapi_measured
2026-10-06T00:18:05Z,41,56.0,,186.4,2040,9251,50,1068.75,1024 (0x400),,,,,1068.75,nvapi_measured
2026-10-06T00:18:06Z,41,56.0,,185.8,2040,9251,50,1068.75,1024 (0x400),,,,,1068.75,nvapi_measured
2026-10-06T00:18:07Z,41,56.0,,185.9,2040,9251,46,1068.75,1024 (0x400),,,,,1068.75,nvapi_measured
2026-10-06T00:18:08Z,41,56.0,,185.5,2040,9251,46,1068.75,1024 (0x400),,,,,1068.75,nvapi_measured
2026-10-06T00:18:09Z,41,56.0,,186.6,2040,9251,46,1068.75,1024 (0x400),,,,,1068.75,nvapi_measured
2026-10-06T00:18:11Z,41,56.0,,187.8,2040,9251,46,1068.75,1024 (0x400),,,,,1068.75,nvapi_measured
2026-10-06T00:18:12Z,41,56.0,,185.1,2040,9251,53,1068.75,1024 (0x400),,,,,1068.75,nvapi_measured
2026-10-06T00:18:13Z,41,56.0,,181.4,2040,9251,50,1068.75,1024 (0x400),,,,,1068.75,nvapi_measured
2026-10-06T00:18:14Z,41,56.0,,191.3,2040,9251,55,1068.75,1024 (0x400),,,,,1068.75,nvapi_measured
2026-10-06T00:18:15Z,41,56.0,,186.9,2040,9251,49,1068.75,1024 (0x400),,,,,1068.75,nvapi_measured
2026-10-06T00:18:16Z,41,56.0,,184.8,2040,9251,49,1068.75,1024 (0x400),,,,,1068.75,nvapi_measured
2026-10-06T00:18:17Z,41,56.0,,181.6,2040,9251,46,1068.75,1024 (0x400),,,,,1068.75,nvapi_measured
2026-10-06T00:18:18Z,41,56.0,,178.3,2040,9251,46,1068.75,1024 (0x400),,,,,1068.75,nvapi_measured
2026-10-06T00:18:19Z,41,56.0,,180.1,2040,9251,47,1068.75,1024 (0x400),,,,,1068.75,nvapi_measured
2026-10-06T00:18:20Z,41,56.0,,184.6,2040,9251,55,1068.75,1024 (0x400),,,,,1068.75,nvapi_measured
2026-10-06T00:18:21Z,41,56.0,,185.0,2040,9251,55,1068.75,1024 (0x400),,,,,1068.75,nvapi_measured
2026-10-06T00:18:22Z,41,56.0,,183.3,2040,9251,55,1068.75,1024 (0x400),,,,,1068.75,nvapi_measured
2026-10-06T00:18:24Z,41,56.0,,187.6,2040,9251,50,1068.75,1024 (0x400),,,,,1068.75,nvapi_measured
2026-10-06T00:18:25Z,41,56.0,,189.5,2040,9251,54,1068.75,1024 (0x400),,,,,1068.75,nvapi_measured
2026-10-06T00:18:26Z,41,56.0,,188.8,2040,9251,56,1068.75,1024 (0x400),,,,,1068.75,nvapi_measured
2026-10-06T00:18:27Z,41,56.0,,191.2,2040,9251,49,1068.75,1024 (0x400),,,,,1068.75,nvapi_measured
2026-10-06T00:18:28Z,41,56.0,,184.2,2040,9251,45,1068.75,1024 (0x400),,,,,1068.75,nvapi_measured
2026-10-06T00:18:29Z,41,56.0,,181.8,2040,9251,54,1068.75,1024 (0x400),,,,,1068.75,nvapi_measured
2026-10-06T00:18:30Z,41,56.0,,184.9,2040,9251,52,1068.75,1024 (0x400),,,,,1068.75,nvapi_measured
2026-10-06T00:18:31Z,41,56.0,,183.8,2040,9251,45,1068.75,1024 (0x400),,,,,1068.75,nvapi_measured
2026-10-06T00:18:32Z,41,56.0,,184.8,2040,9251,54,1068.75,1024 (0x400),,,,,1068.75,nvapi_measured
2026-10-06T00:18:33Z,41,56.0,,184.6,2040,9251,56,1068.75,1024 (0x400),,,,,1068.75,nvapi_measured
2026-10-06T00:18:34Z,41,56.0,,185.9,2040,9251,50,1068.75,1024 (0x400),,,,,1068.75,nvapi_measured
2026-10-06T00:18:36Z,41,56.0,,184.6,2040,9251,49,1068.75,1024 (0x400),,,,,1068.75,nvapi_measured
2026-10-06T00:18:37Z,41,56.0,,184.6,2040,9251,49,1068.75,1024 (0x400),,,,,1068.75,nvapi_measured
2026-10-06T00:18:38Z,41,56.0,,187.9,2040,9251,49,1068.75,1024 (0x400),,,,,1068.75,nvapi_measured
2026-10-06T00:18:39Z,41,56.0,,179.2,2040,9251,45,1068.75,1024 (0x400),,,,,1068.75,nvapi_measured
2026-10-06T00:18:40Z,41,56.0,,181.8,2040,9251,54,1068.75,1024 (0x400),,,,,1068.75,nvapi_measured
2026-10-06T00:18:41Z,41,56.0,,188.6,2040,9251,54,1068.75,1024 (0x400),,,,,1068.75,nvapi_measured
2026-10-06T00:18:42Z,41,56.0,,187.1,2040,9251,54,1068.75,1024 (0x400),,,,,1068.75,nvapi_measured
2026-10-06T00:18:46Z,35,50.0,,82.1,375,5001,0,731.25,1 (Idle),,,,,731.25,nvapi_measured
2026-10-06T00:18:47Z,34,49.0,,54.5,1710,9251,7,818.75,0,,,,,818.75,nvapi_measured
2026-10-06T00:18:49Z,37,52.0,,98.9,1710,9251,17,818.75,0,,,,,818.75,nvapi_measured
2026-10-06T00:18:50Z,38,53.0,,110.4,1710,9251,44,818.75,0,,,,,818.75,nvapi_measured
2026-10-06T00:18:51Z,36,51.0,,118.3,1710,9251,43,818.75,0,,,,,818.75,nvapi_measured
2026-10-06T00:18:52Z,41,56.0,,150.2,1830,9251,34,868.75,0,,,,,868.75,nvapi_measured
2026-10-06T00:18:53Z,38,53.0,,146.6,1830,9251,0,818.75,0,,,,,818.75,nvapi_measured
2026-10-06T00:18:54Z,36,51.0,,97.1,1215,5001,22,731.25,1 (Idle),,,,,731.25,nvapi_measured
2026-10-06T00:18:55Z,35,50.0,,73.5,1545,5001,25,756.25,1 (Idle),,,,,756.25,nvapi_measured
2026-10-06T00:18:56Z,36,51.0,,88.7,1545,5001,0,756.25,1 (Idle),,,,,756.25,nvapi_measured
2026-10-06T00:18:57Z,39,54.0,,134.5,2040,9251,0,1050.0,1024 (0x400),,,,,1050.0,nvapi_measured
2026-10-06T00:18:58Z,43,58.0,,177.2,1950,9251,65,831.25,4 (PwrCap),,,,,831.25,nvapi_measured
2026-10-06T00:18:59Z,48,63.0,,265.5,1845,9251,89,906.25,4 (PwrCap),,,,,906.25,nvapi_measured
2026-10-06T00:19:00Z,49,64.0,,312.4,1905,9251,79,906.25,4 (PwrCap),,,,,906.25,nvapi_measured
2026-10-06T00:19:02Z,49,64.0,,314.6,1890,9251,81,906.25,4 (PwrCap),,,,,906.25,nvapi_measured
2026-10-06T00:19:03Z,49,64.0,,309.3,1890,9251,78,981.25,4 (PwrCap),,,,,981.25,nvapi_measured
2026-10-06T00:19:04Z,50,65.0,,310.7,1905,9251,77,912.5,4 (PwrCap),,,,,912.5,nvapi_measured
2026-10-06T00:19:05Z,50,65.0,,311.2,1905,9251,76,912.5,4 (PwrCap),,,,,912.5,nvapi_measured
2026-10-06T00:19:06Z,50,65.0,,309.8,1905,9251,75,912.5,4 (PwrCap),,,,,912.5,nvapi_measured
2026-10-06T00:19:07Z,50,65.0,,309.7,1920,9251,76,912.5,4 (PwrCap),,,,,912.5,nvapi_measured
2026-10-06T00:19:08Z,50,65.0,,310.3,1905,9251,75,912.5,4 (PwrCap),,,,,912.5,nvapi_measured
2026-10-06T00:19:09Z,50,65.0,,311.0,1905,9251,76,912.5,4 (PwrCap),,,,,912.5,nvapi_measured
2026-10-06T00:19:10Z,50,65.0,,310.0,1905,9251,75,912.5,4 (PwrCap),,,,,912.5,nvapi_measured
2026-10-06T00:19:11Z,50,65.0,,309.0,1905,9251,75,912.5,4 (PwrCap),,,,,912.5,nvapi_measured
2026-10-06T00:19:12Z,50,65.0,,311.4,1905,9251,74,912.5,4 (PwrCap),,,,,912.5,nvapi_measured
2026-10-06T00:19:13Z,50,65.0,,311.9,1905,9251,76,912.5,4 (PwrCap),,,,,912.5,nvapi_measured
2026-10-06T00:19:15Z,50,65.0,,311.2,1905,9251,76,912.5,4 (PwrCap),,,,,912.5,nvapi_measured
2026-10-06T00:19:16Z,50,65.0,,310.5,1905,9251,76,981.25,4 (PwrCap),,,,,981.25,nvapi_measured
2026-10-06T00:19:17Z,50,65.0,,311.5,1905,9251,76,912.5,4 (PwrCap),,,,,912.5,nvapi_measured
2026-10-06T00:19:18Z,50,65.0,,311.2,1905,9251,77,912.5,4 (PwrCap),,,,,912.5,nvapi_measured
2026-10-06T00:19:19Z,50,65.0,,309.7,1905,9251,75,912.5,4 (PwrCap),,,,,912.5,nvapi_measured
2026-10-06T00:19:20Z,50,65.0,,310.5,1905,9251,76,912.5,4 (PwrCap),,,,,912.5,nvapi_measured
2026-10-06T00:19:21Z,50,65.0,,311.5,1905,9251,74,912.5,4 (PwrCap),,,,,912.5,nvapi_measured
2026-10-06T00:19:22Z,50,65.0,,310.6,1905,9251,76,912.5,4 (PwrCap),,,,,912.5,nvapi_measured
2026-10-06T00:19:23Z,50,65.0,,309.5,1905,9251,76,981.25,4 (PwrCap),,,,,981.25,nvapi_measured
2026-10-06T00:19:24Z,50,65.0,,311.3,1905,9251,74,912.5,4 (PwrCap),,,,,912.5,nvapi_measured
2026-10-06T00:19:25Z,50,65.0,,311.6,1905,9251,75,912.5,4 (PwrCap),,,,,912.5,nvapi_measured
2026-10-06T00:19:26Z,50,65.0,,310.4,1920,9251,76,912.5,4 (PwrCap),,,,,912.5,nvapi_measured
2026-10-06T00:19:27Z,50,65.0,,311.4,1920,9251,76,912.5,4 (PwrCap),,,,,912.5,nvapi_measured
2026-10-06T00:19:29Z,50,65.0,,311.0,1905,9251,76,912.5,4 (PwrCap),,,,,912.5,nvapi_measured
2026-10-06T00:19:30Z,50,65.0,,309.7,1920,9251,76,912.5,4 (PwrCap),,,,,912.5,nvapi_measured
2026-10-06T00:19:31Z,50,65.0,,311.3,1905,9251,76,912.5,4 (PwrCap),,,,,912.5,nvapi_measured
2026-10-06T00:19:32Z,50,65.0,,311.4,1905,9251,76,912.5,4 (PwrCap),,,,,912.5,nvapi_measured
2026-10-06T00:19:33Z,50,65.0,,311.5,1905,9251,76,912.5,4 (PwrCap),,,,,912.5,nvapi_measured
2026-10-06T00:19:34Z,50,65.0,,308.6,1905,9251,75,912.5,4 (PwrCap),,,,,912.5,nvapi_measured
2026-10-06T00:19:35Z,50,65.0,,310.7,1905,9251,74,912.5,4 (PwrCap),,,,,912.5,nvapi_measured
2026-10-06T00:19:36Z,50,65.0,,309.9,1905,9251,76,912.5,4 (PwrCap),,,,,912.5,nvapi_measured
2026-10-06T00:19:37Z,50,65.0,,311.7,1905,9251,76,912.5,4 (PwrCap),,,,,912.5,nvapi_measured
2026-10-06T00:19:38Z,50,65.0,,311.3,1905,9251,76,912.5,4 (PwrCap),,,,,912.5,nvapi_measured
2026-10-06T00:19:39Z,50,65.0,,311.0,1905,9251,76,912.5,4 (PwrCap),,,,,912.5,nvapi_measured
2026-10-06T00:19:40Z,50,65.0,,311.6,1905,9251,74,912.5,4 (PwrCap),,,,,912.5,nvapi_measured
2026-10-06T00:19:41Z,50,65.0,,310.4,1920,9251,75,912.5,4 (PwrCap),,,,,912.5,nvapi_measured
2026-10-06T00:19:43Z,50,65.0,,310.9,1905,9251,75,912.5,4 (PwrCap),,,,,912.5,nvapi_measured
2026-10-06T00:19:44Z,50,65.0,,309.2,1905,9251,74,912.5,4 (PwrCap),,,,,912.5,nvapi_measured
2026-10-06T00:19:45Z,51,66.0,,311.2,1905,9251,77,912.5,4 (PwrCap),,,,,912.5,nvapi_measured
2026-10-06T00:19:46Z,51,66.0,,310.4,1905,9251,76,912.5,4 (PwrCap),,,,,912.5,nvapi_measured
2026-10-06T00:19:47Z,51,66.0,,310.2,1905,9251,76,981.25,4 (PwrCap),,,,,981.25,nvapi_measured
2026-10-06T00:19:48Z,51,66.0,,312.6,1905,9251,76,912.5,4 (PwrCap),,,,,912.5,nvapi_measured
2026-10-06T00:19:49Z,51,66.0,,311.2,1905,9251,75,912.5,4 (PwrCap),,,,,912.5,nvapi_measured
2026-10-06T00:19:50Z,51,66.0,,310.5,1905,9251,71,912.5,4 (PwrCap),,,,,912.5,nvapi_measured
2026-10-06T00:19:51Z,51,66.0,,311.4,1905,9251,76,981.25,4 (PwrCap),,,,,981.25,nvapi_measured
2026-10-06T00:19:52Z,51,66.0,,312.3,1905,9251,74,912.5,4 (PwrCap),,,,,912.5,nvapi_measured
2026-10-06T00:19:53Z,51,66.0,,312.4,1905,9251,74,912.5,4 (PwrCap),,,,,912.5,nvapi_measured
2026-10-06T00:19:54Z,51,66.0,,311.1,1905,9251,74,912.5,4 (PwrCap),,,,,912.5,nvapi_measured
2026-10-06T00:19:56Z,51,66.0,,311.2,1905,9251,76,912.5,4 (PwrCap),,,,,912.5,nvapi_measured
2026-10-06T00:19:57Z,51,66.0,,312.8,1905,9251,76,912.5,4 (PwrCap),,,,,912.5,nvapi_measured
2026-10-06T00:19:58Z,51,66.0,,311.6,1905,9251,76,912.5,4 (PwrCap),,,,,912.5,nvapi_measured
2026-10-06T00:19:59Z,51,66.0,,311.8,1905,9251,76,912.5,4 (PwrCap),,,,,912.5,nvapi_measured
2026-10-06T00:20:00Z,51,66.0,,312.7,1905,9251,76,912.5,4 (PwrCap),,,,,912.5,nvapi_measured
2026-10-06T00:20:01Z,51,66.0,,309.6,1905,9251,76,912.5,4 (PwrCap),,,,,912.5,nvapi_measured
2026-10-06T00:20:02Z,51,66.0,,311.7,1905,9251,75,912.5,4 (PwrCap),,,,,912.5,nvapi_measured
2026-10-06T00:20:03Z,51,66.0,,311.7,1905,9251,76,912.5,4 (PwrCap),,,,,912.5,nvapi_measured
2026-10-06T00:20:04Z,51,66.0,,311.4,1905,9251,76,912.5,4 (PwrCap),,,,,912.5,nvapi_measured
2026-10-06T00:20:05Z,51,66.0,,311.1,1905,9251,76,912.5,4 (PwrCap),,,,,912.5,nvapi_measured
2026-10-06T00:20:06Z,51,66.0,,311.6,1905,9251,75,912.5,4 (PwrCap),,,,,912.5,nvapi_measured
2026-10-06T00:20:07Z,51,66.0,,311.4,1905,9251,77,912.5,4 (PwrCap),,,,,912.5,nvapi_measured
2026-10-06T00:20:09Z,51,66.0,,312.1,1920,9251,76,912.5,4 (PwrCap),,,,,912.5,nvapi_measured
2026-10-06T00:20:10Z,51,66.0,,312.3,1905,9251,76,912.5,4 (PwrCap),,,,,912.5,nvapi_measured
2026-10-06T00:20:11Z,51,66.0,,311.7,1920,9251,75,912.5,4 (PwrCap),,,,,912.5,nvapi_measured
2026-10-06T00:20:12Z,51,66.0,,311.4,1905,9251,74,912.5,4 (PwrCap),,,,,912.5,nvapi_measured
2026-10-06T00:20:13Z,51,66.0,,311.4,1905,9251,76,912.5,4 (PwrCap),,,,,912.5,nvapi_measured
2026-10-06T00:20:14Z,51,66.0,,312.2,1905,9251,75,912.5,4 (PwrCap),,,,,912.5,nvapi_measured
2026-10-06T00:20:15Z,51,66.0,,311.9,1905,9251,76,912.5,4 (PwrCap),,,,,912.5,nvapi_measured
2026-10-06T00:20:16Z,51,66.0,,311.3,1905,9251,76,912.5,4 (PwrCap),,,,,912.5,nvapi_measured
2026-10-06T00:20:17Z,52,67.0,,311.5,1905,9251,76,912.5,4 (PwrCap),,,,,912.5,nvapi_measured
2026-10-06T00:20:18Z,51,66.0,,311.8,1920,9251,76,912.5,4 (PwrCap),,,,,912.5,nvapi_measured
2026-10-06T00:20:19Z,51,66.0,,312.1,1905,9251,75,912.5,4 (PwrCap),,,,,912.5,nvapi_measured
2026-10-06T00:20:20Z,51,66.0,,312.7,1905,9251,75,912.5,4 (PwrCap),,,,,912.5,nvapi_measured
2026-10-06T00:20:21Z,51,66.0,,314.1,1905,9251,75,912.5,4 (PwrCap),,,,,912.5,nvapi_measured
2026-10-06T00:20:23Z,51,66.0,,311.5,1905,9251,76,912.5,4 (PwrCap),,,,,912.5,nvapi_measured
2026-10-06T00:20:24Z,52,67.0,,312.2,1905,9251,75,912.5,4 (PwrCap),,,,,912.5,nvapi_measured
2026-10-06T00:20:25Z,52,67.0,,312.8,1905,9251,76,912.5,4 (PwrCap),,,,,912.5,nvapi_measured
2026-10-06T00:20:26Z,52,67.0,,312.1,1905,9251,76,981.25,4 (PwrCap),,,,,981.25,nvapi_measured
2026-10-06T00:20:27Z,52,67.0,,313.6,1905,9251,76,912.5,4 (PwrCap),,,,,912.5,nvapi_measured
2026-10-06T00:20:28Z,52,67.0,,312.3,1905,9251,76,912.5,4 (PwrCap),,,,,912.5,nvapi_measured
2026-10-06T00:20:29Z,52,67.0,,312.1,1905,9251,76,912.5,4 (PwrCap),,,,,912.5,nvapi_measured
2026-10-06T00:20:30Z,52,67.0,,313.8,1905,9251,76,912.5,4 (PwrCap),,,,,912.5,nvapi_measured
2026-10-06T00:20:31Z,52,67.0,,312.5,1905,9251,77,981.25,4 (PwrCap),,,,,981.25,nvapi_measured
2026-10-06T00:20:32Z,51,66.0,,312.2,1905,9251,75,912.5,4 (PwrCap),,,,,912.5,nvapi_measured
2026-10-06T00:20:33Z,52,67.0,,312.0,1905,9251,76,912.5,4 (PwrCap),,,,,912.5,nvapi_measured
2026-10-06T00:20:34Z,51,66.0,,311.4,1905,9251,75,912.5,4 (PwrCap),,,,,912.5,nvapi_measured
2026-10-06T00:20:36Z,52,67.0,,311.4,1905,9251,76,912.5,4 (PwrCap),,,,,912.5,nvapi_measured
2026-10-06T00:20:37Z,52,67.0,,313.0,1905,9251,76,912.5,4 (PwrCap),,,,,912.5,nvapi_measured
2026-10-06T00:20:38Z,52,67.0,,313.2,1905,9251,76,912.5,4 (PwrCap),,,,,912.5,nvapi_measured
2026-10-06T00:20:39Z,52,67.0,,313.3,1905,9251,76,912.5,4 (PwrCap),,,,,912.5,nvapi_measured
2026-10-06T00:20:40Z,52,67.0,,313.7,1905,9251,76,912.5,4 (PwrCap),,,,,912.5,nvapi_measured
2026-10-06T00:20:41Z,52,67.0,,312.5,1905,9251,75,912.5,4 (PwrCap),,,,,912.5,nvapi_measured
2026-10-06T00:20:42Z,52,67.0,,313.1,1905,9251,75,912.5,4 (PwrCap),,,,,912.5,nvapi_measured
2026-10-06T00:20:43Z,52,67.0,,311.5,1905,9251,76,912.5,4 (PwrCap),,,,,912.5,nvapi_measured
2026-10-06T00:20:44Z,52,67.0,,312.0,1905,9251,75,981.25,4 (PwrCap),,,,,981.25,nvapi_measured
2026-10-06T00:20:45Z,52,67.0,,312.0,1905,9251,75,912.5,4 (PwrCap),,,,,912.5,nvapi_measured
2026-10-06T00:20:46Z,52,67.0,,313.1,1905,9251,75,912.5,4 (PwrCap),,,,,912.5,nvapi_measured
2026-10-06T00:20:47Z,52,67.0,,312.4,1905,9251,76,912.5,4 (PwrCap),,,,,912.5,nvapi_measured
2026-10-06T00:20:48Z,52,67.0,,312.8,1905,9251,76,912.5,4 (PwrCap),,,,,912.5,nvapi_measured
2026-10-06T00:20:50Z,52,67.0,,313.4,1905,9251,76,912.5,4 (PwrCap),,,,,912.5,nvapi_measured
2026-10-06T00:20:51Z,52,67.0,,311.5,1905,9251,74,981.25,4 (PwrCap),,,,,981.25,nvapi_measured
2026-10-06T00:20:52Z,52,67.0,,313.5,1905,9251,74,912.5,4 (PwrCap),,,,,912.5,nvapi_measured
2026-10-06T00:20:53Z,52,67.0,,313.5,1905,9251,76,912.5,4 (PwrCap),,,,,912.5,nvapi_measured
2026-10-06T00:20:54Z,52,67.0,,312.4,1905,9251,73,912.5,4 (PwrCap),,,,,912.5,nvapi_measured
2026-10-06T00:20:55Z,52,67.0,,311.8,1905,9251,76,912.5,4 (PwrCap),,,,,912.5,nvapi_measured
2026-10-06T00:20:56Z,52,67.0,,312.2,1905,9251,76,912.5,4 (PwrCap),,,,,912.5,nvapi_measured
2026-10-06T00:20:57Z,52,67.0,,311.9,1905,9251,75,912.5,4 (PwrCap),,,,,912.5,nvapi_measured
2026-10-06T00:20:58Z,52,67.0,,312.0,1905,9251,77,912.5,4 (PwrCap),,,,,912.5,nvapi_measured
2026-10-06T00:20:59Z,52,67.0,,313.6,1905,9251,77,912.5,4 (PwrCap),,,,,912.5,nvapi_measured
2026-10-06T00:21:00Z,52,67.0,,313.6,1905,9251,76,912.5,4 (PwrCap),,,,,912.5,nvapi_measured
2026-10-06T00:21:01Z,52,67.0,,312.3,1905,9251,76,912.5,4 (PwrCap),,,,,912.5,nvapi_measured
2026-10-06T00:21:02Z,52,67.0,,313.3,1905,9251,76,912.5,4 (PwrCap),,,,,912.5,nvapi_measured
2026-10-06T00:21:04Z,52,67.0,,311.9,1905,9251,75,1068.75,4 (PwrCap),,,,,1068.75,nvapi_measured
2026-10-06T00:21:05Z,41,56.0,,101.4,2025,9251,0,1068.75,1024 (0x400),,,,,1068.75,nvapi_measured
2026-10-06T00:21:06Z,46,61.0,,125.5,2025,9251,98,1068.75,1024 (0x400),,,,,1068.75,nvapi_measured
2026-10-06T00:21:07Z,49,64.0,,259.9,2025,9251,98,1075.0,1536 (0x600),,,,,1075.0,nvapi_measured
2026-10-06T00:21:08Z,50,65.0,,258.4,2025,9251,94,1075.0,1536 (0x600),,,,,1075.0,nvapi_measured
2026-10-06T00:21:09Z,49,64.0,,248.9,2025,9251,90,1075.0,1536 (0x600),,,,,1075.0,nvapi_measured
2026-10-06T00:21:10Z,48,63.0,,241.3,2025,9251,72,1075.0,1536 (0x600),,,,,1075.0,nvapi_measured
2026-10-06T00:21:11Z,48,63.0,,241.5,2025,9251,83,1075.0,1536 (0x600),,,,,1075.0,nvapi_measured
2026-10-06T00:21:12Z,48,63.0,,239.5,2025,9251,83,1075.0,1536 (0x600),,,,,1075.0,nvapi_measured
2026-10-06T00:21:13Z,49,64.0,,237.6,2025,9251,89,1075.0,1536 (0x600),,,,,1075.0,nvapi_measured
2026-10-06T00:21:14Z,49,64.0,,238.7,2025,9251,89,1075.0,1536 (0x600),,,,,1075.0,nvapi_measured
2026-10-06T00:21:16Z,48,63.0,,237.5,2025,9251,86,1075.0,1536 (0x600),,,,,1075.0,nvapi_measured
2026-10-06T00:21:17Z,49,64.0,,242.9,2025,9251,91,1075.0,1536 (0x600),,,,,1075.0,nvapi_measured
2026-10-06T00:21:18Z,49,64.0,,247.8,2025,9251,90,1075.0,1536 (0x600),,,,,1075.0,nvapi_measured
2026-10-06T00:21:19Z,49,64.0,,245.9,2025,9251,87,1075.0,1536 (0x600),,,,,1075.0,nvapi_measured
2026-10-06T00:21:20Z,49,64.0,,241.8,2025,9251,89,1075.0,1536 (0x600),,,,,1075.0,nvapi_measured
2026-10-06T00:21:21Z,49,64.0,,243.4,2025,9251,89,1075.0,1536 (0x600),,,,,1075.0,nvapi_measured
2026-10-06T00:21:22Z,48,63.0,,241.8,2025,9251,86,1075.0,1536 (0x600),,,,,1075.0,nvapi_measured
2026-10-06T00:21:23Z,48,63.0,,241.3,2025,9251,82,1075.0,1536 (0x600),,,,,1075.0,nvapi_measured
2026-10-06T00:21:24Z,48,63.0,,240.4,2025,9251,89,1075.0,1536 (0x600),,,,,1075.0,nvapi_measured
2026-10-06T00:21:25Z,48,63.0,,242.4,2025,9251,87,1075.0,1536 (0x600),,,,,1075.0,nvapi_measured
2026-10-06T00:21:26Z,48,63.0,,242.6,2025,9251,87,1075.0,1536 (0x600),,,,,1075.0,nvapi_measured
2026-10-06T00:21:27Z,49,64.0,,244.6,2025,9251,87,1075.0,1536 (0x600),,,,,1075.0,nvapi_measured
2026-10-06T00:21:29Z,49,64.0,,247.0,2025,9251,89,1075.0,1536 (0x600),,,,,1075.0,nvapi_measured
2026-10-06T00:21:30Z,48,63.0,,241.1,2025,9251,83,1075.0,1536 (0x600),,,,,1075.0,nvapi_measured
2026-10-06T00:21:31Z,48,63.0,,239.4,2025,9251,82,1075.0,1536 (0x600),,,,,1075.0,nvapi_measured
2026-10-06T00:21:32Z,48,63.0,,238.0,2025,9251,82,1075.0,1536 (0x600),,,,,1075.0,nvapi_measured
2026-10-06T00:21:33Z,48,63.0,,237.8,2025,9251,89,1075.0,1536 (0x600),,,,,1075.0,nvapi_measured
2026-10-06T00:21:34Z,48,63.0,,239.6,2025,9251,89,1075.0,1536 (0x600),,,,,1075.0,nvapi_measured
2026-10-06T00:21:35Z,48,63.0,,243.3,2025,9251,87,1075.0,1536 (0x600),,,,,1075.0,nvapi_measured
2026-10-06T00:21:36Z,49,64.0,,244.7,2025,9251,87,1075.0,1536 (0x600),,,,,1075.0,nvapi_measured
2026-10-06T00:21:37Z,49,64.0,,244.9,2025,9251,86,1075.0,1536 (0x600),,,,,1075.0,nvapi_measured
2026-10-06T00:21:38Z,49,64.0,,245.3,2025,9251,87,1075.0,1536 (0x600),,,,,1075.0,nvapi_measured
2026-10-06T00:21:39Z,49,64.0,,243.5,2025,9251,88,1075.0,1536 (0x600),,,,,1075.0,nvapi_measured
2026-10-06T00:21:41Z,48,63.0,,237.8,2025,9251,88,1075.0,1536 (0x600),,,,,1075.0,nvapi_measured
2026-10-06T00:21:42Z,48,63.0,,236.0,2025,9251,87,1075.0,1536 (0x600),,,,,1075.0,nvapi_measured
2026-10-06T00:21:43Z,48,63.0,,240.1,2025,9251,89,1075.0,1536 (0x600),,,,,1075.0,nvapi_measured
2026-10-06T00:21:44Z,49,64.0,,244.9,2025,9251,89,1075.0,1536 (0x600),,,,,1075.0,nvapi_measured
2026-10-06T00:21:45Z,48,63.0,,244.4,2025,9251,86,1075.0,1536 (0x600),,,,,1075.0,nvapi_measured
2026-10-06T00:21:46Z,48,63.0,,242.5,2025,9251,87,1075.0,1536 (0x600),,,,,1075.0,nvapi_measured
2026-10-06T00:21:47Z,49,64.0,,244.2,2025,9251,90,1075.0,1536 (0x600),,,,,1075.0,nvapi_measured
2026-10-06T00:21:48Z,49,64.0,,245.8,2025,9251,87,1075.0,1536 (0x600),,,,,1075.0,nvapi_measured
2026-10-06T00:21:49Z,48,63.0,,241.2,2025,9251,83,1075.0,1536 (0x600),,,,,1075.0,nvapi_measured
2026-10-06T00:21:50Z,48,63.0,,241.1,2025,9251,83,1075.0,1536 (0x600),,,,,1075.0,nvapi_measured
2026-10-06T00:21:51Z,48,63.0,,235.4,2025,9251,82,1075.0,1536 (0x600),,,,,1075.0,nvapi_measured
2026-10-06T00:21:52Z,48,63.0,,237.4,2025,9251,87,1075.0,1536 (0x600),,,,,1075.0,nvapi_measured
2026-10-06T00:21:54Z,48,63.0,,241.3,2025,9251,82,1075.0,1536 (0x600),,,,,1075.0,nvapi_measured
2026-10-06T00:21:55Z,48,63.0,,240.1,2025,9251,87,1075.0,1536 (0x600),,,,,1075.0,nvapi_measured
2026-10-06T00:21:56Z,48,63.0,,242.4,2025,9251,87,1075.0,1536 (0x600),,,,,1075.0,nvapi_measured
2026-10-06T00:21:57Z,48,63.0,,242.7,2025,9251,87,1075.0,1536 (0x600),,,,,1075.0,nvapi_measured
2026-10-06T00:21:58Z,48,63.0,,242.8,2025,9251,87,1075.0,1536 (0x600),,,,,1075.0,nvapi_measured
2026-10-06T00:21:59Z,49,64.0,,243.3,2025,9251,89,1075.0,1536 (0x600),,,,,1075.0,nvapi_measured
2026-10-06T00:22:00Z,48,63.0,,242.6,2025,9251,89,1075.0,1536 (0x600),,,,,1075.0,nvapi_measured
2026-10-06T00:22:01Z,48,63.0,,244.3,2025,9251,89,1075.0,1536 (0x600),,,,,1075.0,nvapi_measured
2026-10-06T00:22:02Z,49,64.0,,244.0,2025,9251,88,1075.0,1536 (0x600),,,,,1075.0,nvapi_measured
2026-10-06T00:22:03Z,48,63.0,,236.7,2025,9251,83,1075.0,1536 (0x600),,,,,1075.0,nvapi_measured
2026-10-06T00:22:04Z,48,63.0,,237.4,2025,9251,87,1075.0,1536 (0x600),,,,,1075.0,nvapi_measured
2026-10-06T00:22:05Z,49,64.0,,245.6,2025,9251,87,1075.0,1536 (0x600),,,,,1075.0,nvapi_measured
2026-10-06T00:22:07Z,49,64.0,,243.7,2025,9251,90,1075.0,1536 (0x600),,,,,1075.0,nvapi_measured
2026-10-06T00:22:08Z,48,63.0,,243.1,2025,9251,87,1075.0,1536 (0x600),,,,,1075.0,nvapi_measured
2026-10-06T00:22:09Z,49,64.0,,243.5,2025,9251,89,1075.0,1536 (0x600),,,,,1075.0,nvapi_measured
2026-10-06T00:22:10Z,49,64.0,,244.6,2025,9251,89,1075.0,1536 (0x600),,,,,1075.0,nvapi_measured
2026-10-06T00:22:11Z,49,64.0,,244.2,2025,9251,89,1075.0,1536 (0x600),,,,,1075.0,nvapi_measured
2026-10-06T00:22:12Z,48,63.0,,243.1,2025,9251,89,1075.0,1536 (0x600),,,,,1075.0,nvapi_measured
2026-10-06T00:22:13Z,48,63.0,,242.1,2025,9251,89,1075.0,1536 (0x600),,,,,1075.0,nvapi_measured
2026-10-06T00:22:14Z,48,63.0,,244.7,2025,9251,87,1075.0,1536 (0x600),,,,,1075.0,nvapi_measured
2026-10-06T00:22:15Z,48,63.0,,242.9,2025,9251,87,1075.0,1536 (0x600),,,,,1075.0,nvapi_measured
2026-10-06T00:22:16Z,48,63.0,,245.7,2025,9251,87,1075.0,1536 (0x600),,,,,1075.0,nvapi_measured
2026-10-06T00:22:17Z,48,63.0,,243.9,2025,9251,87,1075.0,1536 (0x600),,,,,1075.0,nvapi_measured
2026-10-06T00:22:18Z,49,64.0,,243.6,2025,9251,88,1075.0,1536 (0x600),,,,,1075.0,nvapi_measured
2026-10-06T00:22:20Z,48,63.0,,238.1,2025,9251,88,1075.0,1536 (0x600),,,,,1075.0,nvapi_measured
2026-10-06T00:22:21Z,48,63.0,,240.5,2025,9251,86,1075.0,1536 (0x600),,,,,1075.0,nvapi_measured
2026-10-06T00:22:22Z,49,64.0,,245.7,2025,9251,89,1075.0,1536 (0x600),,,,,1075.0,nvapi_measured
2026-10-06T00:22:23Z,48,63.0,,241.0,2025,9251,81,1075.0,1536 (0x600),,,,,1075.0,nvapi_measured
2026-10-06T00:22:24Z,48,63.0,,238.8,2025,9251,87,1075.0,1536 (0x600),,,,,1075.0,nvapi_measured
2026-10-06T00:22:25Z,48,63.0,,244.1,2025,9251,87,1075.0,1536 (0x600),,,,,1075.0,nvapi_measured
2026-10-06T00:22:26Z,48,63.0,,242.9,2025,9251,87,1075.0,1536 (0x600),,,,,1075.0,nvapi_measured
2026-10-06T00:22:27Z,48,63.0,,242.8,2025,9251,87,1075.0,1536 (0x600),,,,,1075.0,nvapi_measured
2026-10-06T00:22:28Z,49,64.0,,244.2,2025,9251,89,1075.0,1536 (0x600),,,,,1075.0,nvapi_measured
2026-10-06T00:22:29Z,49,64.0,,240.1,2025,9251,89,1075.0,1536 (0x600),,,,,1075.0,nvapi_measured
2026-10-06T00:22:30Z,48,63.0,,239.1,2025,9251,89,1075.0,1536 (0x600),,,,,1075.0,nvapi_measured
2026-10-06T00:22:31Z,48,63.0,,238.8,2025,9251,89,1075.0,1536 (0x600),,,,,1075.0,nvapi_measured
2026-10-06T00:22:33Z,48,63.0,,237.5,2025,9251,89,1075.0,1536 (0x600),,,,,1075.0,nvapi_measured
2026-10-06T00:22:34Z,48,63.0,,236.6,2025,9251,85,1075.0,1536 (0x600),,,,,1075.0,nvapi_measured
2026-10-06T00:22:35Z,48,63.0,,242.7,2025,9251,87,1075.0,1536 (0x600),,,,,1075.0,nvapi_measured
2026-10-06T00:22:36Z,48,63.0,,242.7,2025,9251,87,1075.0,1536 (0x600),,,,,1075.0,nvapi_measured
2026-10-06T00:22:37Z,48,63.0,,244.0,2025,9251,87,1075.0,1536 (0x600),,,,,1075.0,nvapi_measured
2026-10-06T00:22:38Z,49,64.0,,244.4,2025,9251,89,1075.0,1536 (0x600),,,,,1075.0,nvapi_measured
2026-10-06T00:22:39Z,48,63.0,,241.7,2025,9251,83,1075.0,1536 (0x600),,,,,1075.0,nvapi_measured
2026-10-06T00:22:40Z,48,63.0,,236.3,2025,9251,85,1075.0,1536 (0x600),,,,,1075.0,nvapi_measured
2026-10-06T00:22:41Z,48,63.0,,241.2,2025,9251,89,1075.0,1536 (0x600),,,,,1075.0,nvapi_measured
2026-10-06T00:22:42Z,48,63.0,,240.3,2025,9251,89,1075.0,1536 (0x600),,,,,1075.0,nvapi_measured
2026-10-06T00:22:43Z,48,63.0,,238.5,2025,9251,87,1075.0,1536 (0x600),,,,,1075.0,nvapi_measured
2026-10-06T00:22:44Z,48,63.0,,243.9,2025,9251,90,1075.0,1536 (0x600),,,,,1075.0,nvapi_measured
2026-10-06T00:22:46Z,49,64.0,,247.2,2025,9251,87,1075.0,1536 (0x600),,,,,1075.0,nvapi_measured
2026-10-06T00:22:47Z,49,64.0,,245.2,2025,9251,89,1075.0,1536 (0x600),,,,,1075.0,nvapi_measured
2026-10-06T00:22:48Z,49,64.0,,246.9,2025,9251,89,1075.0,1536 (0x600),,,,,1075.0,nvapi_measured
2026-10-06T00:22:49Z,49,64.0,,245.1,2025,9251,89,1075.0,1536 (0x600),,,,,1075.0,nvapi_measured
2026-10-06T00:22:50Z,49,64.0,,244.3,2025,9251,90,1075.0,1536 (0x600),,,,,1075.0,nvapi_measured
2026-10-06T00:22:51Z,48,63.0,,243.5,2025,9251,89,1075.0,1536 (0x600),,,,,1075.0,nvapi_measured
2026-10-06T00:22:52Z,48,63.0,,242.3,2025,9251,89,1075.0,1536 (0x600),,,,,1075.0,nvapi_measured
2026-10-06T00:22:53Z,48,63.0,,244.6,2025,9251,88,1075.0,1536 (0x600),,,,,1075.0,nvapi_measured
2026-10-06T00:22:54Z,48,63.0,,243.6,2025,9251,87,1075.0,1536 (0x600),,,,,1075.0,nvapi_measured
2026-10-06T00:22:55Z,48,63.0,,243.0,2025,9251,86,1075.0,1536 (0x600),,,,,1075.0,nvapi_measured
2026-10-06T00:22:56Z,48,63.0,,243.1,2025,9251,87,1075.0,1536 (0x600),,,,,1075.0,nvapi_measured
2026-10-06T00:22:57Z,48,63.0,,243.6,2025,9251,89,1075.0,1536 (0x600),,,,,1075.0,nvapi_measured
2026-10-06T00:22:59Z,48,63.0,,237.7,2025,9251,89,1075.0,1536 (0x600),,,,,1075.0,nvapi_measured
2026-10-06T00:23:00Z,48,63.0,,237.4,2025,9251,85,1075.0,1536 (0x600),,,,,1075.0,nvapi_measured
2026-10-06T00:23:01Z,48,63.0,,239.9,2025,9251,88,1075.0,1536 (0x600),,,,,1075.0,nvapi_measured
2026-10-06T00:23:02Z,48,63.0,,240.1,2025,9251,85,1075.0,1536 (0x600),,,,,1075.0,nvapi_measured
2026-10-06T00:23:03Z,49,64.0,,241.0,2025,9251,91,1075.0,1536 (0x600),,,,,1075.0,nvapi_measured
2026-10-06T00:23:04Z,48,63.0,,246.2,2025,9251,87,1075.0,1536 (0x600),,,,,1075.0,nvapi_measured
2026-10-06T00:23:05Z,48,63.0,,245.3,2025,9251,91,1075.0,1536 (0x600),,,,,1075.0,nvapi_measured
2026-10-06T00:23:06Z,48,63.0,,246.4,2025,9251,87,1075.0,1536 (0x600),,,,,1075.0,nvapi_measured
2026-10-06T00:23:07Z,49,64.0,,247.3,2025,9251,89,1075.0,1536 (0x600),,,,,1075.0,nvapi_measured
2026-10-06T00:23:08Z,48,63.0,,241.3,2025,9251,82,1075.0,1536 (0x600),,,,,1075.0,nvapi_measured
2026-10-06T00:23:10Z,48,63.0,,238.6,2025,9251,89,1075.0,1536 (0x600),,,,,1075.0,nvapi_measured
2026-10-06T00:23:11Z,41,56.0,,134.4,2040,9501,1,1075.0,1536 (0x600),,,,,1075.0,nvapi_measured
2026-10-06T00:23:12Z,49,64.0,,253.3,2025,9251,99,1075.0,1536 (0x600),,,,,1075.0,nvapi_measured
2026-10-06T00:23:13Z,49,64.0,,253.4,2025,9251,99,1075.0,1536 (0x600),,,,,1075.0,nvapi_measured
2026-10-06T00:23:14Z,50,65.0,,253.8,2025,9251,99,1075.0,1536 (0x600),,,,,1075.0,nvapi_measured
2026-10-06T00:23:15Z,50,65.0,,253.6,2025,9251,99,1075.0,1536 (0x600),,,,,1075.0,nvapi_measured
2026-10-06T00:23:16Z,50,65.0,,253.6,2025,9251,99,1075.0,1536 (0x600),,,,,1075.0,nvapi_measured
2026-10-06T00:23:17Z,50,65.0,,253.4,2025,9251,99,1075.0,1536 (0x600),,,,,1075.0,nvapi_measured
2026-10-06T00:23:18Z,50,65.0,,253.9,2025,9251,99,1075.0,1536 (0x600),,,,,1075.0,nvapi_measured
2026-10-06T00:23:19Z,50,65.0,,253.8,2025,9251,99,1075.0,1536 (0x600),,,,,1075.0,nvapi_measured
2026-10-06T00:23:20Z,50,65.0,,253.9,2025,9251,99,1075.0,1536 (0x600),,,,,1075.0,nvapi_measured
2026-10-06T00:23:21Z,50,65.0,,253.8,2025,9251,99,1075.0,1536 (0x600),,,,,1075.0,nvapi_measured
2026-10-06T00:23:22Z,50,65.0,,254.4,2025,9251,99,1075.0,1536 (0x600),,,,,1075.0,nvapi_measured
2026-10-06T00:23:24Z,50,65.0,,253.8,2025,9251,99,1075.0,1536 (0x600),,,,,1075.0,nvapi_measured
2026-10-06T00:23:25Z,50,65.0,,254.1,2025,9251,99,1075.0,1536 (0x600),,,,,1075.0,nvapi_measured
2026-10-06T00:23:26Z,50,65.0,,253.5,2025,9251,99,1075.0,1536 (0x600),,,,,1075.0,nvapi_measured
2026-10-06T00:23:27Z,50,65.0,,254.3,2025,9251,99,1075.0,1536 (0x600),,,,,1075.0,nvapi_measured
2026-10-06T00:23:28Z,50,65.0,,254.2,2025,9251,99,1075.0,1536 (0x600),,,,,1075.0,nvapi_measured
2026-10-06T00:23:29Z,50,65.0,,253.9,2025,9251,99,1075.0,1536 (0x600),,,,,1075.0,nvapi_measured
2026-10-06T00:23:30Z,50,65.0,,254.2,2025,9251,99,1075.0,1536 (0x600),,,,,1075.0,nvapi_measured
2026-10-06T00:23:31Z,50,65.0,,253.8,2025,9251,99,1075.0,1536 (0x600),,,,,1075.0,nvapi_measured
2026-10-06T00:23:32Z,50,65.0,,253.8,2025,9251,99,1075.0,1536 (0x600),,,,,1075.0,nvapi_measured
2026-10-06T00:23:33Z,50,65.0,,253.7,2025,9251,99,1075.0,1536 (0x600),,,,,1075.0,nvapi_measured
2026-10-06T00:23:34Z,50,65.0,,254.0,2025,9251,99,1075.0,1536 (0x600),,,,,1075.0,nvapi_measured
2026-10-06T00:23:35Z,50,65.0,,253.6,2025,9251,98,1075.0,1536 (0x600),,,,,1075.0,nvapi_measured
2026-10-06T00:23:37Z,50,65.0,,253.5,2025,9251,99,1075.0,1536 (0x600),,,,,1075.0,nvapi_measured
2026-10-06T00:23:38Z,50,65.0,,253.4,2025,9251,98,1075.0,1536 (0x600),,,,,1075.0,nvapi_measured
2026-10-06T00:23:39Z,50,65.0,,254.3,2025,9251,99,1075.0,1536 (0x600),,,,,1075.0,nvapi_measured
2026-10-06T00:23:40Z,50,65.0,,253.8,2025,9251,99,1075.0,1536 (0x600),,,,,1075.0,nvapi_measured
2026-10-06T00:23:41Z,50,65.0,,253.5,2025,9251,99,1075.0,1536 (0x600),,,,,1075.0,nvapi_measured
2026-10-06T00:23:42Z,50,65.0,,253.7,2025,9251,99,1075.0,1536 (0x600),,,,,1075.0,nvapi_measured
2026-10-06T00:23:43Z,50,65.0,,254.0,2025,9251,99,1075.0,1536 (0x600),,,,,1075.0,nvapi_measured
2026-10-06T00:23:44Z,50,65.0,,253.0,2025,9251,98,1075.0,1536 (0x600),,,,,1075.0,nvapi_measured
2026-10-06T00:23:45Z,50,65.0,,253.2,2025,9251,99,1075.0,1536 (0x600),,,,,1075.0,nvapi_measured
2026-10-06T00:23:46Z,50,65.0,,253.3,2025,9251,99,1075.0,1536 (0x600),,,,,1075.0,nvapi_measured
2026-10-06T00:23:47Z,50,65.0,,253.6,2025,9251,97,1075.0,1536 (0x600),,,,,1075.0,nvapi_measured
2026-10-06T00:23:48Z,50,65.0,,252.9,2025,9251,99,1075.0,1536 (0x600),,,,,1075.0,nvapi_measured
2026-10-06T00:23:50Z,50,65.0,,253.9,2025,9251,99,1075.0,1536 (0x600),,,,,1075.0,nvapi_measured
2026-10-06T00:23:51Z,50,65.0,,253.6,2025,9251,99,1075.0,1536 (0x600),,,,,1075.0,nvapi_measured
2026-10-06T00:23:52Z,50,65.0,,254.5,2025,9251,99,1075.0,1536 (0x600),,,,,1075.0,nvapi_measured
2026-10-06T00:23:53Z,50,65.0,,254.2,2025,9251,99,1075.0,1536 (0x600),,,,,1075.0,nvapi_measured
2026-10-06T00:23:54Z,50,65.0,,253.6,2025,9251,99,1075.0,1536 (0x600),,,,,1075.0,nvapi_measured
2026-10-06T00:23:55Z,50,65.0,,254.2,2025,9251,99,1075.0,1536 (0x600),,,,,1075.0,nvapi_measured
2026-10-06T00:23:56Z,50,65.0,,254.3,2025,9251,99,1075.0,1536 (0x600),,,,,1075.0,nvapi_measured
2026-10-06T00:23:57Z,50,65.0,,254.2,2025,9251,99,1075.0,1536 (0x600),,,,,1075.0,nvapi_measured
2026-10-06T00:23:58Z,50,65.0,,254.3,2025,9251,99,1075.0,1536 (0x600),,,,,1075.0,nvapi_measured
2026-10-06T00:23:59Z,50,65.0,,254.2,2025,9251,99,1075.0,1536 (0x600),,,,,1075.0,nvapi_measured
2026-10-06T00:24:00Z,50,65.0,,253.9,2025,9251,99,1075.0,1536 (0x600),,,,,1075.0,nvapi_measured
2026-10-06T00:24:01Z,50,65.0,,254.3,2025,9251,99,1075.0,1536 (0x600),,,,,1075.0,nvapi_measured
2026-10-06T00:24:02Z,50,65.0,,254.0,2025,9251,99,1075.0,1536 (0x600),,,,,1075.0,nvapi_measured
2026-10-06T00:24:04Z,50,65.0,,253.8,2025,9251,97,1075.0,1536 (0x600),,,,,1075.0,nvapi_measured
2026-10-06T00:24:05Z,50,65.0,,254.0,2025,9251,99,1075.0,1536 (0x600),,,,,1075.0,nvapi_measured
2026-10-06T00:24:06Z,50,65.0,,252.7,2025,9251,99,1075.0,1536 (0x600),,,,,1075.0,nvapi_measured
2026-10-06T00:24:07Z,50,65.0,,253.1,2025,9251,99,1075.0,1536 (0x600),,,,,1075.0,nvapi_measured
2026-10-06T00:24:08Z,50,65.0,,253.8,2025,9251,99,1075.0,1536 (0x600),,,,,1075.0,nvapi_measured
2026-10-06T00:24:09Z,50,65.0,,253.6,2025,9251,99,1075.0,1536 (0x600),,,,,1075.0,nvapi_measured
2026-10-06T00:24:10Z,50,65.0,,254.1,2025,9251,99,1075.0,1536 (0x600),,,,,1075.0,nvapi_measured
2026-10-06T00:24:11Z,50,65.0,,253.8,2025,9251,99,1075.0,1536 (0x600),,,,,1075.0,nvapi_measured
2026-10-06T00:24:12Z,50,65.0,,254.3,2025,9251,99,1075.0,1536 (0x600),,,,,1075.0,nvapi_measured
2026-10-06T00:24:13Z,50,65.0,,254.2,2025,9251,99,1075.0,1536 (0x600),,,,,1075.0,nvapi_measured
2026-10-06T00:24:14Z,50,65.0,,254.5,2025,9251,99,1075.0,1536 (0x600),,,,,1075.0,nvapi_measured
2026-10-06T00:24:15Z,50,65.0,,254.4,2025,9251,99,1075.0,1536 (0x600),,,,,1075.0,nvapi_measured
2026-10-06T00:24:17Z,50,65.0,,254.4,2025,9251,99,1075.0,1536 (0x600),,,,,1075.0,nvapi_measured
2026-10-06T00:24:18Z,50,65.0,,253.6,2025,9251,99,1075.0,1536 (0x600),,,,,1075.0,nvapi_measured
2026-10-06T00:24:19Z,50,65.0,,253.7,2025,9251,99,1075.0,1536 (0x600),,,,,1075.0,nvapi_measured
2026-10-06T00:24:20Z,50,65.0,,253.9,2025,9251,99,1075.0,1536 (0x600),,,,,1075.0,nvapi_measured
2026-10-06T00:24:21Z,50,65.0,,253.4,2025,9251,97,1075.0,1536 (0x600),,,,,1075.0,nvapi_measured
2026-10-06T00:24:22Z,50,65.0,,253.0,2025,9251,98,1075.0,1536 (0x600),,,,,1075.0,nvapi_measured
2026-10-06T00:24:23Z,50,65.0,,253.0,2025,9251,99,1075.0,1536 (0x600),,,,,1075.0,nvapi_measured
2026-10-06T00:24:24Z,50,65.0,,253.5,2025,9251,98,1075.0,1536 (0x600),,,,,1075.0,nvapi_measured
2026-10-06T00:24:25Z,50,65.0,,253.5,2025,9251,99,1075.0,1536 (0x600),,,,,1075.0,nvapi_measured
2026-10-06T00:24:26Z,50,65.0,,254.3,2025,9251,99,1075.0,1536 (0x600),,,,,1075.0,nvapi_measured
2026-10-06T00:24:27Z,50,65.0,,254.0,2025,9251,99,1075.0,1536 (0x600),,,,,1075.0,nvapi_measured
2026-10-06T00:24:28Z,50,65.0,,254.4,2025,9251,99,1075.0,1536 (0x600),,,,,1075.0,nvapi_measured
2026-10-06T00:24:30Z,50,65.0,,254.0,2025,9251,99,1075.0,1536 (0x600),,,,,1075.0,nvapi_measured
2026-10-06T00:24:31Z,50,65.0,,254.6,2025,9251,99,1075.0,1536 (0x600),,,,,1075.0,nvapi_measured
2026-10-06T00:24:32Z,50,65.0,,254.2,2025,9251,99,1075.0,1536 (0x600),,,,,1075.0,nvapi_measured
2026-10-06T00:24:33Z,50,65.0,,254.2,2025,9251,99,1075.0,1536 (0x600),,,,,1075.0,nvapi_measured
2026-10-06T00:24:34Z,50,65.0,,254.3,2025,9251,99,1075.0,1536 (0x600),,,,,1075.0,nvapi_measured
2026-10-06T00:24:35Z,50,65.0,,254.3,2025,9251,99,1075.0,1536 (0x600),,,,,1075.0,nvapi_measured
2026-10-06T00:24:36Z,50,65.0,,253.9,2025,9251,99,1075.0,1536 (0x600),,,,,1075.0,nvapi_measured
2026-10-06T00:24:37Z,50,65.0,,254.1,2025,9251,99,1075.0,1536 (0x600),,,,,1075.0,nvapi_measured
2026-10-06T00:24:38Z,50,65.0,,254.3,2025,9251,99,1075.0,1536 (0x600),,,,,1075.0,nvapi_measured
2026-10-06T00:24:39Z,50,65.0,,254.1,2025,9251,99,1075.0,1536 (0x600),,,,,1075.0,nvapi_measured
2026-10-06T00:24:40Z,50,65.0,,252.6,2025,9251,99,1075.0,1536 (0x600),,,,,1075.0,nvapi_measured
2026-10-06T00:24:41Z,50,65.0,,252.8,2025,9251,99,1075.0,1536 (0x600),,,,,1075.0,nvapi_measured
2026-10-06T00:24:42Z,50,65.0,,252.7,2025,9251,97,1075.0,1536 (0x600),,,,,1075.0,nvapi_measured
2026-10-06T00:24:44Z,50,65.0,,252.4,2025,9251,99,1075.0,1536 (0x600),,,,,1075.0,nvapi_measured
2026-10-06T00:24:45Z,50,65.0,,253.3,2025,9251,99,1075.0,1536 (0x600),,,,,1075.0,nvapi_measured
2026-10-06T00:24:46Z,50,65.0,,254.5,2025,9251,99,1075.0,1536 (0x600),,,,,1075.0,nvapi_measured
2026-10-06T00:24:47Z,50,65.0,,254.4,2025,9251,99,1075.0,1536 (0x600),,,,,1075.0,nvapi_measured
2026-10-06T00:24:48Z,50,65.0,,254.1,2025,9251,99,1075.0,1536 (0x600),,,,,1075.0,nvapi_measured
2026-10-06T00:24:49Z,50,65.0,,254.6,2025,9251,99,1075.0,1536 (0x600),,,,,1075.0,nvapi_measured
2026-10-06T00:24:50Z,50,65.0,,254.3,2025,9251,99,1075.0,1536 (0x600),,,,,1075.0,nvapi_measured
2026-10-06T00:24:51Z,50,65.0,,254.2,2025,9251,99,1075.0,1536 (0x600),,,,,1075.0,nvapi_measured
2026-10-06T00:24:52Z,50,65.0,,254.7,2025,9251,99,1075.0,1536 (0x600),,,,,1075.0,nvapi_measured
2026-10-06T00:24:53Z,50,65.0,,254.3,2025,9251,99,1075.0,1536 (0x600),,,,,1075.0,nvapi_measured
2026-10-06T00:24:54Z,50,65.0,,254.5,2025,9251,99,1075.0,1536 (0x600),,,,,1075.0,nvapi_measured
2026-10-06T00:24:55Z,50,65.0,,254.1,2025,9251,99,1075.0,1536 (0x600),,,,,1075.0,nvapi_measured
2026-10-06T00:24:57Z,50,65.0,,254.1,2025,9251,99,1075.0,1536 (0x600),,,,,1075.0,nvapi_measured
2026-10-06T00:24:58Z,50,65.0,,254.0,2025,9251,99,1075.0,1536 (0x600),,,,,1075.0,nvapi_measured
2026-10-06T00:24:59Z,50,65.0,,253.6,2025,9251,99,1075.0,1536 (0x600),,,,,1075.0,nvapi_measured
2026-10-06T00:25:00Z,50,65.0,,254.2,2025,9251,99,1075.0,1536 (0x600),,,,,1075.0,nvapi_measured
2026-10-06T00:25:01Z,50,65.0,,253.0,2025,9251,97,1075.0,1536 (0x600),,,,,1075.0,nvapi_measured
2026-10-06T00:25:02Z,50,65.0,,253.0,2025,9251,99,1075.0,1536 (0x600),,,,,1075.0,nvapi_measured
2026-10-06T00:25:03Z,50,65.0,,253.4,2025,9251,99,1075.0,1536 (0x600),,,,,1075.0,nvapi_measured
2026-10-06T00:25:04Z,50,65.0,,253.9,2025,9251,99,1075.0,1536 (0x600),,,,,1075.0,nvapi_measured
2026-10-06T00:25:05Z,50,65.0,,254.4,2025,9251,99,1075.0,1536 (0x600),,,,,1075.0,nvapi_measured
2026-10-06T00:25:06Z,50,65.0,,254.5,2025,9251,99,1075.0,1536 (0x600),,,,,1075.0,nvapi_measured
2026-10-06T00:25:07Z,50,65.0,,254.6,2025,9251,99,1075.0,1536 (0x600),,,,,1075.0,nvapi_measured
2026-10-06T00:25:08Z,50,65.0,,254.3,2025,9251,99,1075.0,1536 (0x600),,,,,1075.0,nvapi_measured
2026-10-06T00:25:10Z,50,65.0,,254.0,2025,9251,98,1075.0,1536 (0x600),,,,,1075.0,nvapi_measured
2026-10-06T00:25:16Z,34,49.0,,6.3,210,405,0,450,1 (Idle),,,,,,curve_estimate
2026-10-06T00:25:17Z,38,53.0,,19.2,1710,9251,68,1068.75,0,,,,,1068.75,nvapi_measured
2026-10-06T00:25:18Z,44,59.0,,207.0,2055,9251,64,1068.75,1024 (0x400),,,,,1068.75,nvapi_measured
2026-10-06T00:25:19Z,45,60.0,,212.1,2055,9251,60,1068.75,1024 (0x400),,,,,1068.75,nvapi_measured
2026-10-06T00:25:20Z,45,60.0,,206.3,2055,9251,63,1068.75,1024 (0x400),,,,,1068.75,nvapi_measured
2026-10-06T00:25:21Z,44,59.0,,197.2,2055,9251,49,1068.75,1024 (0x400),,,,,1068.75,nvapi_measured
2026-10-06T00:25:22Z,44,59.0,,190.9,2055,9251,49,1068.75,1024 (0x400),,,,,1068.75,nvapi_measured
2026-10-06T00:25:23Z,43,58.0,,184.7,2055,9251,48,1068.75,1024 (0x400),,,,,1068.75,nvapi_measured
2026-10-06T00:25:24Z,44,59.0,,186.1,2055,9251,57,1068.75,1024 (0x400),,,,,1068.75,nvapi_measured
2026-10-06T00:25:26Z,44,59.0,,186.6,2055,9251,52,1068.75,1024 (0x400),,,,,1068.75,nvapi_measured
2026-10-06T00:25:27Z,44,59.0,,190.1,2055,9251,56,1068.75,1024 (0x400),,,,,1068.75,nvapi_measured
2026-10-06T00:25:28Z,44,59.0,,194.0,2055,9251,51,1068.75,1024 (0x400),,,,,1068.75,nvapi_measured
2026-10-06T00:25:29Z,44,59.0,,188.4,2055,9251,51,1068.75,1024 (0x400),,,,,1068.75,nvapi_measured
2026-10-06T00:25:30Z,44,59.0,,190.0,2055,9251,57,1068.75,1024 (0x400),,,,,1068.75,nvapi_measured
2026-10-06T00:25:31Z,44,59.0,,192.0,2055,9251,56,1068.75,1024 (0x400),,,,,1068.75,nvapi_measured
2026-10-06T00:25:32Z,43,58.0,,189.7,2055,9251,46,1068.75,1024 (0x400),,,,,1068.75,nvapi_measured
2026-10-06T00:25:33Z,43,58.0,,181.2,2055,9251,47,1068.75,1024 (0x400),,,,,1068.75,nvapi_measured
2026-10-06T00:25:34Z,43,58.0,,186.1,2055,9251,47,1068.75,1024 (0x400),,,,,1068.75,nvapi_measured
2026-10-06T00:25:35Z,43,58.0,,180.7,2055,9251,47,1068.75,1024 (0x400),,,,,1068.75,nvapi_measured
2026-10-06T00:25:36Z,43,58.0,,186.4,2055,9251,47,1068.75,1024 (0x400),,,,,1068.75,nvapi_measured
2026-10-06T00:25:38Z,43,58.0,,187.8,2055,9251,51,1068.75,1024 (0x400),,,,,1068.75,nvapi_measured
2026-10-06T00:25:39Z,43,58.0,,187.3,2055,9251,51,1068.75,1024 (0x400),,,,,1068.75,nvapi_measured
2026-10-06T00:25:40Z,43,58.0,,187.6,2055,9251,51,1068.75,1024 (0x400),,,,,1068.75,nvapi_measured
2026-10-06T00:25:41Z,43,58.0,,193.2,2055,9251,51,1068.75,1024 (0x400),,,,,1068.75,nvapi_measured
2026-10-06T00:25:42Z,43,58.0,,188.8,2055,9251,50,1068.75,1024 (0x400),,,,,1068.75,nvapi_measured
2026-10-06T00:25:43Z,43,58.0,,186.8,2055,9251,47,1068.75,1024 (0x400),,,,,1068.75,nvapi_measured
2026-10-06T00:25:44Z,43,58.0,,185.5,2055,9251,54,1068.75,1024 (0x400),,,,,1068.75,nvapi_measured
2026-10-06T00:25:45Z,43,58.0,,186.7,2055,9251,47,1068.75,1024 (0x400),,,,,1068.75,nvapi_measured
2026-10-06T00:25:46Z,44,59.0,,191.6,2055,9251,55,1068.75,1024 (0x400),,,,,1068.75,nvapi_measured
2026-10-06T00:25:47Z,43,58.0,,184.5,2055,9251,55,1068.75,1024 (0x400),,,,,1068.75,nvapi_measured
2026-10-06T00:25:48Z,43,58.0,,181.8,2055,9251,50,1068.75,1024 (0x400),,,,,1068.75,nvapi_measured
2026-10-06T00:25:50Z,43,58.0,,186.9,2055,9251,50,1068.75,1024 (0x400),,,,,1068.75,nvapi_measured
2026-10-06T00:25:51Z,44,59.0,,194.5,2055,9251,56,1068.75,1024 (0x400),,,,,1068.75,nvapi_measured
2026-10-06T00:25:52Z,43,58.0,,190.0,2055,9251,50,1068.75,1024 (0x400),,,,,1068.75,nvapi_measured
2026-10-06T00:25:53Z,43,58.0,,188.3,2055,9251,53,1068.75,1024 (0x400),,,,,1068.75,nvapi_measured
2026-10-06T00:25:54Z,43,58.0,,185.1,2055,9251,45,1068.75,1024 (0x400),,,,,1068.75,nvapi_measured
2026-10-06T00:25:55Z,43,58.0,,178.1,2055,9251,46,1068.75,1024 (0x400),,,,,1068.75,nvapi_measured
2026-10-06T00:25:56Z,43,58.0,,180.3,2055,9251,54,1068.75,1024 (0x400),,,,,1068.75,nvapi_measured
2026-10-06T00:25:57Z,43,58.0,,186.6,2055,9251,49,1068.75,1024 (0x400),,,,,1068.75,nvapi_measured
2026-10-06T00:25:58Z,43,58.0,,185.5,2055,9251,53,1068.75,1024 (0x400),,,,,1068.75,nvapi_measured
2026-10-06T00:25:59Z,43,58.0,,186.6,2055,9251,50,1068.75,1024 (0x400),,,,,1068.75,nvapi_measured
2026-10-06T00:26:00Z,43,58.0,,186.1,2055,9251,50,1068.75,1024 (0x400),,,,,1068.75,nvapi_measured
2026-10-06T00:26:01Z,43,58.0,,188.9,2055,9251,50,1068.75,1024 (0x400),,,,,1068.75,nvapi_measured
2026-10-06T00:26:03Z,43,58.0,,189.1,2055,9251,52,1068.75,1024 (0x400),,,,,1068.75,nvapi_measured
2026-10-06T00:26:04Z,43,58.0,,180.3,2055,9251,46,1068.75,1024 (0x400),,,,,1068.75,nvapi_measured
2026-10-06T00:26:05Z,43,58.0,,188.2,2055,9251,54,1068.75,1024 (0x400),,,,,1068.75,nvapi_measured
2026-10-06T00:26:06Z,43,58.0,,189.5,2055,9251,54,1068.75,1024 (0x400),,,,,1068.75,nvapi_measured
2026-10-06T00:26:07Z,43,58.0,,187.7,2055,9251,54,1068.75,1024 (0x400),,,,,1068.75,nvapi_measured
2026-10-06T00:26:08Z,43,58.0,,186.2,2055,9251,53,1068.75,1024 (0x400),,,,,1068.75,nvapi_measured
2026-10-06T00:26:09Z,43,58.0,,187.3,2055,9251,49,1068.75,1024 (0x400),,,,,1068.75,nvapi_measured
2026-10-06T00:26:10Z,43,58.0,,187.0,2055,9251,49,1068.75,1024 (0x400),,,,,1068.75,nvapi_measured
2026-10-06T00:26:11Z,43,58.0,,183.5,2055,9251,49,1068.75,1024 (0x400),,,,,1068.75,nvapi_measured
2026-10-06T00:26:12Z,43,58.0,,187.4,2055,9251,49,1068.75,1024 (0x400),,,,,1068.75,nvapi_measured
2026-10-06T00:26:13Z,43,58.0,,185.6,2055,9251,44,1068.75,1024 (0x400),,,,,1068.75,nvapi_measured
2026-10-06T00:26:15Z,43,58.0,,175.6,2055,9251,45,1068.75,1024 (0x400),,,,,1068.75,nvapi_measured
2026-10-06T00:26:16Z,43,58.0,,184.1,2055,9251,45,1068.75,1024 (0x400),,,,,1068.75,nvapi_measured
2026-10-06T00:26:17Z,43,58.0,,181.2,2055,9251,45,1068.75,1024 (0x400),,,,,1068.75,nvapi_measured
2026-10-06T00:26:18Z,43,58.0,,182.1,2055,9251,54,1068.75,1024 (0x400),,,,,1068.75,nvapi_measured
2026-10-06T00:26:19Z,43,58.0,,188.5,2055,9251,50,1068.75,1024 (0x400),,,,,1068.75,nvapi_measured
2026-10-06T00:26:20Z,43,58.0,,186.2,2055,9251,55,1068.75,1024 (0x400),,,,,1068.75,nvapi_measured
2026-10-06T00:26:21Z,43,58.0,,189.2,2055,9251,49,1068.75,1024 (0x400),,,,,1068.75,nvapi_measured
2026-10-06T00:26:22Z,43,58.0,,188.0,2055,9251,53,1068.75,1024 (0x400),,,,,1068.75,nvapi_measured
2026-10-06T00:26:23Z,43,58.0,,186.8,2055,9251,50,1068.75,1024 (0x400),,,,,1068.75,nvapi_measured
2026-10-06T00:26:24Z,42,57.0,,177.7,2055,9251,46,1068.75,1024 (0x400),,,,,1068.75,nvapi_measured
2026-10-06T00:26:25Z,43,58.0,,186.5,2055,9251,45,1068.75,1024 (0x400),,,,,1068.75,nvapi_measured
2026-10-06T00:26:27Z,43,58.0,,184.0,2055,9251,52,1068.75,1024 (0x400),,,,,1068.75,nvapi_measured
2026-10-06T00:26:28Z,43,58.0,,178.9,2055,9251,48,1068.75,1024 (0x400),,,,,1068.75,nvapi_measured
2026-10-06T00:26:29Z,43,58.0,,184.5,2055,9251,54,1068.75,1024 (0x400),,,,,1068.75,nvapi_measured
2026-10-06T00:26:30Z,43,58.0,,185.6,2055,9251,50,1068.75,1024 (0x400),,,,,1068.75,nvapi_measured
2026-10-06T00:26:31Z,43,58.0,,187.8,2055,9251,49,1068.75,1024 (0x400),,,,,1068.75,nvapi_measured
2026-10-06T00:26:32Z,43,58.0,,186.3,2055,9251,55,1068.75,1024 (0x400),,,,,1068.75,nvapi_measured
2026-10-06T00:26:33Z,43,58.0,,188.8,2055,9251,49,1068.75,1024 (0x400),,,,,1068.75,nvapi_measured
2026-10-06T00:26:34Z,43,58.0,,183.9,2055,9251,45,1068.75,1024 (0x400),,,,,1068.75,nvapi_measured
2026-10-06T00:26:35Z,42,57.0,,182.4,2055,9251,45,1068.75,1024 (0x400),,,,,1068.75,nvapi_measured
2026-10-06T00:26:36Z,43,58.0,,181.6,2055,9251,52,1068.75,1024 (0x400),,,,,1068.75,nvapi_measured
2026-10-06T00:26:37Z,43,58.0,,185.5,2055,9251,45,1068.75,1024 (0x400),,,,,1068.75,nvapi_measured
2026-10-06T00:26:39Z,43,58.0,,185.1,2055,9251,45,1068.75,1024 (0x400),,,,,1068.75,nvapi_measured
2026-10-06T00:26:40Z,43,58.0,,179.0,2055,9251,55,1068.75,1024 (0x400),,,,,1068.75,nvapi_measured
2026-10-06T00:26:41Z,43,58.0,,193.2,2055,9251,55,1068.75,1024 (0x400),,,,,1068.75,nvapi_measured
2026-10-06T00:26:42Z,43,58.0,,188.4,2055,9251,49,1068.75,1024 (0x400),,,,,1068.75,nvapi_measured
2026-10-06T00:26:43Z,43,58.0,,187.0,2055,9251,54,1068.75,1024 (0x400),,,,,1068.75,nvapi_measured
2026-10-06T00:26:44Z,43,58.0,,187.5,2055,9251,54,1068.75,1024 (0x400),,,,,1068.75,nvapi_measured
2026-10-06T00:26:45Z,43,58.0,,184.3,2055,9251,53,1068.75,1024 (0x400),,,,,1068.75,nvapi_measured
2026-10-06T00:26:46Z,42,57.0,,182.3,2055,9251,46,1068.75,1024 (0x400),,,,,1068.75,nvapi_measured
2026-10-06T00:26:47Z,43,58.0,,187.1,2055,9251,51,1068.75,1024 (0x400),,,,,1068.75,nvapi_measured
2026-10-06T00:26:48Z,43,58.0,,180.4,2055,9251,51,1068.75,1024 (0x400),,,,,1068.75,nvapi_measured
2026-10-06T00:26:49Z,43,58.0,,179.9,2055,9251,52,1068.75,1024 (0x400),,,,,1068.75,nvapi_measured
2026-10-06T00:26:50Z,43,58.0,,185.9,2055,9251,54,1068.75,1024 (0x400),,,,,1068.75,nvapi_measured
2026-10-06T00:26:52Z,43,58.0,,185.7,2055,9251,49,1068.75,1024 (0x400),,,,,1068.75,nvapi_measured
2026-10-06T00:26:53Z,43,58.0,,188.8,2055,9251,52,1068.75,1024 (0x400),,,,,1068.75,nvapi_measured
2026-10-06T00:26:54Z,43,58.0,,184.2,2055,9251,49,1068.75,1024 (0x400),,,,,1068.75,nvapi_measured
2026-10-06T00:26:55Z,42,57.0,,177.3,2055,9251,44,1068.75,1024 (0x400),,,,,1068.75,nvapi_measured
2026-10-06T00:26:56Z,42,57.0,,176.1,2055,9251,45,1068.75,1024 (0x400),,,,,1068.75,nvapi_measured
2026-10-06T00:26:57Z,43,58.0,,180.0,2055,9251,54,1068.75,1024 (0x400),,,,,1068.75,nvapi_measured
2026-10-06T00:26:58Z,43,58.0,,188.9,2055,9251,45,1068.75,1024 (0x400),,,,,1068.75,nvapi_measured
2026-10-06T00:26:59Z,42,57.0,,184.0,2055,9251,47,1068.75,1024 (0x400),,,,,1068.75,nvapi_measured
2026-10-06T00:27:00Z,43,58.0,,191.3,2055,9251,55,1068.75,1024 (0x400),,,,,1068.75,nvapi_measured
2026-10-06T00:27:01Z,43,58.0,,188.2,2055,9251,49,1068.75,1024 (0x400),,,,,1068.75,nvapi_measured
2026-10-06T00:27:02Z,43,58.0,,186.7,2055,9251,54,1068.75,1024 (0x400),,,,,1068.75,nvapi_measured
2026-10-06T00:27:04Z,43,58.0,,188.5,2055,9251,55,1068.75,1024 (0x400),,,,,1068.75,nvapi_measured
2026-10-06T00:27:05Z,43,58.0,,184.7,2055,9251,48,1068.75,1024 (0x400),,,,,1068.75,nvapi_measured
2026-10-06T00:27:06Z,43,58.0,,189.6,2055,9251,53,1068.75,1024 (0x400),,,,,1068.75,nvapi_measured
2026-10-06T00:27:07Z,42,57.0,,180.4,2055,9251,45,1068.75,1024 (0x400),,,,,1068.75,nvapi_measured
2026-10-06T00:27:08Z,42,57.0,,179.0,2055,9251,45,1068.75,1024 (0x400),,,,,1068.75,nvapi_measured
2026-10-06T00:27:09Z,43,58.0,,182.3,2055,9251,54,1068.75,1024 (0x400),,,,,1068.75,nvapi_measured
2026-10-06T00:27:10Z,43,58.0,,186.1,2055,9251,53,1068.75,1024 (0x400),,,,,1068.75,nvapi_measured
2026-10-06T00:27:11Z,43,58.0,,187.1,2055,9251,49,1068.75,1024 (0x400),,,,,1068.75,nvapi_measured
2026-10-06T00:27:12Z,42,57.0,,183.3,2055,9251,49,1068.75,1024 (0x400),,,,,1068.75,nvapi_measured
2026-10-06T00:27:13Z,43,58.0,,186.3,2055,9251,54,1068.75,1024 (0x400),,,,,1068.75,nvapi_measured
2026-10-06T00:27:14Z,42,57.0,,183.6,2055,9251,48,1068.75,1024 (0x400),,,,,1068.75,nvapi_measured
2026-10-06T00:27:15Z,42,57.0,,180.8,2055,9251,52,1068.75,1024 (0x400),,,,,1068.75,nvapi_measured
2026-10-06T00:27:17Z,42,57.0,,177.0,2055,9251,45,1068.75,1024 (0x400),,,,,1068.75,nvapi_measured
2026-10-06T00:27:18Z,43,58.0,,183.3,2055,9251,49,1068.75,1024 (0x400),,,,,1068.75,nvapi_measured
2026-10-06T00:27:19Z,43,58.0,,183.1,2055,9251,54,1068.75,1024 (0x400),,,,,1068.75,nvapi_measured
2026-10-06T00:27:20Z,42,57.0,,182.2,2055,9251,46,1068.75,1024 (0x400),,,,,1068.75,nvapi_measured
2026-10-06T00:27:21Z,42,57.0,,180.0,2055,9251,50,1068.75,1024 (0x400),,,,,1068.75,nvapi_measured
2026-10-06T00:27:25Z,36,51.0,,78.6,480,5001,0,737.5,1 (Idle),,,,,737.5,nvapi_measured
2026-10-06T00:27:26Z,35,50.0,,58.8,1710,9251,18,818.75,0,,,,,818.75,nvapi_measured
2026-10-06T00:27:27Z,37,52.0,,99.5,1710,9251,0,818.75,0,,,,,818.75,nvapi_measured
2026-10-06T00:27:28Z,38,53.0,,107.4,1710,9251,0,818.75,0,,,,,818.75,nvapi_measured
2026-10-06T00:27:29Z,39,54.0,,114.1,1710,9251,27,818.75,0,,,,,818.75,nvapi_measured
2026-10-06T00:27:30Z,38,53.0,,114.1,1710,9251,0,818.75,0,,,,,818.75,nvapi_measured
2026-10-06T00:27:31Z,37,52.0,,99.3,1710,9251,0,818.75,0,,,,,818.75,nvapi_measured
2026-10-06T00:27:32Z,36,51.0,,78.8,705,5001,14,737.5,1 (Idle),,,,,737.5,nvapi_measured
2026-10-06T00:27:34Z,36,51.0,,76.4,930,5001,68,737.5,1 (Idle),,,,,737.5,nvapi_measured
2026-10-06T00:27:35Z,37,52.0,,82.5,1155,5001,0,793.75,1 (Idle),,,,,793.75,nvapi_measured
2026-10-06T00:27:36Z,41,56.0,,142.8,1815,9251,7,862.5,1 (Idle),,,,,862.5,nvapi_measured
2026-10-06T00:27:37Z,39,54.0,,141.2,1815,9251,11,806.25,1 (Idle),,,,,806.25,nvapi_measured
2026-10-06T00:27:38Z,49,64.0,,293.1,1725,9251,96,812.5,4 (PwrCap),,,,,812.5,nvapi_measured
2026-10-06T00:27:39Z,50,65.0,,317.7,1740,9251,83,887.5,4 (PwrCap),,,,,887.5,nvapi_measured
2026-10-06T00:27:40Z,51,66.0,,318.6,1875,9251,81,875.0,4 (PwrCap),,,,,875.0,nvapi_measured
2026-10-06T00:27:41Z,51,66.0,,316.8,1905,9251,73,912.5,4 (PwrCap),,,,,912.5,nvapi_measured
2026-10-06T00:27:42Z,51,66.0,,317.6,1905,9251,75,912.5,4 (PwrCap),,,,,912.5,nvapi_measured
2026-10-06T00:27:43Z,51,66.0,,318.3,1905,9251,75,912.5,4 (PwrCap),,,,,912.5,nvapi_measured
2026-10-06T00:27:44Z,51,66.0,,317.8,1905,9251,77,912.5,4 (PwrCap),,,,,912.5,nvapi_measured
2026-10-06T00:27:45Z,51,66.0,,319.1,1905,9251,75,912.5,4 (PwrCap),,,,,912.5,nvapi_measured
2026-10-06T00:27:47Z,51,66.0,,318.2,1905,9251,74,912.5,4 (PwrCap),,,,,912.5,nvapi_measured
2026-10-06T00:27:48Z,51,66.0,,318.4,1905,9251,76,912.5,4 (PwrCap),,,,,912.5,nvapi_measured
2026-10-06T00:27:49Z,51,66.0,,314.2,1905,9251,75,912.5,4 (PwrCap),,,,,912.5,nvapi_measured
2026-10-06T00:27:50Z,51,66.0,,318.7,1905,9251,75,912.5,4 (PwrCap),,,,,912.5,nvapi_measured
2026-10-06T00:27:51Z,51,66.0,,318.4,1890,9251,74,912.5,4 (PwrCap),,,,,912.5,nvapi_measured
2026-10-06T00:27:52Z,51,66.0,,318.3,1905,9251,75,912.5,4 (PwrCap),,,,,912.5,nvapi_measured
2026-10-06T00:27:53Z,51,66.0,,318.3,1905,9251,76,887.5,4 (PwrCap),,,,,887.5,nvapi_measured
2026-10-06T00:27:54Z,50,65.0,,317.9,1905,9251,72,912.5,4 (PwrCap),,,,,912.5,nvapi_measured
2026-10-06T00:27:55Z,51,66.0,,318.2,1905,9251,76,912.5,4 (PwrCap),,,,,912.5,nvapi_measured
2026-10-06T00:27:56Z,51,66.0,,318.2,1905,9251,75,893.75,4 (PwrCap),,,,,893.75,nvapi_measured
2026-10-06T00:27:57Z,51,66.0,,317.7,1905,9251,75,912.5,4 (PwrCap),,,,,912.5,nvapi_measured
2026-10-06T00:27:58Z,51,66.0,,318.2,1890,9251,76,912.5,4 (PwrCap),,,,,912.5,nvapi_measured
2026-10-06T00:28:00Z,51,66.0,,318.7,1905,9251,75,912.5,4 (PwrCap),,,,,912.5,nvapi_measured
2026-10-06T00:28:01Z,51,66.0,,318.2,1905,9251,75,893.75,4 (PwrCap),,,,,893.75,nvapi_measured
2026-10-06T00:28:02Z,51,66.0,,316.9,1890,9251,79,893.75,4 (PwrCap),,,,,893.75,nvapi_measured
2026-10-06T00:28:03Z,51,66.0,,315.4,1905,9251,75,912.5,4 (PwrCap),,,,,912.5,nvapi_measured
2026-10-06T00:28:04Z,51,66.0,,316.2,1905,9251,74,912.5,4 (PwrCap),,,,,912.5,nvapi_measured
2026-10-06T00:28:05Z,51,66.0,,315.3,1905,9251,78,912.5,4 (PwrCap),,,,,912.5,nvapi_measured
2026-10-06T00:28:06Z,52,67.0,,316.6,1905,9251,75,893.75,4 (PwrCap),,,,,893.75,nvapi_measured
2026-10-06T00:28:07Z,51,66.0,,317.0,1920,9251,75,893.75,4 (PwrCap),,,,,893.75,nvapi_measured
2026-10-06T00:28:08Z,51,66.0,,308.9,1920,9251,76,893.75,4 (PwrCap),,,,,893.75,nvapi_measured
2026-10-06T00:28:09Z,51,66.0,,307.9,1920,9251,76,893.75,4 (PwrCap),,,,,893.75,nvapi_measured
2026-10-06T00:28:10Z,51,66.0,,309.0,1935,9251,75,893.75,4 (PwrCap),,,,,893.75,nvapi_measured
2026-10-06T00:28:12Z,51,66.0,,310.2,1935,9251,73,893.75,4 (PwrCap),,,,,893.75,nvapi_measured
2026-10-06T00:28:13Z,51,66.0,,308.1,1920,9251,74,893.75,4 (PwrCap),,,,,893.75,nvapi_measured
2026-10-06T00:28:14Z,51,66.0,,307.7,1920,9251,75,893.75,4 (PwrCap),,,,,893.75,nvapi_measured
2026-10-06T00:28:15Z,51,66.0,,311.0,1920,9251,77,893.75,4 (PwrCap),,,,,893.75,nvapi_measured
2026-10-06T00:28:16Z,51,66.0,,307.8,1920,9251,75,912.5,4 (PwrCap),,,,,912.5,nvapi_measured
2026-10-06T00:28:17Z,51,66.0,,309.4,1920,9251,76,893.75,4 (PwrCap),,,,,893.75,nvapi_measured
2026-10-06T00:28:18Z,51,66.0,,310.0,1920,9251,76,893.75,4 (PwrCap),,,,,893.75,nvapi_measured
2026-10-06T00:28:19Z,51,66.0,,308.1,1920,9251,78,893.75,4 (PwrCap),,,,,893.75,nvapi_measured
2026-10-06T00:28:20Z,51,66.0,,306.6,1920,9251,76,893.75,4 (PwrCap),,,,,893.75,nvapi_measured
2026-10-06T00:28:21Z,51,66.0,,309.6,1920,9251,74,893.75,4 (PwrCap),,,,,893.75,nvapi_measured
2026-10-06T00:28:22Z,51,66.0,,306.3,1920,9251,74,893.75,4 (PwrCap),,,,,893.75,nvapi_measured
2026-10-06T00:28:23Z,51,66.0,,307.7,1920,9251,76,893.75,4 (PwrCap),,,,,893.75,nvapi_measured
2026-10-06T00:28:25Z,51,66.0,,307.8,1920,9251,76,893.75,4 (PwrCap),,,,,893.75,nvapi_measured
2026-10-06T00:28:26Z,51,66.0,,311.2,1920,9251,76,893.75,4 (PwrCap),,,,,893.75,nvapi_measured
2026-10-06T00:28:27Z,51,66.0,,308.2,1920,9251,75,893.75,4 (PwrCap),,,,,893.75,nvapi_measured
2026-10-06T00:28:28Z,51,66.0,,310.9,1920,9251,75,893.75,4 (PwrCap),,,,,893.75,nvapi_measured
2026-10-06T00:28:29Z,52,67.0,,311.2,1920,9251,76,912.5,4 (PwrCap),,,,,912.5,nvapi_measured
2026-10-06T00:28:30Z,51,66.0,,309.6,1920,9251,73,893.75,4 (PwrCap),,,,,893.75,nvapi_measured
2026-10-06T00:28:31Z,52,67.0,,308.6,1935,9251,74,893.75,4 (PwrCap),,,,,893.75,nvapi_measured
2026-10-06T00:28:32Z,51,66.0,,311.1,1920,9251,78,893.75,4 (PwrCap),,,,,893.75,nvapi_measured
2026-10-06T00:28:33Z,52,67.0,,309.0,1935,9251,74,893.75,4 (PwrCap),,,,,893.75,nvapi_measured
2026-10-06T00:28:34Z,52,67.0,,311.1,1920,9251,79,893.75,4 (PwrCap),,,,,893.75,nvapi_measured
2026-10-06T00:28:35Z,51,66.0,,310.0,1920,9251,75,893.75,4 (PwrCap),,,,,893.75,nvapi_measured
2026-10-06T00:28:36Z,52,67.0,,311.8,1920,9251,75,893.75,4 (PwrCap),,,,,893.75,nvapi_measured
2026-10-06T00:28:38Z,52,67.0,,306.9,1920,9251,75,893.75,4 (PwrCap),,,,,893.75,nvapi_measured
2026-10-06T00:28:39Z,51,66.0,,307.7,1920,9251,75,893.75,4 (PwrCap),,,,,893.75,nvapi_measured
2026-10-06T00:28:40Z,52,67.0,,309.3,1920,9251,74,893.75,4 (PwrCap),,,,,893.75,nvapi_measured
2026-10-06T00:28:41Z,52,67.0,,308.1,1920,9251,75,912.5,4 (PwrCap),,,,,912.5,nvapi_measured
2026-10-06T00:28:42Z,52,67.0,,309.3,1920,9251,75,893.75,4 (PwrCap),,,,,893.75,nvapi_measured
2026-10-06T00:28:43Z,51,66.0,,308.2,1920,9251,75,912.5,4 (PwrCap),,,,,912.5,nvapi_measured
2026-10-06T00:28:44Z,52,67.0,,308.9,1920,9251,75,893.75,4 (PwrCap),,,,,893.75,nvapi_measured
2026-10-06T00:28:45Z,51,66.0,,308.9,1920,9251,75,893.75,4 (PwrCap),,,,,893.75,nvapi_measured
2026-10-06T00:28:46Z,52,67.0,,308.7,1920,9251,76,893.75,4 (PwrCap),,,,,893.75,nvapi_measured
2026-10-06T00:28:47Z,52,67.0,,308.2,1935,9251,74,893.75,4 (PwrCap),,,,,893.75,nvapi_measured
2026-10-06T00:28:48Z,51,66.0,,307.4,1920,9251,73,893.75,4 (PwrCap),,,,,893.75,nvapi_measured
2026-10-06T00:28:49Z,52,67.0,,309.6,1920,9251,76,893.75,4 (PwrCap),,,,,893.75,nvapi_measured
2026-10-06T00:28:51Z,51,66.0,,309.1,1965,9251,74,893.75,4 (PwrCap),,,,,893.75,nvapi_measured
2026-10-06T00:28:52Z,52,67.0,,307.5,1920,9251,74,893.75,4 (PwrCap),,,,,893.75,nvapi_measured
2026-10-06T00:28:53Z,52,67.0,,308.7,1920,9251,77,893.75,4 (PwrCap),,,,,893.75,nvapi_measured
2026-10-06T00:28:54Z,52,67.0,,307.9,1920,9251,74,893.75,4 (PwrCap),,,,,893.75,nvapi_measured
2026-10-06T00:28:55Z,52,67.0,,306.0,1920,9251,73,893.75,4 (PwrCap),,,,,893.75,nvapi_measured
2026-10-06T00:28:56Z,52,67.0,,311.4,1920,9251,75,893.75,4 (PwrCap),,,,,893.75,nvapi_measured
2026-10-06T00:28:57Z,52,67.0,,309.9,1920,9251,75,893.75,4 (PwrCap),,,,,893.75,nvapi_measured
2026-10-06T00:28:58Z,52,67.0,,310.8,1920,9251,75,893.75,4 (PwrCap),,,,,893.75,nvapi_measured
2026-10-06T00:28:59Z,52,67.0,,309.8,1920,9251,74,912.5,4 (PwrCap),,,,,912.5,nvapi_measured
2026-10-06T00:29:00Z,52,67.0,,308.7,1920,9251,74,893.75,4 (PwrCap),,,,,893.75,nvapi_measured
2026-10-06T00:29:01Z,51,66.0,,310.7,1965,9251,74,893.75,4 (PwrCap),,,,,893.75,nvapi_measured
2026-10-06T00:29:02Z,52,67.0,,308.3,1920,9251,75,893.75,4 (PwrCap),,,,,893.75,nvapi_measured
2026-10-06T00:29:03Z,52,67.0,,310.5,1920,9251,75,893.75,4 (PwrCap),,,,,893.75,nvapi_measured
2026-10-06T00:29:05Z,52,67.0,,309.5,1920,9251,76,893.75,4 (PwrCap),,,,,893.75,nvapi_measured
2026-10-06T00:29:06Z,52,67.0,,308.9,1920,9251,76,893.75,4 (PwrCap),,,,,893.75,nvapi_measured
2026-10-06T00:29:07Z,52,67.0,,308.3,1920,9251,75,893.75,4 (PwrCap),,,,,893.75,nvapi_measured
2026-10-06T00:29:08Z,52,67.0,,309.9,1920,9251,76,893.75,4 (PwrCap),,,,,893.75,nvapi_measured
2026-10-06T00:29:09Z,52,67.0,,308.2,1920,9251,75,893.75,4 (PwrCap),,,,,893.75,nvapi_measured
2026-10-06T00:29:10Z,52,67.0,,309.0,1920,9251,76,893.75,4 (PwrCap),,,,,893.75,nvapi_measured
2026-10-06T00:29:11Z,52,67.0,,309.1,1920,9251,75,893.75,4 (PwrCap),,,,,893.75,nvapi_measured
2026-10-06T00:29:12Z,52,67.0,,307.3,1920,9251,75,893.75,4 (PwrCap),,,,,893.75,nvapi_measured
2026-10-06T00:29:13Z,52,67.0,,309.1,1920,9251,74,893.75,4 (PwrCap),,,,,893.75,nvapi_measured
2026-10-06T00:29:14Z,52,67.0,,307.5,1920,9251,74,893.75,4 (PwrCap),,,,,893.75,nvapi_measured
2026-10-06T00:29:15Z,52,67.0,,310.4,1905,9251,75,893.75,4 (PwrCap),,,,,893.75,nvapi_measured
2026-10-06T00:29:16Z,52,67.0,,309.3,1920,9251,76,893.75,4 (PwrCap),,,,,893.75,nvapi_measured
2026-10-06T00:29:18Z,52,67.0,,310.9,1920,9251,75,912.5,4 (PwrCap),,,,,912.5,nvapi_measured
2026-10-06T00:29:19Z,52,67.0,,308.4,1920,9251,73,893.75,4 (PwrCap),,,,,893.75,nvapi_measured
2026-10-06T00:29:20Z,52,67.0,,309.1,1920,9251,74,893.75,4 (PwrCap),,,,,893.75,nvapi_measured
2026-10-06T00:29:21Z,52,67.0,,310.6,1920,9251,77,893.75,4 (PwrCap),,,,,893.75,nvapi_measured
2026-10-06T00:29:22Z,52,67.0,,312.0,1920,9251,75,893.75,4 (PwrCap),,,,,893.75,nvapi_measured
2026-10-06T00:29:23Z,52,67.0,,307.9,1920,9251,75,893.75,4 (PwrCap),,,,,893.75,nvapi_measured
2026-10-06T00:29:24Z,52,67.0,,308.5,1920,9251,75,893.75,4 (PwrCap),,,,,893.75,nvapi_measured
2026-10-06T00:29:25Z,52,67.0,,308.9,1920,9251,77,893.75,4 (PwrCap),,,,,893.75,nvapi_measured
2026-10-06T00:29:26Z,52,67.0,,308.1,1920,9251,75,893.75,4 (PwrCap),,,,,893.75,nvapi_measured
2026-10-06T00:29:27Z,52,67.0,,309.6,1920,9251,77,893.75,4 (PwrCap),,,,,893.75,nvapi_measured
2026-10-06T00:29:28Z,52,67.0,,310.9,1920,9251,77,893.75,4 (PwrCap),,,,,893.75,nvapi_measured
2026-10-06T00:29:29Z,52,67.0,,310.1,1920,9251,75,893.75,4 (PwrCap),,,,,893.75,nvapi_measured
2026-10-06T00:29:31Z,52,67.0,,309.2,1920,9251,77,893.75,4 (PwrCap),,,,,893.75,nvapi_measured
2026-10-06T00:29:32Z,52,67.0,,309.6,1920,9251,76,893.75,4 (PwrCap),,,,,893.75,nvapi_measured
2026-10-06T00:29:33Z,52,67.0,,308.6,1920,9251,77,893.75,4 (PwrCap),,,,,893.75,nvapi_measured
2026-10-06T00:29:34Z,52,67.0,,311.3,1905,9251,74,893.75,4 (PwrCap),,,,,893.75,nvapi_measured
2026-10-06T00:29:35Z,52,67.0,,308.3,1920,9251,75,893.75,4 (PwrCap),,,,,893.75,nvapi_measured
2026-10-06T00:29:36Z,52,67.0,,308.8,1920,9251,76,893.75,4 (PwrCap),,,,,893.75,nvapi_measured
2026-10-06T00:29:37Z,52,67.0,,308.3,1920,9251,76,893.75,4 (PwrCap),,,,,893.75,nvapi_measured
2026-10-06T00:29:38Z,52,67.0,,308.4,1920,9251,74,893.75,4 (PwrCap),,,,,893.75,nvapi_measured
2026-10-06T00:29:39Z,52,67.0,,310.9,1920,9251,76,893.75,4 (PwrCap),,,,,893.75,nvapi_measured
2026-10-06T00:29:40Z,52,67.0,,308.1,1905,9251,75,893.75,4 (PwrCap),,,,,893.75,nvapi_measured
2026-10-06T00:29:41Z,52,67.0,,311.9,1920,9251,75,893.75,4 (PwrCap),,,,,893.75,nvapi_measured
2026-10-06T00:29:42Z,44,59.0,,245.2,2040,9501,0,1068.75,1024 (0x400),,,,,1068.75,nvapi_measured
2026-10-06T00:29:44Z,48,63.0,,134.3,2040,9251,96,1068.75,1024 (0x400),,,,,1068.75,nvapi_measured
2026-10-06T00:29:45Z,50,65.0,,262.0,2040,9251,97,1068.75,1024 (0x400),,,,,1068.75,nvapi_measured
2026-10-06T00:29:46Z,42,57.0,,174.1,2040,9251,0,1068.75,1024 (0x400),,,,,1068.75,nvapi_measured
2026-10-06T00:29:47Z,41,56.0,,100.3,2055,9251,0,818.75,1024 (0x400),,,,,818.75,nvapi_measured
2026-10-06T00:29:48Z,39,54.0,,86.3,1710,9251,0,818.75,0,,,,,818.75,nvapi_measured
2026-10-06T00:29:49Z,38,53.0,,78.2,390,5001,0,538,1 (Idle),,,,,,curve_estimate
2026-10-06T00:29:50Z,36,51.0,,33.4,240,810,0,737.5,1 (Idle),,,,,737.5,nvapi_measured
2026-10-06T00:29:51Z,35,50.0,,14.1,210,810,0,737.5,1 (Idle),,,,,737.5,nvapi_measured
2026-10-06T00:29:57Z,35,50.0,,8.7,210,405,0,450,1 (Idle),,,,,,curve_estimate
2026-10-06T00:29:58Z,40,55.0,,44.9,2025,9251,71,1068.75,0,,,,,1068.75,nvapi_measured
2026-10-06T00:29:59Z,45,60.0,,219.0,2025,9251,69,1068.75,1024 (0x400),,,,,1068.75,nvapi_measured
2026-10-06T00:30:00Z,45,60.0,,213.1,2025,9251,62,1068.75,1024 (0x400),,,,,1068.75,nvapi_measured
2026-10-06T00:30:01Z,45,60.0,,199.5,2025,9251,52,1068.75,1024 (0x400),,,,,1068.75,nvapi_measured
2026-10-06T00:30:02Z,44,59.0,,194.9,2025,9251,53,1068.75,1024 (0x400),,,,,1068.75,nvapi_measured
2026-10-06T00:30:03Z,44,59.0,,185.1,2025,9251,48,1068.75,1024 (0x400),,,,,1068.75,nvapi_measured
2026-10-06T00:30:04Z,44,59.0,,187.8,2025,9251,47,1068.75,1024 (0x400),,,,,1068.75,nvapi_measured
2026-10-06T00:30:05Z,44,59.0,,188.1,2025,9251,56,1068.75,1024 (0x400),,,,,1068.75,nvapi_measured
2026-10-06T00:30:06Z,44,59.0,,188.9,2025,9251,47,1068.75,1024 (0x400),,,,,1068.75,nvapi_measured
2026-10-06T00:30:08Z,44,59.0,,193.2,2025,9251,51,1068.75,1024 (0x400),,,,,1068.75,nvapi_measured
2026-10-06T00:30:09Z,44,59.0,,195.8,2025,9251,56,1068.75,1024 (0x400),,,,,1068.75,nvapi_measured
2026-10-06T00:30:10Z,44,59.0,,190.4,2025,9251,50,1068.75,1024 (0x400),,,,,1068.75,nvapi_measured
2026-10-06T00:30:11Z,44,59.0,,185.3,2025,9251,50,1068.75,1024 (0x400),,,,,1068.75,nvapi_measured
2026-10-06T00:30:12Z,44,59.0,,185.2,2025,9251,50,1068.75,1024 (0x400),,,,,1068.75,nvapi_measured
2026-10-06T00:30:13Z,43,58.0,,185.3,2025,9251,46,1068.75,1024 (0x400),,,,,1068.75,nvapi_measured
2026-10-06T00:30:14Z,43,58.0,,179.6,2025,9251,46,1068.75,1024 (0x400),,,,,1068.75,nvapi_measured
2026-10-06T00:30:15Z,43,58.0,,179.6,2025,9251,47,1068.75,1024 (0x400),,,,,1068.75,nvapi_measured
2026-10-06T00:30:16Z,43,58.0,,180.8,2025,9251,50,1068.75,1024 (0x400),,,,,1068.75,nvapi_measured
2026-10-06T00:30:17Z,43,58.0,,181.6,2025,9251,47,1068.75,1024 (0x400),,,,,1068.75,nvapi_measured
2026-10-06T00:30:18Z,44,59.0,,185.3,2025,9251,54,1068.75,1024 (0x400),,,,,1068.75,nvapi_measured
2026-10-06T00:30:20Z,44,59.0,,188.9,2025,9251,54,1068.75,1024 (0x400),,,,,1068.75,nvapi_measured
2026-10-06T00:30:21Z,44,59.0,,195.9,2025,9251,53,1068.75,1024 (0x400),,,,,1068.75,nvapi_measured
2026-10-06T00:30:22Z,44,59.0,,195.1,2025,9251,56,1068.75,1024 (0x400),,,,,1068.75,nvapi_measured
2026-10-06T00:30:23Z,43,58.0,,189.9,2025,9251,50,1068.75,1024 (0x400),,,,,1068.75,nvapi_measured
2026-10-06T00:30:24Z,44,59.0,,186.5,2025,9251,54,1068.75,1024 (0x400),,,,,1068.75,nvapi_measured
2026-10-06T00:30:25Z,43,58.0,,185.3,2025,9251,46,1068.75,1024 (0x400),,,,,1068.75,nvapi_measured
2026-10-06T00:30:26Z,43,58.0,,183.2,2025,9251,46,1068.75,1024 (0x400),,,,,1068.75,nvapi_measured
2026-10-06T00:30:27Z,44,59.0,,184.2,2025,9251,47,1068.75,1024 (0x400),,,,,1068.75,nvapi_measured
2026-10-06T00:30:28Z,44,59.0,,185.2,2025,9251,53,1068.75,1024 (0x400),,,,,1068.75,nvapi_measured
2026-10-06T00:30:29Z,44,59.0,,190.0,2025,9251,50,1068.75,1024 (0x400),,,,,1068.75,nvapi_measured
2026-10-06T00:30:30Z,43,58.0,,186.0,2025,9251,52,1068.75,1024 (0x400),,,,,1068.75,nvapi_measured
2026-10-06T00:30:31Z,44,59.0,,188.9,2025,9251,53,1068.75,1024 (0x400),,,,,1068.75,nvapi_measured
2026-10-06T00:30:33Z,43,58.0,,186.1,2025,9251,49,1068.75,1024 (0x400),,,,,1068.75,nvapi_measured
2026-10-06T00:30:34Z,44,59.0,,189.2,2025,9251,50,1068.75,1024 (0x400),,,,,1068.75,nvapi_measured
2026-10-06T00:30:35Z,43,58.0,,179.0,2025,9251,46,1068.75,1024 (0x400),,,,,1068.75,nvapi_measured
2026-10-06T00:30:36Z,44,59.0,,183.6,2025,9251,55,1068.75,1024 (0x400),,,,,1068.75,nvapi_measured
2026-10-06T00:30:37Z,43,58.0,,181.3,2025,9251,46,1068.75,1024 (0x400),,,,,1068.75,nvapi_measured
2026-10-06T00:30:38Z,43,58.0,,182.4,2025,9251,55,1068.75,1024 (0x400),,,,,1068.75,nvapi_measured
2026-10-06T00:30:39Z,44,59.0,,192.0,2025,9251,50,1068.75,1024 (0x400),,,,,1068.75,nvapi_measured
2026-10-06T00:30:40Z,44,59.0,,190.8,2025,9251,53,1068.75,1024 (0x400),,,,,1068.75,nvapi_measured
2026-10-06T00:30:41Z,44,59.0,,193.3,2025,9251,53,1068.75,1024 (0x400),,,,,1068.75,nvapi_measured
2026-10-06T00:30:42Z,43,58.0,,190.8,2025,9251,49,1068.75,1024 (0x400),,,,,1068.75,nvapi_measured
2026-10-06T00:30:43Z,43,58.0,,189.1,2025,9251,49,1068.75,1024 (0x400),,,,,1068.75,nvapi_measured
2026-10-06T00:30:45Z,43,58.0,,182.4,2025,9251,51,1068.75,1024 (0x400),,,,,1068.75,nvapi_measured
2026-10-06T00:30:46Z,43,58.0,,179.8,2025,9251,52,1068.75,1024 (0x400),,,,,1068.75,nvapi_measured
2026-10-06T00:30:47Z,44,59.0,,190.7,2025,9251,54,1068.75,1024 (0x400),,,,,1068.75,nvapi_measured
2026-10-06T00:30:48Z,43,58.0,,189.4,2025,9251,54,1068.75,1024 (0x400),,,,,1068.75,nvapi_measured
2026-10-06T00:30:49Z,43,58.0,,187.4,2025,9251,53,1068.75,1024 (0x400),,,,,1068.75,nvapi_measured
2026-10-06T00:30:50Z,43,58.0,,187.3,2025,9251,49,1068.75,1024 (0x400),,,,,1068.75,nvapi_measured
2026-10-06T00:30:51Z,43,58.0,,187.1,2025,9251,50,1068.75,1024 (0x400),,,,,1068.75,nvapi_measured
2026-10-06T00:30:52Z,43,58.0,,183.9,2025,9251,49,1068.75,1024 (0x400),,,,,1068.75,nvapi_measured
2026-10-06T00:30:53Z,43,58.0,,180.6,2025,9251,49,1068.75,1024 (0x400),,,,,1068.75,nvapi_measured
2026-10-06T00:30:54Z,43,58.0,,185.5,2025,9251,45,1068.75,1024 (0x400),,,,,1068.75,nvapi_measured
2026-10-06T00:30:55Z,43,58.0,,180.6,2025,9251,51,1068.75,1024 (0x400),,,,,1068.75,nvapi_measured
2026-10-06T00:30:57Z,43,58.0,,180.9,2025,9251,51,1068.75,1024 (0x400),,,,,1068.75,nvapi_measured
2026-10-06T00:30:58Z,43,58.0,,184.2,2025,9251,46,1068.75,1024 (0x400),,,,,1068.75,nvapi_measured
2026-10-06T00:30:59Z,43,58.0,,190.4,2025,9251,54,1068.75,1024 (0x400),,,,,1068.75,nvapi_measured
2026-10-06T00:31:00Z,43,58.0,,190.1,2025,9251,53,1068.75,1024 (0x400),,,,,1068.75,nvapi_measured
2026-10-06T00:31:01Z,43,58.0,,191.1,2025,9251,55,1068.75,1024 (0x400),,,,,1068.75,nvapi_measured
2026-10-06T00:31:02Z,43,58.0,,188.3,2025,9251,49,1068.75,1024 (0x400),,,,,1068.75,nvapi_measured
2026-10-06T00:31:03Z,43,58.0,,184.3,2025,9251,55,1068.75,1024 (0x400),,,,,1068.75,nvapi_measured
2026-10-06T00:31:04Z,43,58.0,,187.3,2025,9251,52,1068.75,1024 (0x400),,,,,1068.75,nvapi_measured
2026-10-06T00:31:05Z,43,58.0,,181.9,2025,9251,44,1068.75,1024 (0x400),,,,,1068.75,nvapi_measured
2026-10-06T00:31:06Z,43,58.0,,183.6,2025,9251,47,1068.75,1024 (0x400),,,,,1068.75,nvapi_measured
2026-10-06T00:31:07Z,43,58.0,,184.1,2025,9251,45,1068.75,1024 (0x400),,,,,1068.75,nvapi_measured
2026-10-06T00:31:09Z,43,58.0,,183.4,2025,9251,47,1068.75,1024 (0x400),,,,,1068.75,nvapi_measured
2026-10-06T00:31:10Z,43,58.0,,188.9,2025,9251,52,1068.75,1024 (0x400),,,,,1068.75,nvapi_measured
2026-10-06T00:31:11Z,43,58.0,,187.8,2025,9251,49,1068.75,1024 (0x400),,,,,1068.75,nvapi_measured
2026-10-06T00:31:12Z,43,58.0,,184.8,2025,9251,48,1068.75,1024 (0x400),,,,,1068.75,nvapi_measured
2026-10-06T00:31:13Z,43,58.0,,183.0,2025,9251,49,1068.75,1024 (0x400),,,,,1068.75,nvapi_measured
2026-10-06T00:31:14Z,43,58.0,,183.7,2025,9251,45,1068.75,1024 (0x400),,,,,1068.75,nvapi_measured
2026-10-06T00:31:15Z,43,58.0,,177.8,2025,9251,53,1068.75,1024 (0x400),,,,,1068.75,nvapi_measured
2026-10-06T00:31:16Z,43,58.0,,187.0,2025,9251,48,1068.75,1024 (0x400),,,,,1068.75,nvapi_measured
2026-10-06T00:31:17Z,43,58.0,,183.1,2025,9251,54,1068.75,1024 (0x400),,,,,1068.75,nvapi_measured
2026-10-06T00:31:18Z,43,58.0,,186.6,2025,9251,45,1068.75,1024 (0x400),,,,,1068.75,nvapi_measured
2026-10-06T00:31:19Z,43,58.0,,180.8,2025,9251,52,1068.75,1024 (0x400),,,,,1068.75,nvapi_measured
2026-10-06T00:31:21Z,43,58.0,,185.3,2025,9251,50,1068.75,1024 (0x400),,,,,1068.75,nvapi_measured
2026-10-06T00:31:22Z,43,58.0,,191.2,2025,9251,54,1068.75,1024 (0x400),,,,,1068.75,nvapi_measured
2026-10-06T00:31:23Z,43,58.0,,188.7,2025,9251,52,1068.75,1024 (0x400),,,,,1068.75,nvapi_measured
2026-10-06T00:31:24Z,43,58.0,,191.2,2025,9251,54,1068.75,1024 (0x400),,,,,1068.75,nvapi_measured
2026-10-06T00:31:25Z,43,58.0,,184.5,2025,9251,45,1068.75,1024 (0x400),,,,,1068.75,nvapi_measured
2026-10-06T00:31:26Z,43,58.0,,182.7,2025,9251,53,1068.75,1024 (0x400),,,,,1068.75,nvapi_measured
2026-10-06T00:31:27Z,43,58.0,,188.4,2025,9251,45,1068.75,1024 (0x400),,,,,1068.75,nvapi_measured
2026-10-06T00:31:28Z,43,58.0,,183.3,2025,9251,46,1068.75,1024 (0x400),,,,,1068.75,nvapi_measured
2026-10-06T00:31:29Z,43,58.0,,184.8,2025,9251,52,1068.75,1024 (0x400),,,,,1068.75,nvapi_measured
2026-10-06T00:31:30Z,43,58.0,,180.9,2025,9251,50,1068.75,1024 (0x400),,,,,1068.75,nvapi_measured
2026-10-06T00:31:31Z,43,58.0,,187.8,2025,9251,49,1068.75,1024 (0x400),,,,,1068.75,nvapi_measured
2026-10-06T00:31:33Z,43,58.0,,184.6,2025,9251,50,1068.75,1024 (0x400),,,,,1068.75,nvapi_measured
2026-10-06T00:31:34Z,43,58.0,,188.9,2025,9251,52,1068.75,1024 (0x400),,,,,1068.75,nvapi_measured
2026-10-06T00:31:35Z,43,58.0,,181.2,2025,9251,45,1068.75,1024 (0x400),,,,,1068.75,nvapi_measured
2026-10-06T00:31:36Z,43,58.0,,177.7,2025,9251,46,1068.75,1024 (0x400),,,,,1068.75,nvapi_measured
2026-10-06T00:31:37Z,43,58.0,,181.7,2025,9251,54,1068.75,1024 (0x400),,,,,1068.75,nvapi_measured
2026-10-06T00:31:38Z,43,58.0,,187.9,2025,9251,54,1068.75,1024 (0x400),,,,,1068.75,nvapi_measured
2026-10-06T00:31:39Z,43,58.0,,185.5,2025,9251,53,1068.75,1024 (0x400),,,,,1068.75,nvapi_measured
2026-10-06T00:31:40Z,43,58.0,,185.3,2025,9251,46,1068.75,1024 (0x400),,,,,1068.75,nvapi_measured
2026-10-06T00:31:41Z,43,58.0,,183.6,2025,9251,49,1068.75,1024 (0x400),,,,,1068.75,nvapi_measured
2026-10-06T00:31:42Z,43,58.0,,184.2,2025,9251,50,1068.75,1024 (0x400),,,,,1068.75,nvapi_measured
2026-10-06T00:31:44Z,43,58.0,,187.4,2025,9251,50,1068.75,1024 (0x400),,,,,1068.75,nvapi_measured
2026-10-06T00:31:45Z,43,58.0,,190.9,2025,9251,50,1068.75,1024 (0x400),,,,,1068.75,nvapi_measured
2026-10-06T00:31:46Z,43,58.0,,190.5,2025,9251,53,1068.75,1024 (0x400),,,,,1068.75,nvapi_measured
2026-10-06T00:31:47Z,43,58.0,,184.6,2025,9251,53,1068.75,1024 (0x400),,,,,1068.75,nvapi_measured
2026-10-06T00:31:48Z,42,57.0,,179.5,2025,9251,46,1068.75,1024 (0x400),,,,,1068.75,nvapi_measured
2026-10-06T00:31:49Z,43,58.0,,180.7,2025,9251,54,1068.75,1024 (0x400),,,,,1068.75,nvapi_measured
2026-10-06T00:31:50Z,43,58.0,,182.3,2025,9251,46,1068.75,1024 (0x400),,,,,1068.75,nvapi_measured
2026-10-06T00:31:51Z,43,58.0,,184.5,2025,9251,50,1068.75,1024 (0x400),,,,,1068.75,nvapi_measured
2026-10-06T00:31:52Z,43,58.0,,190.8,2025,9251,50,1068.75,1024 (0x400),,,,,1068.75,nvapi_measured
2026-10-06T00:31:53Z,43,58.0,,186.3,2025,9251,51,1068.75,1024 (0x400),,,,,1068.75,nvapi_measured
2026-10-06T00:31:54Z,43,58.0,,187.0,2025,9251,50,1068.75,1024 (0x400),,,,,1068.75,nvapi_measured
2026-10-06T00:31:55Z,43,58.0,,187.8,2025,9251,46,1068.75,1024 (0x400),,,,,1068.75,nvapi_measured
2026-10-06T00:31:57Z,43,58.0,,179.4,2025,9251,53,1068.75,1024 (0x400),,,,,1068.75,nvapi_measured
2026-10-06T00:31:58Z,42,57.0,,179.7,2025,9251,50,1068.75,1024 (0x400),,,,,1068.75,nvapi_measured
2026-10-06T00:31:59Z,42,57.0,,179.0,2025,9251,47,1068.75,1024 (0x400),,,,,1068.75,nvapi_measured
2026-10-06T00:32:00Z,42,57.0,,179.3,2025,9251,47,1068.75,1024 (0x400),,,,,1068.75,nvapi_measured
2026-10-06T00:32:04Z,36,51.0,,82.7,375,5001,0,737.5,1 (Idle),,,,,737.5,nvapi_measured
2026-10-06T00:32:05Z,36,51.0,,54.4,1710,9251,12,825.0,0,,,,,825.0,nvapi_measured
2026-10-06T00:32:06Z,38,53.0,,100.4,1710,9251,17,825.0,0,,,,,825.0,nvapi_measured
2026-10-06T00:32:07Z,40,55.0,,120.5,1710,9251,48,825.0,0,,,,,825.0,nvapi_measured
2026-10-06T00:32:08Z,37,52.0,,120.7,1710,9251,49,825.0,0,,,,,825.0,nvapi_measured
2026-10-06T00:32:09Z,43,58.0,,152.6,1830,9251,35,875.0,0,,,,,875.0,nvapi_measured
2026-10-06T00:32:10Z,39,54.0,,149.3,1830,9251,0,825.0,0,,,,,825.0,nvapi_measured
2026-10-06T00:32:12Z,37,52.0,,102.5,1710,9251,17,731.25,0,,,,,731.25,nvapi_measured
2026-10-06T00:32:13Z,37,52.0,,93.5,1560,9251,52,768.75,1 (Idle),,,,,768.75,nvapi_measured
2026-10-06T00:32:14Z,38,53.0,,106.3,1560,9251,0,731.25,1 (Idle),,,,,731.25,nvapi_measured
2026-10-06T00:32:15Z,40,55.0,,112.0,1815,9251,1,875.0,1 (Idle),,,,,875.0,nvapi_measured
2026-10-06T00:32:16Z,40,55.0,,157.8,1815,9251,45,875.0,1 (Idle),,,,,875.0,nvapi_measured
2026-10-06T00:32:17Z,49,64.0,,268.0,1725,9251,89,806.25,4 (PwrCap),,,,,806.25,nvapi_measured
2026-10-06T00:32:18Z,50,65.0,,313.9,1875,9251,79,906.25,4 (PwrCap),,,,,906.25,nvapi_measured
2026-10-06T00:32:19Z,51,66.0,,311.0,1875,9251,79,975.0,4 (PwrCap),,,,,975.0,nvapi_measured
2026-10-06T00:32:20Z,50,65.0,,303.9,1890,9251,76,975.0,4 (PwrCap),,,,,975.0,nvapi_measured
2026-10-06T00:32:21Z,51,66.0,,302.8,1905,9251,77,906.25,4 (PwrCap),,,,,906.25,nvapi_measured
2026-10-06T00:32:22Z,50,65.0,,301.6,1890,9251,77,906.25,4 (PwrCap),,,,,906.25,nvapi_measured
2026-10-06T00:32:23Z,50,65.0,,302.1,1890,9251,74,906.25,4 (PwrCap),,,,,906.25,nvapi_measured
2026-10-06T00:32:25Z,51,66.0,,301.5,1890,9251,74,987.5,4 (PwrCap),,,,,987.5,nvapi_measured
2026-10-06T00:32:26Z,50,65.0,,303.5,1890,9251,74,906.25,4 (PwrCap),,,,,906.25,nvapi_measured
2026-10-06T00:32:27Z,50,65.0,,303.1,1890,9251,76,906.25,4 (PwrCap),,,,,906.25,nvapi_measured
2026-10-06T00:32:28Z,50,65.0,,302.8,1890,9251,75,906.25,4 (PwrCap),,,,,906.25,nvapi_measured
2026-10-06T00:32:29Z,50,65.0,,301.9,1890,9251,76,906.25,4 (PwrCap),,,,,906.25,nvapi_measured
2026-10-06T00:32:30Z,51,66.0,,302.6,1890,9251,75,906.25,4 (PwrCap),,,,,906.25,nvapi_measured
2026-10-06T00:32:31Z,50,65.0,,303.8,1890,9251,76,906.25,4 (PwrCap),,,,,906.25,nvapi_measured
2026-10-06T00:32:32Z,50,65.0,,303.7,1890,9251,77,906.25,4 (PwrCap),,,,,906.25,nvapi_measured
2026-10-06T00:32:33Z,50,65.0,,301.7,1890,9251,77,906.25,4 (PwrCap),,,,,906.25,nvapi_measured
2026-10-06T00:32:34Z,50,65.0,,302.4,1890,9251,74,906.25,4 (PwrCap),,,,,906.25,nvapi_measured
2026-10-06T00:32:35Z,50,65.0,,301.8,1890,9251,76,906.25,4 (PwrCap),,,,,906.25,nvapi_measured
2026-10-06T00:32:37Z,50,65.0,,301.8,1890,9251,76,906.25,4 (PwrCap),,,,,906.25,nvapi_measured
2026-10-06T00:32:38Z,50,65.0,,300.8,1890,9251,76,906.25,4 (PwrCap),,,,,906.25,nvapi_measured
2026-10-06T00:32:39Z,51,66.0,,302.1,1890,9251,76,906.25,4 (PwrCap),,,,,906.25,nvapi_measured
2026-10-06T00:32:40Z,51,66.0,,301.2,1890,9251,75,906.25,4 (PwrCap),,,,,906.25,nvapi_measured
2026-10-06T00:32:41Z,51,66.0,,302.3,1890,9251,76,906.25,4 (PwrCap),,,,,906.25,nvapi_measured
2026-10-06T00:32:42Z,51,66.0,,304.2,1890,9251,76,906.25,4 (PwrCap),,,,,906.25,nvapi_measured
2026-10-06T00:32:43Z,51,66.0,,302.5,1890,9251,76,906.25,4 (PwrCap),,,,,906.25,nvapi_measured
2026-10-06T00:32:44Z,51,66.0,,304.0,1890,9251,76,906.25,4 (PwrCap),,,,,906.25,nvapi_measured
2026-10-06T00:32:45Z,51,66.0,,304.5,1890,9251,76,906.25,4 (PwrCap),,,,,906.25,nvapi_measured
2026-10-06T00:32:46Z,51,66.0,,304.3,1890,9251,76,906.25,4 (PwrCap),,,,,906.25,nvapi_measured
2026-10-06T00:32:47Z,51,66.0,,304.4,1890,9251,76,906.25,4 (PwrCap),,,,,906.25,nvapi_measured
2026-10-06T00:32:48Z,51,66.0,,304.1,1905,9251,74,906.25,4 (PwrCap),,,,,906.25,nvapi_measured
2026-10-06T00:32:50Z,51,66.0,,304.9,1905,9251,75,906.25,4 (PwrCap),,,,,906.25,nvapi_measured
2026-10-06T00:32:51Z,51,66.0,,303.4,1890,9251,73,906.25,4 (PwrCap),,,,,906.25,nvapi_measured
2026-10-06T00:32:52Z,51,66.0,,302.6,1890,9251,74,906.25,4 (PwrCap),,,,,906.25,nvapi_measured
2026-10-06T00:32:53Z,51,66.0,,303.2,1905,9251,75,906.25,4 (PwrCap),,,,,906.25,nvapi_measured
2026-10-06T00:32:54Z,51,66.0,,302.1,1890,9251,75,906.25,4 (PwrCap),,,,,906.25,nvapi_measured
2026-10-06T00:32:55Z,51,66.0,,303.9,1890,9251,76,906.25,4 (PwrCap),,,,,906.25,nvapi_measured
2026-10-06T00:32:56Z,51,66.0,,305.3,1920,9251,75,981.25,4 (PwrCap),,,,,981.25,nvapi_measured
2026-10-06T00:32:57Z,51,66.0,,307.5,1920,9251,76,912.5,4 (PwrCap),,,,,912.5,nvapi_measured
2026-10-06T00:32:58Z,51,66.0,,308.6,1920,9251,74,912.5,4 (PwrCap),,,,,912.5,nvapi_measured
2026-10-06T00:32:59Z,51,66.0,,308.5,1920,9251,75,912.5,4 (PwrCap),,,,,912.5,nvapi_measured
2026-10-06T00:33:00Z,51,66.0,,307.1,1935,9251,75,912.5,4 (PwrCap),,,,,912.5,nvapi_measured
2026-10-06T00:33:01Z,51,66.0,,307.8,1920,9251,75,912.5,4 (PwrCap),,,,,912.5,nvapi_measured
2026-10-06T00:33:03Z,52,67.0,,308.1,1920,9251,73,912.5,4 (PwrCap),,,,,912.5,nvapi_measured
2026-10-06T00:33:04Z,51,66.0,,308.2,1920,9251,75,912.5,4 (PwrCap),,,,,912.5,nvapi_measured
2026-10-06T00:33:05Z,52,67.0,,305.9,1935,9251,73,912.5,4 (PwrCap),,,,,912.5,nvapi_measured
2026-10-06T00:33:06Z,52,67.0,,307.8,1920,9251,75,912.5,4 (PwrCap),,,,,912.5,nvapi_measured
2026-10-06T00:33:07Z,52,67.0,,308.0,1920,9251,76,912.5,4 (PwrCap),,,,,912.5,nvapi_measured
2026-10-06T00:33:08Z,51,66.0,,307.0,1920,9251,76,912.5,4 (PwrCap),,,,,912.5,nvapi_measured
2026-10-06T00:33:09Z,52,67.0,,308.0,1920,9251,76,912.5,4 (PwrCap),,,,,912.5,nvapi_measured
2026-10-06T00:33:10Z,52,67.0,,308.3,1920,9251,76,912.5,4 (PwrCap),,,,,912.5,nvapi_measured
2026-10-06T00:33:11Z,51,66.0,,307.9,1920,9251,68,893.75,4 (PwrCap),,,,,893.75,nvapi_measured
2026-10-06T00:33:12Z,51,66.0,,309.0,1890,9251,81,875.0,4 (PwrCap),,,,,875.0,nvapi_measured
2026-10-06T00:33:13Z,52,67.0,,307.2,1920,9251,74,912.5,4 (PwrCap),,,,,912.5,nvapi_measured
2026-10-06T00:33:14Z,52,67.0,,307.6,1920,9251,74,912.5,4 (PwrCap),,,,,912.5,nvapi_measured
2026-10-06T00:33:15Z,52,67.0,,307.2,1920,9251,74,912.5,4 (PwrCap),,,,,912.5,nvapi_measured
2026-10-06T00:33:17Z,52,67.0,,308.0,1920,9251,74,912.5,4 (PwrCap),,,,,912.5,nvapi_measured
2026-10-06T00:33:18Z,52,67.0,,308.2,1920,9251,76,912.5,4 (PwrCap),,,,,912.5,nvapi_measured
2026-10-06T00:33:19Z,52,67.0,,309.0,1920,9251,75,981.25,4 (PwrCap),,,,,981.25,nvapi_measured
2026-10-06T00:33:20Z,52,67.0,,307.4,1920,9251,75,912.5,4 (PwrCap),,,,,912.5,nvapi_measured
2026-10-06T00:33:21Z,52,67.0,,309.9,1920,9251,77,912.5,4 (PwrCap),,,,,912.5,nvapi_measured
2026-10-06T00:33:22Z,52,67.0,,309.8,1920,9251,76,912.5,4 (PwrCap),,,,,912.5,nvapi_measured
2026-10-06T00:33:23Z,52,67.0,,309.1,1920,9251,76,912.5,4 (PwrCap),,,,,912.5,nvapi_measured
2026-10-06T00:33:24Z,52,67.0,,308.8,1920,9251,75,912.5,4 (PwrCap),,,,,912.5,nvapi_measured
2026-10-06T00:33:25Z,52,67.0,,309.2,1920,9251,75,912.5,4 (PwrCap),,,,,912.5,nvapi_measured
2026-10-06T00:33:26Z,52,67.0,,306.4,1920,9251,76,912.5,4 (PwrCap),,,,,912.5,nvapi_measured
2026-10-06T00:33:27Z,52,67.0,,307.6,1920,9251,74,912.5,4 (PwrCap),,,,,912.5,nvapi_measured
2026-10-06T00:33:28Z,52,67.0,,308.5,1920,9251,75,912.5,4 (PwrCap),,,,,912.5,nvapi_measured
2026-10-06T00:33:30Z,52,67.0,,307.9,1920,9251,76,912.5,4 (PwrCap),,,,,912.5,nvapi_measured
2026-10-06T00:33:31Z,51,66.0,,309.0,1980,9251,76,912.5,4 (PwrCap),,,,,912.5,nvapi_measured
2026-10-06T00:33:32Z,52,67.0,,308.2,1920,9251,75,912.5,4 (PwrCap),,,,,912.5,nvapi_measured
2026-10-06T00:33:33Z,52,67.0,,309.4,1920,9251,74,912.5,4 (PwrCap),,,,,912.5,nvapi_measured
2026-10-06T00:33:34Z,52,67.0,,308.7,1920,9251,76,912.5,4 (PwrCap),,,,,912.5,nvapi_measured
2026-10-06T00:33:35Z,52,67.0,,309.7,1920,9251,74,912.5,4 (PwrCap),,,,,912.5,nvapi_measured
2026-10-06T00:33:36Z,52,67.0,,308.5,1920,9251,75,912.5,4 (PwrCap),,,,,912.5,nvapi_measured
2026-10-06T00:33:37Z,52,67.0,,309.7,1920,9251,75,912.5,4 (PwrCap),,,,,912.5,nvapi_measured
2026-10-06T00:33:38Z,52,67.0,,308.9,1920,9251,75,912.5,4 (PwrCap),,,,,912.5,nvapi_measured
2026-10-06T00:33:39Z,52,67.0,,309.0,1920,9251,75,912.5,4 (PwrCap),,,,,912.5,nvapi_measured
2026-10-06T00:33:40Z,52,67.0,,308.5,1920,9251,75,912.5,4 (PwrCap),,,,,912.5,nvapi_measured
2026-10-06T00:33:41Z,52,67.0,,307.7,1920,9251,75,912.5,4 (PwrCap),,,,,912.5,nvapi_measured
2026-10-06T00:33:43Z,52,67.0,,309.0,1920,9251,74,912.5,4 (PwrCap),,,,,912.5,nvapi_measured
2026-10-06T00:33:44Z,52,67.0,,307.5,1920,9251,75,912.5,4 (PwrCap),,,,,912.5,nvapi_measured
2026-10-06T00:33:45Z,52,67.0,,309.4,1920,9251,75,912.5,4 (PwrCap),,,,,912.5,nvapi_measured
2026-10-06T00:33:46Z,52,67.0,,309.3,1920,9251,75,912.5,4 (PwrCap),,,,,912.5,nvapi_measured
2026-10-06T00:33:47Z,52,67.0,,308.8,1920,9251,74,981.25,4 (PwrCap),,,,,981.25,nvapi_measured
2026-10-06T00:33:48Z,52,67.0,,308.0,1920,9251,76,912.5,4 (PwrCap),,,,,912.5,nvapi_measured
2026-10-06T00:33:49Z,52,67.0,,307.5,1920,9251,74,912.5,4 (PwrCap),,,,,912.5,nvapi_measured
2026-10-06T00:33:50Z,52,67.0,,309.4,1920,9251,75,912.5,4 (PwrCap),,,,,912.5,nvapi_measured
2026-10-06T00:33:51Z,52,67.0,,309.1,1920,9251,76,912.5,4 (PwrCap),,,,,912.5,nvapi_measured
2026-10-06T00:33:52Z,52,67.0,,308.6,1935,9251,74,912.5,4 (PwrCap),,,,,912.5,nvapi_measured
2026-10-06T00:33:53Z,52,67.0,,309.0,1920,9251,74,912.5,4 (PwrCap),,,,,912.5,nvapi_measured
2026-10-06T00:33:54Z,52,67.0,,309.0,1920,9251,75,912.5,4 (PwrCap),,,,,912.5,nvapi_measured
2026-10-06T00:33:55Z,52,67.0,,307.9,1920,9251,74,912.5,4 (PwrCap),,,,,912.5,nvapi_measured
2026-10-06T00:33:57Z,52,67.0,,308.9,1920,9251,76,912.5,4 (PwrCap),,,,,912.5,nvapi_measured
2026-10-06T00:33:58Z,52,67.0,,307.8,1920,9251,75,981.25,4 (PwrCap),,,,,981.25,nvapi_measured
2026-10-06T00:33:59Z,52,67.0,,308.7,1920,9251,74,912.5,4 (PwrCap),,,,,912.5,nvapi_measured
2026-10-06T00:34:00Z,52,67.0,,309.5,1920,9251,76,912.5,4 (PwrCap),,,,,912.5,nvapi_measured
2026-10-06T00:34:01Z,52,67.0,,306.7,1920,9251,75,912.5,4 (PwrCap),,,,,912.5,nvapi_measured
2026-10-06T00:34:02Z,52,67.0,,307.9,1920,9251,75,912.5,4 (PwrCap),,,,,912.5,nvapi_measured
2026-10-06T00:34:03Z,52,67.0,,309.0,1920,9251,75,912.5,4 (PwrCap),,,,,912.5,nvapi_measured
2026-10-06T00:34:04Z,52,67.0,,307.1,1920,9251,74,912.5,4 (PwrCap),,,,,912.5,nvapi_measured
2026-10-06T00:34:05Z,52,67.0,,309.1,1920,9251,75,912.5,4 (PwrCap),,,,,912.5,nvapi_measured
2026-10-06T00:34:06Z,52,67.0,,308.9,1920,9251,74,912.5,4 (PwrCap),,,,,912.5,nvapi_measured
2026-10-06T00:34:07Z,52,67.0,,307.5,1935,9251,73,912.5,4 (PwrCap),,,,,912.5,nvapi_measured
2026-10-06T00:34:08Z,52,67.0,,308.4,1920,9251,74,912.5,4 (PwrCap),,,,,912.5,nvapi_measured
2026-10-06T00:34:10Z,52,67.0,,308.4,1920,9251,74,912.5,4 (PwrCap),,,,,912.5,nvapi_measured
2026-10-06T00:34:11Z,52,67.0,,309.1,1920,9251,75,912.5,4 (PwrCap),,,,,912.5,nvapi_measured
2026-10-06T00:34:12Z,52,67.0,,309.2,1920,9251,74,912.5,4 (PwrCap),,,,,912.5,nvapi_measured
2026-10-06T00:34:13Z,52,67.0,,309.0,1920,9251,75,912.5,4 (PwrCap),,,,,912.5,nvapi_measured
2026-10-06T00:34:14Z,52,67.0,,307.8,1920,9251,75,912.5,4 (PwrCap),,,,,912.5,nvapi_measured
2026-10-06T00:34:15Z,52,67.0,,307.6,1920,9251,74,912.5,4 (PwrCap),,,,,912.5,nvapi_measured
2026-10-06T00:34:16Z,52,67.0,,307.3,1920,9251,74,912.5,4 (PwrCap),,,,,912.5,nvapi_measured
2026-10-06T00:34:17Z,52,67.0,,308.4,1920,9251,75,912.5,4 (PwrCap),,,,,912.5,nvapi_measured
2026-10-06T00:34:18Z,52,67.0,,308.2,1920,9251,75,912.5,4 (PwrCap),,,,,912.5,nvapi_measured
2026-10-06T00:34:19Z,53,68.0,,308.7,1920,9251,77,912.5,4 (PwrCap),,,,,912.5,nvapi_measured
2026-10-06T00:34:20Z,44,59.0,,246.9,2010,9501,0,1068.75,1024 (0x400),,,,,1068.75,nvapi_measured
2026-10-06T00:34:21Z,46,61.0,,120.5,2010,9251,76,1068.75,1024 (0x400),,,,,1068.75,nvapi_measured
2026-10-06T00:34:22Z,49,64.0,,243.2,2010,9251,94,1068.75,1024 (0x400),,,,,1068.75,nvapi_measured
2026-10-06T00:34:24Z,49,64.0,,244.9,2010,9251,82,1068.75,1024 (0x400),,,,,1068.75,nvapi_measured
2026-10-06T00:34:25Z,50,65.0,,249.7,2010,9251,86,1068.75,1024 (0x400),,,,,1068.75,nvapi_measured
2026-10-06T00:34:26Z,50,65.0,,249.2,2010,9251,85,1068.75,1024 (0x400),,,,,1068.75,nvapi_measured
2026-10-06T00:34:27Z,50,65.0,,247.1,2010,9251,85,1068.75,1024 (0x400),,,,,1068.75,nvapi_measured
2026-10-06T00:34:28Z,50,65.0,,245.3,2010,9251,86,1068.75,1024 (0x400),,,,,1068.75,nvapi_measured
2026-10-06T00:34:29Z,50,65.0,,244.6,2010,9251,85,1068.75,1024 (0x400),,,,,1068.75,nvapi_measured
2026-10-06T00:34:30Z,49,64.0,,242.9,2010,9251,82,1068.75,1024 (0x400),,,,,1068.75,nvapi_measured
2026-10-06T00:34:31Z,50,65.0,,246.5,2010,9251,82,1068.75,1024 (0x400),,,,,1068.75,nvapi_measured
2026-10-06T00:34:32Z,50,65.0,,247.8,2010,9251,82,1068.75,1024 (0x400),,,,,1068.75,nvapi_measured
2026-10-06T00:34:33Z,50,65.0,,246.8,2010,9251,82,1068.75,1024 (0x400),,,,,1068.75,nvapi_measured
2026-10-06T00:34:34Z,50,65.0,,246.7,2010,9251,82,1068.75,1024 (0x400),,,,,1068.75,nvapi_measured
2026-10-06T00:34:36Z,49,64.0,,243.9,2010,9251,77,1068.75,1024 (0x400),,,,,1068.75,nvapi_measured
2026-10-06T00:34:37Z,49,64.0,,235.1,2010,9251,83,1068.75,1024 (0x400),,,,,1068.75,nvapi_measured
2026-10-06T00:34:38Z,49,64.0,,241.3,2010,9251,88,1068.75,1024 (0x400),,,,,1068.75,nvapi_measured
2026-10-06T00:34:39Z,50,65.0,,245.4,2010,9251,87,1068.75,1024 (0x400),,,,,1068.75,nvapi_measured
2026-10-06T00:34:40Z,49,64.0,,242.9,2010,9251,85,1068.75,1024 (0x400),,,,,1068.75,nvapi_measured
2026-10-06T00:34:41Z,49,64.0,,245.1,2010,9251,85,1068.75,1024 (0x400),,,,,1068.75,nvapi_measured
2026-10-06T00:34:42Z,49,64.0,,242.9,2010,9251,85,1068.75,1024 (0x400),,,,,1068.75,nvapi_measured
2026-10-06T00:34:43Z,50,65.0,,245.5,2010,9251,85,1068.75,1024 (0x400),,,,,1068.75,nvapi_measured
2026-10-06T00:34:44Z,50,65.0,,245.6,2010,9251,85,1068.75,1024 (0x400),,,,,1068.75,nvapi_measured
2026-10-06T00:34:45Z,49,64.0,,240.2,2010,9251,88,1068.75,1024 (0x400),,,,,1068.75,nvapi_measured
2026-10-06T00:34:46Z,49,64.0,,242.7,2010,9251,80,1068.75,1024 (0x400),,,,,1068.75,nvapi_measured
2026-10-06T00:34:47Z,49,64.0,,236.6,2010,9251,83,1068.75,1024 (0x400),,,,,1068.75,nvapi_measured
2026-10-06T00:34:49Z,49,64.0,,239.2,2010,9251,80,1068.75,1024 (0x400),,,,,1068.75,nvapi_measured
2026-10-06T00:34:50Z,49,64.0,,234.8,2010,9251,83,1068.75,1024 (0x400),,,,,1068.75,nvapi_measured
2026-10-06T00:34:51Z,49,64.0,,244.4,2010,9251,85,1068.75,1024 (0x400),,,,,1068.75,nvapi_measured
2026-10-06T00:34:52Z,49,64.0,,245.0,2010,9251,85,1068.75,1024 (0x400),,,,,1068.75,nvapi_measured
2026-10-06T00:34:53Z,49,64.0,,244.8,2010,9251,85,1068.75,1024 (0x400),,,,,1068.75,nvapi_measured
2026-10-06T00:34:54Z,49,64.0,,244.7,2010,9251,85,1068.75,1024 (0x400),,,,,1068.75,nvapi_measured
2026-10-06T00:34:55Z,49,64.0,,240.1,2010,9251,88,1068.75,1024 (0x400),,,,,1068.75,nvapi_measured
2026-10-06T00:34:56Z,49,64.0,,244.9,2010,9251,82,1068.75,1024 (0x400),,,,,1068.75,nvapi_measured
2026-10-06T00:34:57Z,49,64.0,,239.2,2010,9251,84,1068.75,1024 (0x400),,,,,1068.75,nvapi_measured
2026-10-06T00:34:58Z,49,64.0,,239.2,2010,9251,83,1068.75,1024 (0x400),,,,,1068.75,nvapi_measured
2026-10-06T00:34:59Z,49,64.0,,237.7,2010,9251,83,1068.75,1024 (0x400),,,,,1068.75,nvapi_measured
2026-10-06T00:35:01Z,49,64.0,,244.2,2010,9251,87,1068.75,1024 (0x400),,,,,1068.75,nvapi_measured
2026-10-06T00:35:02Z,49,64.0,,248.1,2010,9251,85,1068.75,1024 (0x400),,,,,1068.75,nvapi_measured
2026-10-06T00:35:03Z,49,64.0,,243.2,2010,9251,87,1068.75,1024 (0x400),,,,,1068.75,nvapi_measured
2026-10-06T00:35:04Z,49,64.0,,245.4,2010,9251,85,1068.75,1024 (0x400),,,,,1068.75,nvapi_measured
2026-10-06T00:35:05Z,49,64.0,,242.6,2010,9251,88,1068.75,1024 (0x400),,,,,1068.75,nvapi_measured
2026-10-06T00:35:06Z,49,64.0,,243.5,2010,9251,87,1068.75,1024 (0x400),,,,,1068.75,nvapi_measured
2026-10-06T00:35:07Z,49,64.0,,242.6,2010,9251,88,1068.75,1024 (0x400),,,,,1068.75,nvapi_measured
2026-10-06T00:35:08Z,49,64.0,,245.4,2010,9251,80,1068.75,1024 (0x400),,,,,1068.75,nvapi_measured
2026-10-06T00:35:09Z,49,64.0,,241.4,2010,9251,86,1068.75,1024 (0x400),,,,,1068.75,nvapi_measured
2026-10-06T00:35:10Z,49,64.0,,242.5,2010,9251,85,1068.75,1024 (0x400),,,,,1068.75,nvapi_measured
2026-10-06T00:35:11Z,49,64.0,,242.5,2010,9251,85,1068.75,1024 (0x400),,,,,1068.75,nvapi_measured
2026-10-06T00:35:12Z,49,64.0,,242.7,2010,9251,85,1068.75,1024 (0x400),,,,,1068.75,nvapi_measured
2026-10-06T00:35:14Z,49,64.0,,242.5,2010,9251,85,1068.75,1024 (0x400),,,,,1068.75,nvapi_measured
2026-10-06T00:35:15Z,49,64.0,,241.5,2010,9251,80,1068.75,1024 (0x400),,,,,1068.75,nvapi_measured
2026-10-06T00:35:16Z,49,64.0,,233.6,2010,9251,79,1068.75,1024 (0x400),,,,,1068.75,nvapi_measured
2026-10-06T00:35:17Z,49,64.0,,235.1,2010,9251,80,1068.75,1024 (0x400),,,,,1068.75,nvapi_measured
2026-10-06T00:35:18Z,49,64.0,,238.4,2010,9251,87,1068.75,1024 (0x400),,,,,1068.75,nvapi_measured
2026-10-06T00:35:19Z,49,64.0,,243.7,2010,9251,88,1068.75,1024 (0x400),,,,,1068.75,nvapi_measured
2026-10-06T00:35:20Z,49,64.0,,245.8,2010,9251,89,1068.75,1024 (0x400),,,,,1068.75,nvapi_measured
2026-10-06T00:35:21Z,49,64.0,,246.3,2010,9251,85,1068.75,1024 (0x400),,,,,1068.75,nvapi_measured
2026-10-06T00:35:22Z,49,64.0,,245.5,2010,9251,85,1068.75,1024 (0x400),,,,,1068.75,nvapi_measured
2026-10-06T00:35:23Z,49,64.0,,245.2,2010,9251,85,1068.75,1024 (0x400),,,,,1068.75,nvapi_measured
2026-10-06T00:35:24Z,49,64.0,,241.1,2010,9251,83,1068.75,1024 (0x400),,,,,1068.75,nvapi_measured
2026-10-06T00:35:25Z,49,64.0,,243.7,2010,9251,80,1068.75,1024 (0x400),,,,,1068.75,nvapi_measured
2026-10-06T00:35:27Z,49,64.0,,235.3,2010,9251,85,1068.75,1024 (0x400),,,,,1068.75,nvapi_measured
2026-10-06T00:35:28Z,49,64.0,,239.5,2010,9251,84,1068.75,1024 (0x400),,,,,1068.75,nvapi_measured
2026-10-06T00:35:29Z,49,64.0,,242.9,2010,9251,87,1068.75,1024 (0x400),,,,,1068.75,nvapi_measured
2026-10-06T00:35:30Z,49,64.0,,244.6,2010,9251,85,1068.75,1024 (0x400),,,,,1068.75,nvapi_measured
2026-10-06T00:35:31Z,49,64.0,,242.6,2010,9251,85,1068.75,1024 (0x400),,,,,1068.75,nvapi_measured
2026-10-06T00:35:32Z,49,64.0,,243.1,2010,9251,85,1068.75,1024 (0x400),,,,,1068.75,nvapi_measured
2026-10-06T00:35:33Z,49,64.0,,245.1,2010,9251,85,1068.75,1024 (0x400),,,,,1068.75,nvapi_measured
2026-10-06T00:35:34Z,49,64.0,,245.4,2010,9251,84,1068.75,1024 (0x400),,,,,1068.75,nvapi_measured
2026-10-06T00:35:35Z,49,64.0,,239.4,2010,9251,80,1068.75,1024 (0x400),,,,,1068.75,nvapi_measured
2026-10-06T00:35:36Z,49,64.0,,238.2,2010,9251,84,1068.75,1024 (0x400),,,,,1068.75,nvapi_measured
2026-10-06T00:35:37Z,49,64.0,,237.5,2010,9251,84,1068.75,1024 (0x400),,,,,1068.75,nvapi_measured
2026-10-06T00:35:39Z,49,64.0,,237.1,2010,9251,85,1068.75,1024 (0x400),,,,,1068.75,nvapi_measured
2026-10-06T00:35:40Z,49,64.0,,241.3,2010,9251,87,1068.75,1024 (0x400),,,,,1068.75,nvapi_measured
2026-10-06T00:35:41Z,49,64.0,,243.4,2010,9251,85,1068.75,1024 (0x400),,,,,1068.75,nvapi_measured
2026-10-06T00:35:42Z,49,64.0,,242.7,2010,9251,85,1068.75,1024 (0x400),,,,,1068.75,nvapi_measured
2026-10-06T00:35:43Z,49,64.0,,243.0,2010,9251,85,1068.75,1024 (0x400),,,,,1068.75,nvapi_measured
2026-10-06T00:35:44Z,49,64.0,,243.8,2010,9251,88,1068.75,1024 (0x400),,,,,1068.75,nvapi_measured
2026-10-06T00:35:45Z,49,64.0,,242.6,2010,9251,80,1068.75,1024 (0x400),,,,,1068.75,nvapi_measured
2026-10-06T00:35:46Z,49,64.0,,239.0,2010,9251,80,1068.75,1024 (0x400),,,,,1068.75,nvapi_measured
2026-10-06T00:35:47Z,49,64.0,,239.9,2010,9251,84,1068.75,1024 (0x400),,,,,1068.75,nvapi_measured
2026-10-06T00:35:48Z,49,64.0,,238.6,2010,9251,85,1068.75,1024 (0x400),,,,,1068.75,nvapi_measured
2026-10-06T00:35:49Z,49,64.0,,238.1,2010,9251,85,1068.75,1024 (0x400),,,,,1068.75,nvapi_measured
2026-10-06T00:35:50Z,49,64.0,,243.1,2010,9251,86,1068.75,1024 (0x400),,,,,1068.75,nvapi_measured
2026-10-06T00:35:52Z,49,64.0,,245.3,2010,9251,85,1068.75,1024 (0x400),,,,,1068.75,nvapi_measured
2026-10-06T00:35:53Z,49,64.0,,242.9,2010,9251,85,1068.75,1024 (0x400),,,,,1068.75,nvapi_measured
2026-10-06T00:35:54Z,49,64.0,,242.8,2010,9251,85,1068.75,1024 (0x400),,,,,1068.75,nvapi_measured
2026-10-06T00:35:55Z,49,64.0,,240.3,2010,9251,87,1068.75,1024 (0x400),,,,,1068.75,nvapi_measured
2026-10-06T00:35:56Z,49,64.0,,238.0,2010,9251,80,1068.75,1024 (0x400),,,,,1068.75,nvapi_measured
2026-10-06T00:35:57Z,49,64.0,,239.6,2010,9251,87,1068.75,1024 (0x400),,,,,1068.75,nvapi_measured
2026-10-06T00:35:58Z,49,64.0,,243.0,2010,9251,87,1068.75,1024 (0x400),,,,,1068.75,nvapi_measured
2026-10-06T00:35:59Z,49,64.0,,241.7,2010,9251,85,1068.75,1024 (0x400),,,,,1068.75,nvapi_measured
2026-10-06T00:36:00Z,49,64.0,,245.9,2010,9251,85,1068.75,1024 (0x400),,,,,1068.75,nvapi_measured
2026-10-06T00:36:01Z,49,64.0,,243.0,2010,9251,86,1068.75,1024 (0x400),,,,,1068.75,nvapi_measured
2026-10-06T00:36:02Z,49,64.0,,246.4,2010,9251,85,1068.75,1024 (0x400),,,,,1068.75,nvapi_measured
2026-10-06T00:36:03Z,49,64.0,,245.7,2010,9251,84,1068.75,1024 (0x400),,,,,1068.75,nvapi_measured
2026-10-06T00:36:05Z,49,64.0,,241.0,2010,9251,82,1068.75,1024 (0x400),,,,,1068.75,nvapi_measured
2026-10-06T00:36:06Z,49,64.0,,245.6,2010,9251,84,1068.75,1024 (0x400),,,,,1068.75,nvapi_measured
2026-10-06T00:36:07Z,49,64.0,,241.2,2010,9251,80,1068.75,1024 (0x400),,,,,1068.75,nvapi_measured
2026-10-06T00:36:08Z,49,64.0,,238.8,2010,9251,88,1068.75,1024 (0x400),,,,,1068.75,nvapi_measured
2026-10-06T00:36:09Z,49,64.0,,244.7,2010,9251,85,1068.75,1024 (0x400),,,,,1068.75,nvapi_measured
2026-10-06T00:36:10Z,49,64.0,,243.6,2010,9251,85,1068.75,1024 (0x400),,,,,1068.75,nvapi_measured
2026-10-06T00:36:11Z,49,64.0,,242.8,2010,9251,85,1068.75,1024 (0x400),,,,,1068.75,nvapi_measured
2026-10-06T00:36:12Z,49,64.0,,243.1,2010,9251,88,1068.75,1024 (0x400),,,,,1068.75,nvapi_measured
2026-10-06T00:36:13Z,49,64.0,,242.1,2010,9251,80,1068.75,1024 (0x400),,,,,1068.75,nvapi_measured
2026-10-06T00:36:14Z,49,64.0,,238.9,2010,9251,85,1068.75,1024 (0x400),,,,,1068.75,nvapi_measured
2026-10-06T00:36:15Z,49,64.0,,238.6,2010,9251,86,1068.75,1024 (0x400),,,,,1068.75,nvapi_measured
2026-10-06T00:36:16Z,49,64.0,,237.7,2010,9251,85,1068.75,1024 (0x400),,,,,1068.75,nvapi_measured
2026-10-06T00:36:18Z,48,63.0,,235.3,2010,9251,80,1068.75,1024 (0x400),,,,,1068.75,nvapi_measured
2026-10-06T00:36:19Z,48,63.0,,234.8,2010,9251,84,1068.75,1024 (0x400),,,,,1068.75,nvapi_measured
2026-10-06T00:36:20Z,49,64.0,,246.0,2010,9251,85,1068.75,1024 (0x400),,,,,1068.75,nvapi_measured
2026-10-06T00:36:21Z,49,64.0,,245.5,2010,9251,85,1068.75,1024 (0x400),,,,,1068.75,nvapi_measured
2026-10-06T00:36:22Z,49,64.0,,245.9,2010,9251,85,1068.75,1024 (0x400),,,,,1068.75,nvapi_measured
2026-10-06T00:36:23Z,49,64.0,,244.5,2010,9251,85,1068.75,1024 (0x400),,,,,1068.75,nvapi_measured
2026-10-06T00:36:24Z,48,63.0,,156.8,2010,9251,99,1068.75,1024 (0x400),,,,,1068.75,nvapi_measured
2026-10-06T00:36:25Z,50,65.0,,252.4,2010,9251,99,1068.75,1024 (0x400),,,,,1068.75,nvapi_measured
2026-10-06T00:36:26Z,50,65.0,,252.8,2010,9251,99,1068.75,1024 (0x400),,,,,1068.75,nvapi_measured
2026-10-06T00:36:27Z,50,65.0,,253.3,2010,9251,99,1068.75,1024 (0x400),,,,,1068.75,nvapi_measured
2026-10-06T00:36:29Z,50,65.0,,252.5,2010,9251,99,1068.75,1024 (0x400),,,,,1068.75,nvapi_measured
2026-10-06T00:36:30Z,50,65.0,,252.8,2010,9251,98,1068.75,1024 (0x400),,,,,1068.75,nvapi_measured
2026-10-06T00:36:31Z,50,65.0,,253.1,2010,9251,99,1068.75,1024 (0x400),,,,,1068.75,nvapi_measured
2026-10-06T00:36:32Z,50,65.0,,253.1,2010,9251,99,1068.75,1024 (0x400),,,,,1068.75,nvapi_measured
2026-10-06T00:36:33Z,50,65.0,,253.1,2010,9251,99,1068.75,1024 (0x400),,,,,1068.75,nvapi_measured
2026-10-06T00:36:34Z,50,65.0,,253.0,2010,9251,99,1068.75,1024 (0x400),,,,,1068.75,nvapi_measured
2026-10-06T00:36:35Z,50,65.0,,252.9,2010,9251,99,1068.75,1024 (0x400),,,,,1068.75,nvapi_measured
2026-10-06T00:36:36Z,50,65.0,,252.4,2010,9251,99,1068.75,1024 (0x400),,,,,1068.75,nvapi_measured
2026-10-06T00:36:37Z,50,65.0,,253.2,2010,9251,99,1068.75,1024 (0x400),,,,,1068.75,nvapi_measured
2026-10-06T00:36:38Z,50,65.0,,252.3,2010,9251,99,1068.75,1024 (0x400),,,,,1068.75,nvapi_measured
2026-10-06T00:36:39Z,50,65.0,,251.7,2010,9251,99,1068.75,1024 (0x400),,,,,1068.75,nvapi_measured
2026-10-06T00:36:40Z,50,65.0,,251.7,2010,9251,99,1068.75,1024 (0x400),,,,,1068.75,nvapi_measured
2026-10-06T00:36:42Z,50,65.0,,252.4,2010,9251,99,1068.75,1024 (0x400),,,,,1068.75,nvapi_measured
2026-10-06T00:36:43Z,50,65.0,,252.5,2010,9251,97,1068.75,1024 (0x400),,,,,1068.75,nvapi_measured
2026-10-06T00:36:44Z,50,65.0,,252.6,2010,9251,99,1068.75,1024 (0x400),,,,,1068.75,nvapi_measured
2026-10-06T00:36:45Z,50,65.0,,253.1,2010,9251,99,1068.75,1024 (0x400),,,,,1068.75,nvapi_measured
2026-10-06T00:36:46Z,50,65.0,,253.2,2010,9251,99,1068.75,1024 (0x400),,,,,1068.75,nvapi_measured
2026-10-06T00:36:47Z,50,65.0,,252.9,2010,9251,99,1068.75,1024 (0x400),,,,,1068.75,nvapi_measured
2026-10-06T00:36:48Z,50,65.0,,252.9,2010,9251,99,1068.75,1024 (0x400),,,,,1068.75,nvapi_measured
2026-10-06T00:36:49Z,50,65.0,,252.4,2010,9251,98,1068.75,1024 (0x400),,,,,1068.75,nvapi_measured
2026-10-06T00:36:50Z,50,65.0,,252.7,2010,9251,99,1068.75,1024 (0x400),,,,,1068.75,nvapi_measured
2026-10-06T00:36:51Z,50,65.0,,252.9,2010,9251,99,1068.75,1024 (0x400),,,,,1068.75,nvapi_measured
2026-10-06T00:36:52Z,50,65.0,,252.7,2010,9251,99,1068.75,1024 (0x400),,,,,1068.75,nvapi_measured
2026-10-06T00:36:53Z,50,65.0,,252.7,2010,9251,99,1068.75,1024 (0x400),,,,,1068.75,nvapi_measured
2026-10-06T00:36:55Z,50,65.0,,253.2,2010,9251,99,1068.75,1024 (0x400),,,,,1068.75,nvapi_measured
2026-10-06T00:36:56Z,50,65.0,,252.6,2010,9251,98,1068.75,1024 (0x400),,,,,1068.75,nvapi_measured
2026-10-06T00:36:57Z,50,65.0,,252.4,2010,9251,99,1068.75,1024 (0x400),,,,,1068.75,nvapi_measured
2026-10-06T00:36:58Z,50,65.0,,252.2,2010,9251,99,1068.75,1024 (0x400),,,,,1068.75,nvapi_measured
2026-10-06T00:36:59Z,50,65.0,,253.0,2010,9251,99,1068.75,1024 (0x400),,,,,1068.75,nvapi_measured
2026-10-06T00:37:00Z,50,65.0,,252.5,2010,9251,99,1068.75,1024 (0x400),,,,,1068.75,nvapi_measured
2026-10-06T00:37:01Z,50,65.0,,252.1,2010,9251,99,1068.75,1024 (0x400),,,,,1068.75,nvapi_measured
2026-10-06T00:37:02Z,50,65.0,,252.9,2010,9251,99,1068.75,1024 (0x400),,,,,1068.75,nvapi_measured
2026-10-06T00:37:03Z,50,65.0,,253.0,2010,9251,99,1068.75,1024 (0x400),,,,,1068.75,nvapi_measured
2026-10-06T00:37:04Z,50,65.0,,253.6,2010,9251,99,1068.75,1024 (0x400),,,,,1068.75,nvapi_measured
2026-10-06T00:37:05Z,50,65.0,,252.9,2010,9251,99,1068.75,1024 (0x400),,,,,1068.75,nvapi_measured
2026-10-06T00:37:06Z,50,65.0,,253.3,2010,9251,99,1068.75,1024 (0x400),,,,,1068.75,nvapi_measured
2026-10-06T00:37:08Z,50,65.0,,253.4,2010,9251,98,1068.75,1024 (0x400),,,,,1068.75,nvapi_measured
2026-10-06T00:37:09Z,50,65.0,,253.2,2010,9251,98,1068.75,1024 (0x400),,,,,1068.75,nvapi_measured
2026-10-06T00:37:10Z,50,65.0,,253.4,2010,9251,99,1068.75,1024 (0x400),,,,,1068.75,nvapi_measured
2026-10-06T00:37:11Z,50,65.0,,253.4,2010,9251,99,1068.75,1024 (0x400),,,,,1068.75,nvapi_measured
2026-10-06T00:37:12Z,50,65.0,,253.6,2010,9251,99,1068.75,1024 (0x400),,,,,1068.75,nvapi_measured
2026-10-06T00:37:13Z,50,65.0,,253.7,2010,9251,99,1068.75,1024 (0x400),,,,,1068.75,nvapi_measured
2026-10-06T00:37:14Z,50,65.0,,253.3,2010,9251,99,1068.75,1024 (0x400),,,,,1068.75,nvapi_measured
2026-10-06T00:37:15Z,50,65.0,,253.5,2010,9251,99,1068.75,1024 (0x400),,,,,1068.75,nvapi_measured
2026-10-06T00:37:16Z,50,65.0,,253.3,2010,9251,99,1068.75,1024 (0x400),,,,,1068.75,nvapi_measured
2026-10-06T00:37:17Z,50,65.0,,252.5,2010,9251,98,1068.75,1024 (0x400),,,,,1068.75,nvapi_measured
2026-10-06T00:37:18Z,50,65.0,,252.1,2010,9251,99,1068.75,1024 (0x400),,,,,1068.75,nvapi_measured
2026-10-06T00:37:19Z,50,65.0,,253.3,2010,9251,99,1068.75,1024 (0x400),,,,,1068.75,nvapi_measured
2026-10-06T00:37:20Z,50,65.0,,252.6,2010,9251,99,1068.75,1024 (0x400),,,,,1068.75,nvapi_measured
2026-10-06T00:37:22Z,50,65.0,,253.6,2010,9251,99,1068.75,1024 (0x400),,,,,1068.75,nvapi_measured
2026-10-06T00:37:23Z,50,65.0,,253.8,2010,9251,99,1068.75,1024 (0x400),,,,,1068.75,nvapi_measured
2026-10-06T00:37:24Z,50,65.0,,253.9,2010,9251,99,1068.75,1024 (0x400),,,,,1068.75,nvapi_measured
2026-10-06T00:37:25Z,50,65.0,,253.9,2010,9251,99,1068.75,1024 (0x400),,,,,1068.75,nvapi_measured
2026-10-06T00:37:26Z,50,65.0,,253.4,2010,9251,99,1068.75,1024 (0x400),,,,,1068.75,nvapi_measured
2026-10-06T00:37:27Z,50,65.0,,253.5,2010,9251,99,1068.75,1024 (0x400),,,,,1068.75,nvapi_measured
2026-10-06T00:37:28Z,50,65.0,,253.6,2010,9251,99,1068.75,1024 (0x400),,,,,1068.75,nvapi_measured
2026-10-06T00:37:29Z,50,65.0,,253.7,2010,9251,99,1068.75,1024 (0x400),,,,,1068.75,nvapi_measured
2026-10-06T00:37:30Z,50,65.0,,253.5,2010,9251,99,1068.75,1024 (0x400),,,,,1068.75,nvapi_measured
2026-10-06T00:37:31Z,50,65.0,,253.2,2010,9251,98,1068.75,1024 (0x400),,,,,1068.75,nvapi_measured
2026-10-06T00:37:32Z,50,65.0,,253.6,2010,9251,98,1068.75,1024 (0x400),,,,,1068.75,nvapi_measured
2026-10-06T00:37:34Z,50,65.0,,253.2,2010,9251,99,1068.75,1024 (0x400),,,,,1068.75,nvapi_measured
2026-10-06T00:37:35Z,50,65.0,,253.6,2010,9251,98,1068.75,1024 (0x400),,,,,1068.75,nvapi_measured
2026-10-06T00:37:36Z,50,65.0,,252.3,2010,9251,99,1068.75,1024 (0x400),,,,,1068.75,nvapi_measured
2026-10-06T00:37:37Z,50,65.0,,253.6,2010,9251,99,1068.75,1024 (0x400),,,,,1068.75,nvapi_measured
2026-10-06T00:37:38Z,50,65.0,,253.4,2010,9251,99,1068.75,1024 (0x400),,,,,1068.75,nvapi_measured
2026-10-06T00:37:39Z,50,65.0,,253.1,2010,9251,99,1068.75,1024 (0x400),,,,,1068.75,nvapi_measured
2026-10-06T00:37:40Z,50,65.0,,253.8,2010,9251,99,1068.75,1024 (0x400),,,,,1068.75,nvapi_measured
2026-10-06T00:37:41Z,50,65.0,,254.1,2010,9251,99,1068.75,1024 (0x400),,,,,1068.75,nvapi_measured
2026-10-06T00:37:42Z,50,65.0,,253.7,2010,9251,99,1068.75,1024 (0x400),,,,,1068.75,nvapi_measured
2026-10-06T00:37:43Z,50,65.0,,253.6,2010,9251,99,1068.75,1024 (0x400),,,,,1068.75,nvapi_measured
2026-10-06T00:37:44Z,50,65.0,,253.7,2010,9251,99,1068.75,1024 (0x400),,,,,1068.75,nvapi_measured
2026-10-06T00:37:45Z,50,65.0,,253.3,2010,9251,98,1068.75,1024 (0x400),,,,,1068.75,nvapi_measured
2026-10-06T00:37:47Z,50,65.0,,252.8,2010,9251,98,1068.75,1024 (0x400),,,,,1068.75,nvapi_measured
2026-10-06T00:37:48Z,50,65.0,,253.1,2010,9251,99,1068.75,1024 (0x400),,,,,1068.75,nvapi_measured
2026-10-06T00:37:49Z,50,65.0,,253.4,2010,9251,99,1068.75,1024 (0x400),,,,,1068.75,nvapi_measured
2026-10-06T00:37:50Z,50,65.0,,253.3,2010,9251,98,1068.75,1024 (0x400),,,,,1068.75,nvapi_measured
2026-10-06T00:37:51Z,50,65.0,,253.6,2010,9251,99,1068.75,1024 (0x400),,,,,1068.75,nvapi_measured
2026-10-06T00:37:52Z,50,65.0,,254.0,2010,9251,99,1068.75,1024 (0x400),,,,,1068.75,nvapi_measured
2026-10-06T00:37:53Z,50,65.0,,254.1,2010,9251,99,1068.75,1024 (0x400),,,,,1068.75,nvapi_measured
2026-10-06T00:37:54Z,50,65.0,,253.2,2010,9251,98,1068.75,1024 (0x400),,,,,1068.75,nvapi_measured
2026-10-06T00:37:55Z,50,65.0,,252.9,2010,9251,99,1068.75,1024 (0x400),,,,,1068.75,nvapi_measured
2026-10-06T00:37:56Z,50,65.0,,252.8,2010,9251,99,1068.75,1024 (0x400),,,,,1068.75,nvapi_measured
2026-10-06T00:37:57Z,50,65.0,,252.8,2010,9251,98,1068.75,1024 (0x400),,,,,1068.75,nvapi_measured
2026-10-06T00:37:58Z,50,65.0,,253.4,2010,9251,99,1068.75,1024 (0x400),,,,,1068.75,nvapi_measured
2026-10-06T00:38:00Z,50,65.0,,253.9,2010,9251,99,1068.75,1024 (0x400),,,,,1068.75,nvapi_measured
2026-10-06T00:38:01Z,50,65.0,,253.6,2010,9251,99,1068.75,1024 (0x400),,,,,1068.75,nvapi_measured
2026-10-06T00:38:02Z,50,65.0,,254.2,2010,9251,99,1068.75,1024 (0x400),,,,,1068.75,nvapi_measured
2026-10-06T00:38:03Z,50,65.0,,253.7,2010,9251,99,1068.75,1024 (0x400),,,,,1068.75,nvapi_measured
2026-10-06T00:38:04Z,50,65.0,,253.5,2010,9251,99,1068.75,1024 (0x400),,,,,1068.75,nvapi_measured
2026-10-06T00:38:05Z,50,65.0,,253.4,2010,9251,99,1068.75,1024 (0x400),,,,,1068.75,nvapi_measured
2026-10-06T00:38:06Z,50,65.0,,253.6,2010,9251,99,1068.75,1024 (0x400),,,,,1068.75,nvapi_measured
2026-10-06T00:38:07Z,50,65.0,,253.6,2010,9251,99,1068.75,1024 (0x400),,,,,1068.75,nvapi_measured
2026-10-06T00:38:08Z,50,65.0,,253.4,2010,9251,99,1068.75,1024 (0x400),,,,,1068.75,nvapi_measured
2026-10-06T00:38:09Z,50,65.0,,253.6,2010,9251,99,1068.75,1024 (0x400),,,,,1068.75,nvapi_measured
2026-10-06T00:38:10Z,50,65.0,,253.0,2010,9251,99,1068.75,1024 (0x400),,,,,1068.75,nvapi_measured
2026-10-06T00:38:11Z,50,65.0,,253.1,2010,9251,99,1068.75,1024 (0x400),,,,,1068.75,nvapi_measured
2026-10-06T00:38:12Z,50,65.0,,252.2,2010,9251,99,1068.75,1024 (0x400),,,,,1068.75,nvapi_measured
2026-10-06T00:38:14Z,50,65.0,,252.7,2010,9251,98,1068.75,1024 (0x400),,,,,1068.75,nvapi_measured
2026-10-06T00:38:15Z,50,65.0,,253.5,2010,9251,99,1068.75,1024 (0x400),,,,,1068.75,nvapi_measured
2026-10-06T00:38:16Z,50,65.0,,253.7,2010,9251,99,1068.75,1024 (0x400),,,,,1068.75,nvapi_measured
2026-10-06T00:38:17Z,50,65.0,,253.8,2010,9251,99,1068.75,1024 (0x400),,,,,1068.75,nvapi_measured
2026-10-06T00:38:18Z,50,65.0,,253.7,2010,9251,99,1068.75,1024 (0x400),,,,,1068.75,nvapi_measured
2026-10-06T00:38:19Z,50,65.0,,253.5,2010,9251,99,1068.75,1024 (0x400),,,,,1068.75,nvapi_measured
2026-10-06T00:38:20Z,50,65.0,,253.2,2010,9251,99,1068.75,1024 (0x400),,,,,1068.75,nvapi_measured
2026-10-06T00:38:21Z,50,65.0,,253.7,2010,9251,99,1068.75,1024 (0x400),,,,,1068.75,nvapi_measured
2026-10-06T00:38:22Z,50,65.0,,253.5,2010,9251,99,1068.75,1024 (0x400),,,,,1068.75,nvapi_measured
2026-10-06T00:38:23Z,50,65.0,,253.4,2010,9251,99,1068.75,1024 (0x400),,,,,1068.75,nvapi_measured
2026-10-06T00:38:29Z,34,49.0,,6.7,210,405,0,450,1 (Idle),,,,,,curve_estimate
2026-10-06T00:38:30Z,37,52.0,,15.9,1710,9251,49,1068.75,0,,,,,1068.75,nvapi_measured
2026-10-06T00:38:32Z,44,59.0,,207.6,2040,9251,65,1068.75,1024 (0x400),,,,,1068.75,nvapi_measured
2026-10-06T00:38:33Z,45,60.0,,217.0,2040,9251,63,1068.75,1024 (0x400),,,,,1068.75,nvapi_measured
2026-10-06T00:38:34Z,45,60.0,,199.4,2040,9251,54,1068.75,1024 (0x400),,,,,1068.75,nvapi_measured
2026-10-06T00:38:35Z,45,60.0,,194.3,2040,9251,58,1068.75,1024 (0x400),,,,,1068.75,nvapi_measured
2026-10-06T00:38:36Z,44,59.0,,193.3,2040,9251,48,1068.75,1024 (0x400),,,,,1068.75,nvapi_measured
2026-10-06T00:38:37Z,44,59.0,,189.9,2040,9251,57,1068.75,1024 (0x400),,,,,1068.75,nvapi_measured
2026-10-06T00:38:38Z,44,59.0,,197.2,2040,9251,54,1068.75,1024 (0x400),,,,,1068.75,nvapi_measured
2026-10-06T00:38:39Z,44,59.0,,188.7,2040,9251,46,1068.75,1024 (0x400),,,,,1068.75,nvapi_measured
2026-10-06T00:38:40Z,44,59.0,,191.9,2040,9251,51,1068.75,1024 (0x400),,,,,1068.75,nvapi_measured
2026-10-06T00:38:41Z,44,59.0,,191.9,2040,9251,56,1068.75,1024 (0x400),,,,,1068.75,nvapi_measured
2026-10-06T00:38:43Z,44,59.0,,191.4,2040,9251,50,1068.75,1024 (0x400),,,,,1068.75,nvapi_measured
2026-10-06T00:38:44Z,44,59.0,,186.5,2040,9251,50,1068.75,1024 (0x400),,,,,1068.75,nvapi_measured
2026-10-06T00:38:45Z,44,59.0,,186.4,2040,9251,50,1068.75,1024 (0x400),,,,,1068.75,nvapi_measured
2026-10-06T00:38:46Z,43,58.0,,187.3,2040,9251,46,1068.75,1024 (0x400),,,,,1068.75,nvapi_measured
2026-10-06T00:38:47Z,44,59.0,,182.2,2040,9251,55,1068.75,1024 (0x400),,,,,1068.75,nvapi_measured
2026-10-06T00:38:48Z,43,58.0,,189.7,2040,9251,55,1068.75,1024 (0x400),,,,,1068.75,nvapi_measured
2026-10-06T00:38:49Z,43,58.0,,187.3,2040,9251,54,1068.75,1024 (0x400),,,,,1068.75,nvapi_measured
2026-10-06T00:38:50Z,43,58.0,,183.8,2040,9251,44,1068.75,1024 (0x400),,,,,1068.75,nvapi_measured
2026-10-06T00:38:51Z,43,58.0,,186.6,2040,9251,48,1068.75,1024 (0x400),,,,,1068.75,nvapi_measured
2026-10-06T00:38:52Z,43,58.0,,183.2,2040,9251,49,1068.75,1024 (0x400),,,,,1068.75,nvapi_measured
2026-10-06T00:38:53Z,43,58.0,,188.0,2040,9251,49,1068.75,1024 (0x400),,,,,1068.75,nvapi_measured
2026-10-06T00:38:55Z,43,58.0,,182.9,2040,9251,49,1068.75,1024 (0x400),,,,,1068.75,nvapi_measured
2026-10-06T00:38:56Z,43,58.0,,184.8,2040,9251,44,1068.75,1024 (0x400),,,,,1068.75,nvapi_measured
2026-10-06T00:38:57Z,43,58.0,,175.6,2040,9251,47,1068.75,1024 (0x400),,,,,1068.75,nvapi_measured
2026-10-06T00:38:58Z,44,59.0,,184.0,2040,9251,55,1068.75,1024 (0x400),,,,,1068.75,nvapi_measured
2026-10-06T00:38:59Z,43,58.0,,185.1,2040,9251,45,1068.75,1024 (0x400),,,,,1068.75,nvapi_measured
2026-10-06T00:39:00Z,43,58.0,,180.1,2040,9251,47,1068.75,1024 (0x400),,,,,1068.75,nvapi_measured
2026-10-06T00:39:01Z,44,59.0,,189.2,2040,9251,55,1068.75,1024 (0x400),,,,,1068.75,nvapi_measured
2026-10-06T00:39:02Z,43,58.0,,189.2,2040,9251,55,1068.75,1024 (0x400),,,,,1068.75,nvapi_measured
2026-10-06T00:39:03Z,44,59.0,,187.4,2040,9251,50,1068.75,1024 (0x400),,,,,1068.75,nvapi_measured
2026-10-06T00:39:04Z,43,58.0,,187.4,2040,9251,50,1068.75,1024 (0x400),,,,,1068.75,nvapi_measured
2026-10-06T00:39:05Z,43,58.0,,182.3,2040,9251,52,1068.75,1024 (0x400),,,,,1068.75,nvapi_measured
2026-10-06T00:39:06Z,43,58.0,,187.1,2040,9251,44,1068.75,1024 (0x400),,,,,1068.75,nvapi_measured
2026-10-06T00:39:08Z,43,58.0,,187.1,2040,9251,44,1068.75,1024 (0x400),,,,,1068.75,nvapi_measured
2026-10-06T00:39:09Z,44,59.0,,189.9,2040,9251,53,1068.75,1024 (0x400),,,,,1068.75,nvapi_measured
2026-10-06T00:39:10Z,43,58.0,,182.5,2040,9251,44,1068.75,1024 (0x400),,,,,1068.75,nvapi_measured
2026-10-06T00:39:11Z,43,58.0,,181.3,2040,9251,49,1068.75,1024 (0x400),,,,,1068.75,nvapi_measured
2026-10-06T00:39:12Z,43,58.0,,186.3,2040,9251,49,1068.75,1024 (0x400),,,,,1068.75,nvapi_measured
2026-10-06T00:39:13Z,43,58.0,,184.2,2040,9251,49,1068.75,1024 (0x400),,,,,1068.75,nvapi_measured
2026-10-06T00:39:14Z,43,58.0,,187.4,2040,9251,49,1068.75,1024 (0x400),,,,,1068.75,nvapi_measured
2026-10-06T00:39:15Z,43,58.0,,186.8,2040,9251,49,1068.75,1024 (0x400),,,,,1068.75,nvapi_measured
2026-10-06T00:39:16Z,43,58.0,,182.0,2040,9251,49,1068.75,1024 (0x400),,,,,1068.75,nvapi_measured
2026-10-06T00:39:17Z,43,58.0,,184.1,2040,9251,51,1068.75,1024 (0x400),,,,,1068.75,nvapi_measured
2026-10-06T00:39:18Z,43,58.0,,186.8,2040,9251,44,1068.75,1024 (0x400),,,,,1068.75,nvapi_measured
2026-10-06T00:39:20Z,43,58.0,,176.9,2040,9251,51,1068.75,1024 (0x400),,,,,1068.75,nvapi_measured
2026-10-06T00:39:21Z,43,58.0,,190.5,2040,9251,49,1068.75,1024 (0x400),,,,,1068.75,nvapi_measured
2026-10-06T00:39:22Z,43,58.0,,187.3,2040,9251,49,1068.75,1024 (0x400),,,,,1068.75,nvapi_measured
2026-10-06T00:39:23Z,43,58.0,,184.1,2040,9251,49,1068.75,1024 (0x400),,,,,1068.75,nvapi_measured
2026-10-06T00:39:24Z,43,58.0,,186.1,2040,9251,54,1068.75,1024 (0x400),,,,,1068.75,nvapi_measured
2026-10-06T00:39:25Z,43,58.0,,187.7,2040,9251,49,1068.75,1024 (0x400),,,,,1068.75,nvapi_measured
2026-10-06T00:39:26Z,43,58.0,,180.0,2040,9251,44,1068.75,1024 (0x400),,,,,1068.75,nvapi_measured
2026-10-06T00:39:27Z,43,58.0,,184.6,2040,9251,55,1068.75,1024 (0x400),,,,,1068.75,nvapi_measured
2026-10-06T00:39:28Z,43,58.0,,184.9,2040,9251,49,1068.75,1024 (0x400),,,,,1068.75,nvapi_measured
2026-10-06T00:39:29Z,43,58.0,,184.0,2040,9251,50,1068.75,1024 (0x400),,,,,1068.75,nvapi_measured
2026-10-06T00:39:30Z,43,58.0,,185.7,2040,9251,47,1068.75,1024 (0x400),,,,,1068.75,nvapi_measured
2026-10-06T00:39:32Z,43,58.0,,183.6,2040,9251,51,1068.75,1024 (0x400),,,,,1068.75,nvapi_measured
2026-10-06T00:39:33Z,43,58.0,,184.6,2040,9251,51,1068.75,1024 (0x400),,,,,1068.75,nvapi_measured
2026-10-06T00:39:34Z,43,58.0,,182.9,2040,9251,51,1068.75,1024 (0x400),,,,,1068.75,nvapi_measured
2026-10-06T00:39:35Z,43,58.0,,188.0,2040,9251,49,1068.75,1024 (0x400),,,,,1068.75,nvapi_measured
2026-10-06T00:39:36Z,43,58.0,,184.4,2040,9251,54,1068.75,1024 (0x400),,,,,1068.75,nvapi_measured
2026-10-06T00:39:37Z,43,58.0,,183.2,2040,9251,44,1068.75,1024 (0x400),,,,,1068.75,nvapi_measured
2026-10-06T00:39:38Z,43,58.0,,180.7,2040,9251,54,1068.75,1024 (0x400),,,,,1068.75,nvapi_measured
2026-10-06T00:39:39Z,43,58.0,,182.0,2040,9251,45,1068.75,1024 (0x400),,,,,1068.75,nvapi_measured
2026-10-06T00:39:40Z,43,58.0,,188.1,2040,9251,49,1068.75,1024 (0x400),,,,,1068.75,nvapi_measured
2026-10-06T00:39:41Z,43,58.0,,183.2,2040,9251,52,1068.75,1024 (0x400),,,,,1068.75,nvapi_measured
2026-10-06T00:39:42Z,43,58.0,,187.3,2040,9251,52,1068.75,1024 (0x400),,,,,1068.75,nvapi_measured
2026-10-06T00:39:43Z,43,58.0,,186.4,2040,9251,51,1068.75,1024 (0x400),,,,,1068.75,nvapi_measured
2026-10-06T00:39:45Z,43,58.0,,185.8,2040,9251,51,1068.75,1024 (0x400),,,,,1068.75,nvapi_measured
2026-10-06T00:39:46Z,43,58.0,,188.2,2040,9251,50,1068.75,1024 (0x400),,,,,1068.75,nvapi_measured
2026-10-06T00:39:47Z,43,58.0,,180.9,2040,9251,48,1068.75,1024 (0x400),,,,,1068.75,nvapi_measured
2026-10-06T00:39:48Z,43,58.0,,182.3,2040,9251,45,1068.75,1024 (0x400),,,,,1068.75,nvapi_measured
2026-10-06T00:39:49Z,43,58.0,,182.8,2040,9251,46,1068.75,1024 (0x400),,,,,1068.75,nvapi_measured
2026-10-06T00:39:50Z,43,58.0,,181.8,2040,9251,44,1068.75,1024 (0x400),,,,,1068.75,nvapi_measured
2026-10-06T00:39:51Z,43,58.0,,179.5,2040,9251,55,1068.75,1024 (0x400),,,,,1068.75,nvapi_measured
2026-10-06T00:39:52Z,43,58.0,,189.2,2040,9251,52,1068.75,1024 (0x400),,,,,1068.75,nvapi_measured
2026-10-06T00:39:53Z,43,58.0,,188.8,2040,9251,49,1068.75,1024 (0x400),,,,,1068.75,nvapi_measured
2026-10-06T00:39:54Z,43,58.0,,184.7,2040,9251,49,1068.75,1024 (0x400),,,,,1068.75,nvapi_measured
2026-10-06T00:39:55Z,43,58.0,,191.0,2040,9251,51,1068.75,1024 (0x400),,,,,1068.75,nvapi_measured
2026-10-06T00:39:57Z,43,58.0,,188.8,2040,9251,49,1068.75,1024 (0x400),,,,,1068.75,nvapi_measured
2026-10-06T00:39:58Z,43,58.0,,190.4,2040,9251,48,1068.75,1024 (0x400),,,,,1068.75,nvapi_measured
2026-10-06T00:39:59Z,43,58.0,,189.9,2040,9251,54,1068.75,1024 (0x400),,,,,1068.75,nvapi_measured
2026-10-06T00:40:00Z,43,58.0,,186.9,2040,9251,46,1068.75,1024 (0x400),,,,,1068.75,nvapi_measured
2026-10-06T00:40:01Z,43,58.0,,186.0,2040,9251,54,1068.75,1024 (0x400),,,,,1068.75,nvapi_measured
2026-10-06T00:40:02Z,43,58.0,,186.0,2040,9251,48,1068.75,1024 (0x400),,,,,1068.75,nvapi_measured
2026-10-06T00:40:03Z,43,58.0,,183.3,2040,9251,54,1068.75,1024 (0x400),,,,,1068.75,nvapi_measured
2026-10-06T00:40:04Z,43,58.0,,186.2,2040,9251,48,1068.75,1024 (0x400),,,,,1068.75,nvapi_measured
2026-10-06T00:40:05Z,43,58.0,,182.2,2040,9251,51,1068.75,1024 (0x400),,,,,1068.75,nvapi_measured
2026-10-06T00:40:06Z,43,58.0,,185.5,2040,9251,48,1068.75,1024 (0x400),,,,,1068.75,nvapi_measured
2026-10-06T00:40:07Z,43,58.0,,185.4,2040,9251,44,1068.75,1024 (0x400),,,,,1068.75,nvapi_measured
2026-10-06T00:40:09Z,43,58.0,,176.7,2040,9251,50,1068.75,1024 (0x400),,,,,1068.75,nvapi_measured
2026-10-06T00:40:10Z,42,57.0,,177.3,2040,9251,48,1068.75,1024 (0x400),,,,,1068.75,nvapi_measured
2026-10-06T00:40:11Z,42,57.0,,176.8,2040,9251,45,1068.75,1024 (0x400),,,,,1068.75,nvapi_measured
2026-10-06T00:40:12Z,43,58.0,,181.6,2040,9251,49,1068.75,1024 (0x400),,,,,1068.75,nvapi_measured
2026-10-06T00:40:13Z,43,58.0,,188.0,2040,9251,55,1068.75,1024 (0x400),,,,,1068.75,nvapi_measured
2026-10-06T00:40:14Z,43,58.0,,190.1,2040,9251,54,1068.75,1024 (0x400),,,,,1068.75,nvapi_measured
2026-10-06T00:40:15Z,43,58.0,,188.1,2040,9251,49,1068.75,1024 (0x400),,,,,1068.75,nvapi_measured
2026-10-06T00:40:16Z,43,58.0,,187.3,2040,9251,51,1068.75,1024 (0x400),,,,,1068.75,nvapi_measured
2026-10-06T00:40:17Z,42,57.0,,178.1,2040,9251,49,1068.75,1024 (0x400),,,,,1068.75,nvapi_measured
2026-10-06T00:40:18Z,43,58.0,,187.6,2040,9251,50,1068.75,1024 (0x400),,,,,1068.75,nvapi_measured
2026-10-06T00:40:19Z,43,58.0,,188.7,2040,9251,49,1068.75,1024 (0x400),,,,,1068.75,nvapi_measured
2026-10-06T00:40:21Z,43,58.0,,183.3,2040,9251,50,1068.75,1024 (0x400),,,,,1068.75,nvapi_measured
2026-10-06T00:40:22Z,43,58.0,,186.0,2040,9251,50,1068.75,1024 (0x400),,,,,1068.75,nvapi_measured
2026-10-06T00:40:23Z,43,58.0,,184.1,2040,9251,49,1068.75,1024 (0x400),,,,,1068.75,nvapi_measured
2026-10-06T00:40:24Z,43,58.0,,182.2,2040,9251,49,1068.75,1024 (0x400),,,,,1068.75,nvapi_measured
2026-10-06T00:40:25Z,43,58.0,,188.2,2040,9251,54,1068.75,1024 (0x400),,,,,1068.75,nvapi_measured
2026-10-06T00:40:26Z,43,58.0,,187.8,2040,9251,53,1068.75,1024 (0x400),,,,,1068.75,nvapi_measured
2026-10-06T00:40:27Z,43,58.0,,187.1,2040,9251,44,1068.75,1024 (0x400),,,,,1068.75,nvapi_measured
2026-10-06T00:40:28Z,43,58.0,,182.1,2040,9251,49,1068.75,1024 (0x400),,,,,1068.75,nvapi_measured
2026-10-06T00:40:29Z,42,57.0,,176.9,2040,9251,48,1068.75,1024 (0x400),,,,,1068.75,nvapi_measured
2026-10-06T00:40:30Z,42,57.0,,185.5,2040,9251,45,1068.75,1024 (0x400),,,,,1068.75,nvapi_measured
2026-10-06T00:40:34Z,36,51.0,,66.3,330,5001,0,737.5,1 (Idle),,,,,737.5,nvapi_measured
2026-10-06T00:40:35Z,37,52.0,,60.9,1710,9251,0,818.75,0,,,,,818.75,nvapi_measured
2026-10-06T00:40:36Z,37,52.0,,95.8,1710,9251,2,818.75,0,,,,,818.75,nvapi_measured
2026-10-06T00:40:37Z,37,52.0,,108.2,1710,9251,6,818.75,0,,,,,818.75,nvapi_measured
2026-10-06T00:40:38Z,38,53.0,,117.3,1710,9251,0,1075.0,0,,,,,1075.0,nvapi_measured
2026-10-06T00:40:39Z,40,55.0,,165.8,1830,9251,25,1075.0,1540 (PwrCap),,,,,1075.0,nvapi_measured
2026-10-06T00:40:40Z,40,55.0,,160.2,1710,9251,0,818.75,0,,,,,818.75,nvapi_measured
2026-10-06T00:40:41Z,36,51.0,,79.0,1140,5001,0,731.25,1 (Idle),,,,,731.25,nvapi_measured
2026-10-06T00:40:43Z,36,51.0,,60.7,795,5001,7,731.25,1 (Idle),,,,,731.25,nvapi_measured
2026-10-06T00:40:44Z,35,50.0,,54.7,525,5001,0,731.25,1 (Idle),,,,,731.25,nvapi_measured
2026-10-06T00:40:45Z,34,49.0,,51.5,405,810,33,731.25,1 (Idle),,,,,731.25,nvapi_measured
2026-10-06T00:40:46Z,46,61.0,,152.8,1800,9251,92,881.25,4 (PwrCap),,,,,881.25,nvapi_measured
2026-10-06T00:40:47Z,49,64.0,,316.6,1875,9251,88,837.5,4 (PwrCap),,,,,837.5,nvapi_measured
2026-10-06T00:40:48Z,50,65.0,,315.9,1890,9251,81,893.75,4 (PwrCap),,,,,893.75,nvapi_measured
2026-10-06T00:40:49Z,51,66.0,,318.2,1815,9251,85,850.0,4 (PwrCap),,,,,850.0,nvapi_measured
2026-10-06T00:40:50Z,50,65.0,,319.1,1740,9251,84,843.75,4 (PwrCap),,,,,843.75,nvapi_measured
2026-10-06T00:40:51Z,50,65.0,,318.8,1770,9251,86,881.25,4 (PwrCap),,,,,881.25,nvapi_measured
2026-10-06T00:40:52Z,51,66.0,,317.6,1890,9251,78,893.75,4 (PwrCap),,,,,893.75,nvapi_measured
2026-10-06T00:40:53Z,51,66.0,,317.7,1890,9251,75,912.5,4 (PwrCap),,,,,912.5,nvapi_measured
2026-10-06T00:40:54Z,50,65.0,,317.2,1890,9251,75,893.75,4 (PwrCap),,,,,893.75,nvapi_measured
2026-10-06T00:40:56Z,50,65.0,,317.4,1890,9251,75,912.5,4 (PwrCap),,,,,912.5,nvapi_measured
2026-10-06T00:40:57Z,51,66.0,,319.1,1890,9251,78,912.5,4 (PwrCap),,,,,912.5,nvapi_measured
2026-10-06T00:40:58Z,50,65.0,,318.6,1890,9251,75,912.5,4 (PwrCap),,,,,912.5,nvapi_measured
2026-10-06T00:40:59Z,51,66.0,,318.8,1860,9251,79,912.5,4 (PwrCap),,,,,912.5,nvapi_measured
2026-10-06T00:41:00Z,51,66.0,,317.0,1890,9251,74,912.5,4 (PwrCap),,,,,912.5,nvapi_measured
2026-10-06T00:41:01Z,50,65.0,,317.1,1890,9251,75,912.5,4 (PwrCap),,,,,912.5,nvapi_measured
2026-10-06T00:41:02Z,51,66.0,,317.9,1890,9251,76,912.5,4 (PwrCap),,,,,912.5,nvapi_measured
2026-10-06T00:41:03Z,51,66.0,,318.1,1890,9251,76,912.5,4 (PwrCap),,,,,912.5,nvapi_measured
2026-10-06T00:41:04Z,51,66.0,,317.1,1890,9251,72,893.75,4 (PwrCap),,,,,893.75,nvapi_measured
2026-10-06T00:41:05Z,51,66.0,,317.8,1890,9251,75,893.75,4 (PwrCap),,,,,893.75,nvapi_measured
2026-10-06T00:41:06Z,51,66.0,,318.6,1890,9251,75,912.5,4 (PwrCap),,,,,912.5,nvapi_measured
2026-10-06T00:41:07Z,51,66.0,,318.3,1890,9251,74,912.5,4 (PwrCap),,,,,912.5,nvapi_measured
2026-10-06T00:41:08Z,51,66.0,,318.4,1890,9251,76,912.5,4 (PwrCap),,,,,912.5,nvapi_measured
2026-10-06T00:41:10Z,51,66.0,,318.9,1890,9251,77,912.5,4 (PwrCap),,,,,912.5,nvapi_measured
2026-10-06T00:41:11Z,51,66.0,,316.8,1890,9251,74,912.5,4 (PwrCap),,,,,912.5,nvapi_measured
2026-10-06T00:41:12Z,51,66.0,,317.7,1875,9251,77,912.5,4 (PwrCap),,,,,912.5,nvapi_measured
2026-10-06T00:41:13Z,52,67.0,,318.9,1890,9251,77,893.75,4 (PwrCap),,,,,893.75,nvapi_measured
2026-10-06T00:41:14Z,51,66.0,,318.9,1890,9251,73,912.5,4 (PwrCap),,,,,912.5,nvapi_measured
2026-10-06T00:41:15Z,51,66.0,,316.7,1890,9251,75,912.5,4 (PwrCap),,,,,912.5,nvapi_measured
2026-10-06T00:41:16Z,52,67.0,,318.5,1890,9251,77,893.75,4 (PwrCap),,,,,893.75,nvapi_measured
2026-10-06T00:41:17Z,52,67.0,,317.9,1860,9251,79,912.5,4 (PwrCap),,,,,912.5,nvapi_measured
2026-10-06T00:41:18Z,51,66.0,,317.8,1875,9251,73,912.5,4 (PwrCap),,,,,912.5,nvapi_measured
2026-10-06T00:41:19Z,51,66.0,,317.7,1890,9251,75,912.5,4 (PwrCap),,,,,912.5,nvapi_measured
2026-10-06T00:41:20Z,51,66.0,,317.2,1875,9251,75,912.5,4 (PwrCap),,,,,912.5,nvapi_measured
2026-10-06T00:41:21Z,52,67.0,,318.4,1890,9251,76,893.75,4 (PwrCap),,,,,893.75,nvapi_measured
2026-10-06T00:41:23Z,51,66.0,,316.9,1890,9251,75,887.5,4 (PwrCap),,,,,887.5,nvapi_measured
2026-10-06T00:41:24Z,52,67.0,,318.0,1890,9251,74,912.5,4 (PwrCap),,,,,912.5,nvapi_measured
2026-10-06T00:41:25Z,52,67.0,,318.4,1890,9251,77,893.75,4 (PwrCap),,,,,893.75,nvapi_measured
2026-10-06T00:41:26Z,52,67.0,,318.7,1875,9251,78,912.5,4 (PwrCap),,,,,912.5,nvapi_measured
2026-10-06T00:41:27Z,52,67.0,,318.2,1875,9251,75,912.5,4 (PwrCap),,,,,912.5,nvapi_measured
2026-10-06T00:41:28Z,52,67.0,,317.1,1890,9251,76,893.75,4 (PwrCap),,,,,893.75,nvapi_measured
2026-10-06T00:41:29Z,52,67.0,,318.0,1890,9251,75,912.5,4 (PwrCap),,,,,912.5,nvapi_measured
2026-10-06T00:41:30Z,52,67.0,,318.3,1875,9251,76,893.75,4 (PwrCap),,,,,893.75,nvapi_measured
2026-10-06T00:41:31Z,52,67.0,,318.6,1890,9251,74,912.5,4 (PwrCap),,,,,912.5,nvapi_measured
2026-10-06T00:41:32Z,52,67.0,,318.1,1890,9251,77,893.75,4 (PwrCap),,,,,893.75,nvapi_measured
2026-10-06T00:41:33Z,52,67.0,,318.5,1875,9251,75,893.75,4 (PwrCap),,,,,893.75,nvapi_measured
2026-10-06T00:41:34Z,52,67.0,,317.7,1875,9251,76,893.75,4 (PwrCap),,,,,893.75,nvapi_measured
2026-10-06T00:41:36Z,52,67.0,,318.0,1890,9251,75,893.75,4 (PwrCap),,,,,893.75,nvapi_measured
2026-10-06T00:41:37Z,52,67.0,,317.9,1890,9251,75,912.5,4 (PwrCap),,,,,912.5,nvapi_measured
2026-10-06T00:41:38Z,52,67.0,,318.7,1890,9251,78,893.75,4 (PwrCap),,,,,893.75,nvapi_measured
2026-10-06T00:41:39Z,52,67.0,,318.5,1890,9251,75,912.5,4 (PwrCap),,,,,912.5,nvapi_measured
2026-10-06T00:41:40Z,52,67.0,,317.9,1875,9251,75,912.5,4 (PwrCap),,,,,912.5,nvapi_measured
2026-10-06T00:41:41Z,52,67.0,,317.8,1890,9251,74,912.5,4 (PwrCap),,,,,912.5,nvapi_measured
2026-10-06T00:41:42Z,52,67.0,,318.5,1890,9251,74,912.5,4 (PwrCap),,,,,912.5,nvapi_measured
2026-10-06T00:41:43Z,52,67.0,,317.2,1890,9251,76,887.5,4 (PwrCap),,,,,887.5,nvapi_measured
2026-10-06T00:41:44Z,52,67.0,,318.5,1890,9251,77,912.5,4 (PwrCap),,,,,912.5,nvapi_measured
2026-10-06T00:41:45Z,52,67.0,,317.9,1890,9251,75,912.5,4 (PwrCap),,,,,912.5,nvapi_measured
2026-10-06T00:41:46Z,52,67.0,,318.6,1875,9251,77,893.75,4 (PwrCap),,,,,893.75,nvapi_measured
2026-10-06T00:41:47Z,52,67.0,,317.8,1890,9251,75,893.75,4 (PwrCap),,,,,893.75,nvapi_measured
2026-10-06T00:41:49Z,52,67.0,,318.5,1890,9251,75,912.5,4 (PwrCap),,,,,912.5,nvapi_measured
2026-10-06T00:41:50Z,52,67.0,,317.5,1890,9251,74,912.5,4 (PwrCap),,,,,912.5,nvapi_measured
2026-10-06T00:41:51Z,52,67.0,,317.5,1890,9251,73,912.5,4 (PwrCap),,,,,912.5,nvapi_measured
2026-10-06T00:41:52Z,52,67.0,,318.1,1890,9251,77,912.5,4 (PwrCap),,,,,912.5,nvapi_measured
2026-10-06T00:41:53Z,52,67.0,,319.1,1890,9251,75,912.5,4 (PwrCap),,,,,912.5,nvapi_measured
2026-10-06T00:41:54Z,52,67.0,,317.5,1890,9251,73,912.5,4 (PwrCap),,,,,912.5,nvapi_measured
2026-10-06T00:41:55Z,52,67.0,,317.6,1890,9251,77,912.5,4 (PwrCap),,,,,912.5,nvapi_measured
2026-10-06T00:41:56Z,52,67.0,,319.3,1890,9251,74,912.5,4 (PwrCap),,,,,912.5,nvapi_measured
2026-10-06T00:41:57Z,52,67.0,,317.2,1890,9251,75,893.75,4 (PwrCap),,,,,893.75,nvapi_measured
2026-10-06T00:41:58Z,52,67.0,,318.4,1905,9251,74,893.75,4 (PwrCap),,,,,893.75,nvapi_measured
2026-10-06T00:41:59Z,52,67.0,,317.5,1890,9251,77,912.5,4 (PwrCap),,,,,912.5,nvapi_measured
2026-10-06T00:42:00Z,52,67.0,,318.3,1875,9251,76,893.75,4 (PwrCap),,,,,893.75,nvapi_measured
2026-10-06T00:42:02Z,52,67.0,,318.0,1890,9251,75,912.5,4 (PwrCap),,,,,912.5,nvapi_measured
2026-10-06T00:42:03Z,52,67.0,,318.3,1890,9251,75,893.75,4 (PwrCap),,,,,893.75,nvapi_measured
2026-10-06T00:42:04Z,52,67.0,,317.4,1890,9251,77,912.5,4 (PwrCap),,,,,912.5,nvapi_measured
2026-10-06T00:42:05Z,52,67.0,,318.9,1875,9251,77,893.75,4 (PwrCap),,,,,893.75,nvapi_measured
2026-10-06T00:42:06Z,52,67.0,,317.9,1875,9251,76,893.75,4 (PwrCap),,,,,893.75,nvapi_measured
2026-10-06T00:42:07Z,52,67.0,,318.8,1875,9251,76,912.5,4 (PwrCap),,,,,912.5,nvapi_measured
2026-10-06T00:42:08Z,52,67.0,,318.1,1890,9251,75,912.5,4 (PwrCap),,,,,912.5,nvapi_measured
2026-10-06T00:42:09Z,52,67.0,,318.9,1890,9251,77,893.75,4 (PwrCap),,,,,893.75,nvapi_measured
2026-10-06T00:42:10Z,52,67.0,,318.6,1875,9251,74,912.5,4 (PwrCap),,,,,912.5,nvapi_measured
2026-10-06T00:42:11Z,52,67.0,,317.9,1920,9251,76,887.5,4 (PwrCap),,,,,887.5,nvapi_measured
2026-10-06T00:42:12Z,52,67.0,,315.7,1875,9251,75,912.5,4 (PwrCap),,,,,912.5,nvapi_measured
2026-10-06T00:42:13Z,52,67.0,,315.9,1875,9251,78,912.5,4 (PwrCap),,,,,912.5,nvapi_measured
2026-10-06T00:42:15Z,52,67.0,,317.9,1860,9251,78,893.75,4 (PwrCap),,,,,893.75,nvapi_measured
2026-10-06T00:42:16Z,52,67.0,,318.4,1875,9251,74,912.5,4 (PwrCap),,,,,912.5,nvapi_measured
2026-10-06T00:42:17Z,52,67.0,,317.2,1890,9251,79,912.5,4 (PwrCap),,,,,912.5,nvapi_measured
2026-10-06T00:42:18Z,52,67.0,,315.9,1875,9251,78,912.5,4 (PwrCap),,,,,912.5,nvapi_measured
2026-10-06T00:42:19Z,52,67.0,,318.6,1875,9251,76,912.5,4 (PwrCap),,,,,912.5,nvapi_measured
2026-10-06T00:42:20Z,52,67.0,,318.5,1890,9251,79,893.75,4 (PwrCap),,,,,893.75,nvapi_measured
2026-10-06T00:42:21Z,52,67.0,,317.7,1890,9251,76,912.5,4 (PwrCap),,,,,912.5,nvapi_measured
2026-10-06T00:42:22Z,52,67.0,,313.8,1890,9251,77,887.5,4 (PwrCap),,,,,887.5,nvapi_measured
2026-10-06T00:42:23Z,52,67.0,,318.2,1875,9251,76,912.5,4 (PwrCap),,,,,912.5,nvapi_measured
2026-10-06T00:42:24Z,52,67.0,,318.1,1875,9251,78,893.75,4 (PwrCap),,,,,893.75,nvapi_measured
2026-10-06T00:42:25Z,52,67.0,,317.7,1890,9251,78,893.75,4 (PwrCap),,,,,893.75,nvapi_measured
2026-10-06T00:42:26Z,52,67.0,,316.4,1890,9251,78,887.5,4 (PwrCap),,,,,887.5,nvapi_measured
2026-10-06T00:42:28Z,52,67.0,,315.5,1890,9251,76,912.5,4 (PwrCap),,,,,912.5,nvapi_measured
2026-10-06T00:42:29Z,52,67.0,,317.5,1815,9251,77,912.5,4 (PwrCap),,,,,912.5,nvapi_measured
2026-10-06T00:42:30Z,52,67.0,,316.1,1845,9251,79,912.5,4 (PwrCap),,,,,912.5,nvapi_measured
2026-10-06T00:42:31Z,53,68.0,,317.6,1845,9251,76,912.5,4 (PwrCap),,,,,912.5,nvapi_measured
2026-10-06T00:42:32Z,53,68.0,,317.1,1860,9251,76,912.5,4 (PwrCap),,,,,912.5,nvapi_measured
2026-10-06T00:42:33Z,52,67.0,,316.7,1860,9251,78,912.5,4 (PwrCap),,,,,912.5,nvapi_measured
2026-10-06T00:42:34Z,53,68.0,,317.8,1845,9251,76,887.5,4 (PwrCap),,,,,887.5,nvapi_measured
2026-10-06T00:42:35Z,53,68.0,,317.4,1875,9251,78,893.75,4 (PwrCap),,,,,893.75,nvapi_measured
2026-10-06T00:42:36Z,53,68.0,,317.7,1875,9251,80,912.5,4 (PwrCap),,,,,912.5,nvapi_measured
2026-10-06T00:42:37Z,53,68.0,,318.8,1875,9251,78,887.5,4 (PwrCap),,,,,887.5,nvapi_measured
2026-10-06T00:42:38Z,52,67.0,,317.0,1845,9251,74,893.75,4 (PwrCap),,,,,893.75,nvapi_measured
2026-10-06T00:42:39Z,52,67.0,,317.8,1860,9251,80,893.75,4 (PwrCap),,,,,893.75,nvapi_measured
2026-10-06T00:42:41Z,53,68.0,,317.8,1875,9251,78,912.5,4 (PwrCap),,,,,912.5,nvapi_measured
2026-10-06T00:42:42Z,53,68.0,,318.7,1845,9251,76,887.5,4 (PwrCap),,,,,887.5,nvapi_measured
2026-10-06T00:42:43Z,53,68.0,,316.0,1860,9251,77,887.5,4 (PwrCap),,,,,887.5,nvapi_measured
2026-10-06T00:42:44Z,53,68.0,,317.4,1875,9251,78,893.75,4 (PwrCap),,,,,893.75,nvapi_measured
2026-10-06T00:42:45Z,53,68.0,,316.9,1890,9251,78,893.75,4 (PwrCap),,,,,893.75,nvapi_measured
2026-10-06T00:42:46Z,52,67.0,,317.6,1890,9251,79,887.5,4 (PwrCap),,,,,887.5,nvapi_measured
2026-10-06T00:42:47Z,52,67.0,,316.5,1875,9251,76,881.25,4 (PwrCap),,,,,881.25,nvapi_measured
2026-10-06T00:42:48Z,53,68.0,,316.7,1890,9251,75,912.5,4 (PwrCap),,,,,912.5,nvapi_measured
2026-10-06T00:42:49Z,53,68.0,,317.1,1890,9251,77,893.75,4 (PwrCap),,,,,893.75,nvapi_measured
2026-10-06T00:42:50Z,53,68.0,,319.1,1875,9251,75,893.75,4 (PwrCap),,,,,893.75,nvapi_measured
2026-10-06T00:42:51Z,53,68.0,,319.2,1890,9251,75,912.5,4 (PwrCap),,,,,912.5,nvapi_measured
2026-10-06T00:42:52Z,53,68.0,,318.0,1890,9251,76,893.75,4 (PwrCap),,,,,893.75,nvapi_measured
2026-10-06T00:42:54Z,45,60.0,,274.5,2025,9501,0,1075.0,1028 (PwrCap),,,,,1075.0,nvapi_measured
2026-10-06T00:42:55Z,45,60.0,,112.3,2040,9251,55,1075.0,1536 (0x600),,,,,1075.0,nvapi_measured
2026-10-06T00:42:56Z,50,65.0,,258.0,2025,9251,93,1075.0,1536 (0x600),,,,,1075.0,nvapi_measured
2026-10-06T00:42:57Z,50,65.0,,249.2,2025,9251,87,1075.0,1536 (0x600),,,,,1075.0,nvapi_measured
2026-10-06T00:42:58Z,50,65.0,,245.0,2025,9251,85,1075.0,1536 (0x600),,,,,1075.0,nvapi_measured
2026-10-06T00:42:59Z,50,65.0,,244.9,2025,9251,87,1075.0,1536 (0x600),,,,,1075.0,nvapi_measured
2026-10-06T00:43:00Z,50,65.0,,244.0,2025,9251,86,1075.0,1536 (0x600),,,,,1075.0,nvapi_measured
2026-10-06T00:43:01Z,50,65.0,,243.2,2025,9251,82,1075.0,1536 (0x600),,,,,1075.0,nvapi_measured
2026-10-06T00:43:02Z,50,65.0,,242.6,2025,9251,88,1075.0,1536 (0x600),,,,,1075.0,nvapi_measured
2026-10-06T00:43:03Z,50,65.0,,242.2,2025,9251,79,1075.0,1536 (0x600),,,,,1075.0,nvapi_measured
2026-10-06T00:43:04Z,50,65.0,,246.3,2025,9251,85,1075.0,1536 (0x600),,,,,1075.0,nvapi_measured
2026-10-06T00:43:05Z,50,65.0,,244.3,2025,9251,85,1075.0,1536 (0x600),,,,,1075.0,nvapi_measured
2026-10-06T00:43:07Z,50,65.0,,244.3,2025,9251,85,1075.0,1536 (0x600),,,,,1075.0,nvapi_measured
2026-10-06T00:43:08Z,50,65.0,,244.3,2025,9251,85,1075.0,1536 (0x600),,,,,1075.0,nvapi_measured
2026-10-06T00:43:09Z,50,65.0,,246.8,2025,9251,88,1075.0,1536 (0x600),,,,,1075.0,nvapi_measured
2026-10-06T00:43:10Z,50,65.0,,242.5,2025,9251,87,1075.0,1536 (0x600),,,,,1075.0,nvapi_measured
2026-10-06T00:43:11Z,50,65.0,,243.3,2025,9251,87,1075.0,1536 (0x600),,,,,1075.0,nvapi_measured
2026-10-06T00:43:12Z,50,65.0,,244.4,2025,9251,87,1075.0,1536 (0x600),,,,,1075.0,nvapi_measured
2026-10-06T00:43:13Z,50,65.0,,243.8,2025,9251,86,1075.0,1536 (0x600),,,,,1075.0,nvapi_measured
2026-10-06T00:43:14Z,50,65.0,,246.4,2025,9251,85,1075.0,1536 (0x600),,,,,1075.0,nvapi_measured
2026-10-06T00:43:15Z,50,65.0,,244.7,2025,9251,85,1075.0,1536 (0x600),,,,,1075.0,nvapi_measured
2026-10-06T00:43:16Z,50,65.0,,248.3,2025,9251,85,1075.0,1536 (0x600),,,,,1075.0,nvapi_measured
2026-10-06T00:43:17Z,50,65.0,,244.4,2025,9251,85,1075.0,1536 (0x600),,,,,1075.0,nvapi_measured
2026-10-06T00:43:19Z,49,64.0,,244.0,2025,9251,79,1075.0,1536 (0x600),,,,,1075.0,nvapi_measured
2026-10-06T00:43:20Z,49,64.0,,236.7,2025,9251,81,1075.0,1536 (0x600),,,,,1075.0,nvapi_measured
2026-10-06T00:43:21Z,49,64.0,,236.8,2025,9251,85,1075.0,1536 (0x600),,,,,1075.0,nvapi_measured
2026-10-06T00:43:22Z,50,65.0,,247.3,2025,9251,87,1075.0,1536 (0x600),,,,,1075.0,nvapi_measured
2026-10-06T00:43:23Z,50,65.0,,244.7,2025,9251,85,1075.0,1536 (0x600),,,,,1075.0,nvapi_measured
2026-10-06T00:43:24Z,50,65.0,,244.1,2025,9251,85,1075.0,1536 (0x600),,,,,1075.0,nvapi_measured
2026-10-06T00:43:25Z,50,65.0,,243.8,2025,9251,85,1075.0,1536 (0x600),,,,,1075.0,nvapi_measured
2026-10-06T00:43:26Z,50,65.0,,244.2,2025,9251,85,1075.0,1536 (0x600),,,,,1075.0,nvapi_measured
2026-10-06T00:43:27Z,50,65.0,,246.8,2025,9251,81,1075.0,1536 (0x600),,,,,1075.0,nvapi_measured
2026-10-06T00:43:28Z,49,64.0,,235.8,2025,9251,79,1075.0,1536 (0x600),,,,,1075.0,nvapi_measured
2026-10-06T00:43:29Z,49,64.0,,238.5,2025,9251,81,1075.0,1536 (0x600),,,,,1075.0,nvapi_measured
2026-10-06T00:43:30Z,49,64.0,,236.0,2025,9251,80,1075.0,1536 (0x600),,,,,1075.0,nvapi_measured
2026-10-06T00:43:32Z,49,64.0,,240.7,2025,9251,80,1075.0,1536 (0x600),,,,,1075.0,nvapi_measured
2026-10-06T00:43:33Z,50,65.0,,240.7,2025,9251,79,1075.0,1536 (0x600),,,,,1075.0,nvapi_measured
2026-10-06T00:43:34Z,50,65.0,,243.5,2025,9251,85,1075.0,1536 (0x600),,,,,1075.0,nvapi_measured
2026-10-06T00:43:35Z,50,65.0,,244.2,2025,9251,85,1075.0,1536 (0x600),,,,,1075.0,nvapi_measured
2026-10-06T00:43:36Z,49,64.0,,246.7,2025,9251,85,1075.0,1536 (0x600),,,,,1075.0,nvapi_measured
2026-10-06T00:43:37Z,50,65.0,,245.3,2025,9251,85,1075.0,1536 (0x600),,,,,1075.0,nvapi_measured
2026-10-06T00:43:38Z,49,64.0,,242.2,2025,9251,87,1075.0,1536 (0x600),,,,,1075.0,nvapi_measured
2026-10-06T00:43:39Z,49,64.0,,242.9,2025,9251,86,1075.0,1536 (0x600),,,,,1075.0,nvapi_measured
2026-10-06T00:43:40Z,49,64.0,,241.6,2025,9251,85,1075.0,1536 (0x600),,,,,1075.0,nvapi_measured
2026-10-06T00:43:41Z,49,64.0,,243.1,2025,9251,80,1075.0,1536 (0x600),,,,,1075.0,nvapi_measured
2026-10-06T00:43:42Z,49,64.0,,241.7,2025,9251,80,1075.0,1536 (0x600),,,,,1075.0,nvapi_measured
2026-10-06T00:43:44Z,49,64.0,,242.3,2025,9251,85,1075.0,1536 (0x600),,,,,1075.0,nvapi_measured
2026-10-06T00:43:45Z,49,64.0,,243.9,2025,9251,85,1075.0,1536 (0x600),,,,,1075.0,nvapi_measured
2026-10-06T00:43:46Z,49,64.0,,244.3,2025,9251,85,1075.0,1536 (0x600),,,,,1075.0,nvapi_measured
2026-10-06T00:43:47Z,49,64.0,,244.0,2025,9251,85,1075.0,1536 (0x600),,,,,1075.0,nvapi_measured
2026-10-06T00:43:48Z,49,64.0,,240.4,2025,9251,80,1075.0,1536 (0x600),,,,,1075.0,nvapi_measured
2026-10-06T00:43:49Z,49,64.0,,239.5,2025,9251,87,1075.0,1536 (0x600),,,,,1075.0,nvapi_measured
2026-10-06T00:43:50Z,49,64.0,,243.3,2025,9251,87,1075.0,1536 (0x600),,,,,1075.0,nvapi_measured
2026-10-06T00:43:51Z,49,64.0,,243.7,2025,9251,87,1075.0,1536 (0x600),,,,,1075.0,nvapi_measured
2026-10-06T00:43:52Z,49,64.0,,242.7,2025,9251,86,1075.0,1536 (0x600),,,,,1075.0,nvapi_measured
2026-10-06T00:43:53Z,49,64.0,,244.3,2025,9251,85,1075.0,1536 (0x600),,,,,1075.0,nvapi_measured
2026-10-06T00:43:54Z,49,64.0,,246.8,2025,9251,85,1075.0,1536 (0x600),,,,,1075.0,nvapi_measured
2026-10-06T00:43:55Z,50,65.0,,244.4,2025,9251,88,1075.0,1536 (0x600),,,,,1075.0,nvapi_measured
2026-10-06T00:43:56Z,50,65.0,,248.5,2025,9251,85,1075.0,1536 (0x600),,,,,1075.0,nvapi_measured
2026-10-06T00:43:58Z,50,65.0,,243.8,2025,9251,82,1075.0,1536 (0x600),,,,,1075.0,nvapi_measured
2026-10-06T00:43:59Z,49,64.0,,236.0,2025,9251,79,1075.0,1536 (0x600),,,,,1075.0,nvapi_measured
2026-10-06T00:44:00Z,50,65.0,,246.4,2025,9251,87,1075.0,1536 (0x600),,,,,1075.0,nvapi_measured
2026-10-06T00:44:01Z,50,65.0,,246.1,2025,9251,87,1075.0,1536 (0x600),,,,,1075.0,nvapi_measured
2026-10-06T00:44:02Z,49,64.0,,243.2,2025,9251,87,1075.0,1536 (0x600),,,,,1075.0,nvapi_measured
2026-10-06T00:44:03Z,50,65.0,,247.1,2025,9251,89,1075.0,1536 (0x600),,,,,1075.0,nvapi_measured
2026-10-06T00:44:04Z,49,64.0,,246.0,2025,9251,84,1075.0,1536 (0x600),,,,,1075.0,nvapi_measured
2026-10-06T00:44:05Z,49,64.0,,243.9,2025,9251,85,1075.0,1536 (0x600),,,,,1075.0,nvapi_measured
2026-10-06T00:44:06Z,49,64.0,,244.0,2025,9251,85,1075.0,1536 (0x600),,,,,1075.0,nvapi_measured
2026-10-06T00:44:07Z,49,64.0,,243.0,2025,9251,85,1075.0,1536 (0x600),,,,,1075.0,nvapi_measured
2026-10-06T00:44:08Z,49,64.0,,244.0,2025,9251,80,1075.0,1536 (0x600),,,,,1075.0,nvapi_measured
2026-10-06T00:44:10Z,49,64.0,,240.6,2025,9251,82,1075.0,1536 (0x600),,,,,1075.0,nvapi_measured
2026-10-06T00:44:11Z,49,64.0,,238.6,2025,9251,82,1075.0,1536 (0x600),,,,,1075.0,nvapi_measured
2026-10-06T00:44:12Z,49,64.0,,236.2,2025,9251,82,1075.0,1536 (0x600),,,,,1075.0,nvapi_measured
2026-10-06T00:44:13Z,50,65.0,,246.9,2025,9251,89,1075.0,1536 (0x600),,,,,1075.0,nvapi_measured
2026-10-06T00:44:14Z,50,65.0,,249.4,2025,9251,89,1075.0,1536 (0x600),,,,,1075.0,nvapi_measured
2026-10-06T00:44:15Z,49,64.0,,247.0,2025,9251,85,1075.0,1536 (0x600),,,,,1075.0,nvapi_measured
2026-10-06T00:44:16Z,49,64.0,,244.0,2025,9251,85,1075.0,1536 (0x600),,,,,1075.0,nvapi_measured
2026-10-06T00:44:17Z,49,64.0,,244.6,2025,9251,88,1075.0,1536 (0x600),,,,,1075.0,nvapi_measured
2026-10-06T00:44:18Z,49,64.0,,242.3,2025,9251,83,1075.0,1536 (0x600),,,,,1075.0,nvapi_measured
2026-10-06T00:44:19Z,49,64.0,,240.9,2025,9251,83,1075.0,1536 (0x600),,,,,1075.0,nvapi_measured
2026-10-06T00:44:20Z,49,64.0,,242.9,2025,9251,80,1075.0,1536 (0x600),,,,,1075.0,nvapi_measured
2026-10-06T00:44:21Z,49,64.0,,238.4,2025,9251,83,1075.0,1536 (0x600),,,,,1075.0,nvapi_measured
2026-10-06T00:44:23Z,50,65.0,,241.6,2025,9251,86,1075.0,1536 (0x600),,,,,1075.0,nvapi_measured
2026-10-06T00:44:24Z,49,64.0,,244.5,2025,9251,85,1075.0,1536 (0x600),,,,,1075.0,nvapi_measured
2026-10-06T00:44:25Z,50,65.0,,246.5,2025,9251,86,1075.0,1536 (0x600),,,,,1075.0,nvapi_measured
2026-10-06T00:44:26Z,49,64.0,,243.8,2025,9251,85,1075.0,1536 (0x600),,,,,1075.0,nvapi_measured
2026-10-06T00:44:27Z,49,64.0,,244.0,2025,9251,87,1075.0,1536 (0x600),,,,,1075.0,nvapi_measured
2026-10-06T00:44:28Z,49,64.0,,241.6,2025,9251,87,1075.0,1536 (0x600),,,,,1075.0,nvapi_measured
2026-10-06T00:44:29Z,49,64.0,,238.8,2025,9251,80,1075.0,1536 (0x600),,,,,1075.0,nvapi_measured
2026-10-06T00:44:30Z,49,64.0,,237.0,2025,9251,87,1075.0,1536 (0x600),,,,,1075.0,nvapi_measured
2026-10-06T00:44:31Z,49,64.0,,242.6,2025,9251,85,1075.0,1536 (0x600),,,,,1075.0,nvapi_measured
2026-10-06T00:44:32Z,50,65.0,,242.0,2025,9251,87,1075.0,1536 (0x600),,,,,1075.0,nvapi_measured
2026-10-06T00:44:33Z,49,64.0,,244.3,2025,9251,87,1075.0,1536 (0x600),,,,,1075.0,nvapi_measured
2026-10-06T00:44:34Z,49,64.0,,248.0,2025,9251,85,1075.0,1536 (0x600),,,,,1075.0,nvapi_measured
2026-10-06T00:44:36Z,49,64.0,,245.1,2025,9251,85,1075.0,1536 (0x600),,,,,1075.0,nvapi_measured
2026-10-06T00:44:37Z,49,64.0,,243.3,2025,9251,82,1075.0,1536 (0x600),,,,,1075.0,nvapi_measured
2026-10-06T00:44:38Z,49,64.0,,235.7,2025,9251,83,1075.0,1536 (0x600),,,,,1075.0,nvapi_measured
2026-10-06T00:44:39Z,49,64.0,,241.7,2025,9251,80,1075.0,1536 (0x600),,,,,1075.0,nvapi_measured
2026-10-06T00:44:40Z,49,64.0,,239.1,2025,9251,87,1075.0,1536 (0x600),,,,,1075.0,nvapi_measured
2026-10-06T00:44:41Z,49,64.0,,244.1,2025,9251,87,1075.0,1536 (0x600),,,,,1075.0,nvapi_measured
2026-10-06T00:44:42Z,49,64.0,,242.7,2025,9251,85,1075.0,1536 (0x600),,,,,1075.0,nvapi_measured
2026-10-06T00:44:43Z,49,64.0,,244.0,2025,9251,88,1075.0,1536 (0x600),,,,,1075.0,nvapi_measured
2026-10-06T00:44:44Z,49,64.0,,240.3,2025,9251,86,1075.0,1536 (0x600),,,,,1075.0,nvapi_measured
2026-10-06T00:44:45Z,49,64.0,,246.2,2025,9251,85,1075.0,1536 (0x600),,,,,1075.0,nvapi_measured
2026-10-06T00:44:46Z,49,64.0,,245.3,2025,9251,83,1075.0,1536 (0x600),,,,,1075.0,nvapi_measured
2026-10-06T00:44:47Z,49,64.0,,236.4,2025,9251,80,1075.0,1536 (0x600),,,,,1075.0,nvapi_measured
2026-10-06T00:44:49Z,49,64.0,,236.6,2025,9251,83,1075.0,1536 (0x600),,,,,1075.0,nvapi_measured
2026-10-06T00:44:50Z,49,64.0,,243.0,2025,9251,83,1075.0,1536 (0x600),,,,,1075.0,nvapi_measured
2026-10-06T00:44:51Z,49,64.0,,241.2,2025,9251,87,1075.0,1536 (0x600),,,,,1075.0,nvapi_measured
2026-10-06T00:44:52Z,49,64.0,,237.6,2025,9251,80,1075.0,1536 (0x600),,,,,1075.0,nvapi_measured
2026-10-06T00:44:53Z,49,64.0,,239.5,2025,9251,85,1075.0,1536 (0x600),,,,,1075.0,nvapi_measured
2026-10-06T00:44:54Z,49,64.0,,243.8,2025,9251,85,1075.0,1536 (0x600),,,,,1075.0,nvapi_measured
2026-10-06T00:44:55Z,49,64.0,,244.6,2025,9251,89,1075.0,1536 (0x600),,,,,1075.0,nvapi_measured
2026-10-06T00:44:56Z,49,64.0,,247.2,2025,9251,85,1075.0,1536 (0x600),,,,,1075.0,nvapi_measured
2026-10-06T00:44:57Z,43,58.0,,201.5,2040,9501,0,1075.0,1572 (PwrCap+SwTherm),,,,,1075.0,nvapi_measured
2026-10-06T00:44:58Z,48,63.0,,155.7,2040,9251,99,1075.0,1536 (0x600),,,,,1075.0,nvapi_measured
2026-10-06T00:44:59Z,50,65.0,,253.8,2025,9251,99,1075.0,1536 (0x600),,,,,1075.0,nvapi_measured
2026-10-06T00:45:01Z,50,65.0,,253.8,2025,9251,99,1075.0,1536 (0x600),,,,,1075.0,nvapi_measured
2026-10-06T00:45:02Z,51,66.0,,254.7,2025,9251,99,1075.0,1536 (0x600),,,,,1075.0,nvapi_measured
2026-10-06T00:45:03Z,50,65.0,,254.2,2025,9251,99,1075.0,1536 (0x600),,,,,1075.0,nvapi_measured
2026-10-06T00:45:04Z,50,65.0,,254.3,2025,9251,99,1075.0,1536 (0x600),,,,,1075.0,nvapi_measured
2026-10-06T00:45:05Z,50,65.0,,253.4,2025,9251,98,1075.0,1536 (0x600),,,,,1075.0,nvapi_measured
2026-10-06T00:45:06Z,50,65.0,,253.1,2025,9251,97,1075.0,1536 (0x600),,,,,1075.0,nvapi_measured
2026-10-06T00:45:07Z,50,65.0,,253.2,2025,9251,97,1075.0,1536 (0x600),,,,,1075.0,nvapi_measured
2026-10-06T00:45:08Z,50,65.0,,253.2,2025,9251,99,1075.0,1536 (0x600),,,,,1075.0,nvapi_measured
2026-10-06T00:45:09Z,50,65.0,,254.7,2025,9251,99,1075.0,1536 (0x600),,,,,1075.0,nvapi_measured
2026-10-06T00:45:10Z,50,65.0,,254.5,2025,9251,99,1075.0,1536 (0x600),,,,,1075.0,nvapi_measured
2026-10-06T00:45:11Z,50,65.0,,254.5,2025,9251,99,1075.0,1536 (0x600),,,,,1075.0,nvapi_measured
2026-10-06T00:45:12Z,50,65.0,,254.4,2025,9251,98,1075.0,1536 (0x600),,,,,1075.0,nvapi_measured
2026-10-06T00:45:13Z,50,65.0,,254.4,2025,9251,98,1075.0,1536 (0x600),,,,,1075.0,nvapi_measured
2026-10-06T00:45:15Z,50,65.0,,254.4,2025,9251,99,1075.0,1536 (0x600),,,,,1075.0,nvapi_measured
2026-10-06T00:45:16Z,50,65.0,,254.1,2025,9251,98,1075.0,1536 (0x600),,,,,1075.0,nvapi_measured
2026-10-06T00:45:17Z,50,65.0,,254.0,2025,9251,99,1075.0,1536 (0x600),,,,,1075.0,nvapi_measured
2026-10-06T00:45:18Z,50,65.0,,254.2,2025,9251,99,1075.0,1536 (0x600),,,,,1075.0,nvapi_measured
2026-10-06T00:45:19Z,50,65.0,,254.3,2025,9251,99,1075.0,1536 (0x600),,,,,1075.0,nvapi_measured
2026-10-06T00:45:20Z,50,65.0,,254.5,2025,9251,99,1075.0,1536 (0x600),,,,,1075.0,nvapi_measured
2026-10-06T00:45:21Z,50,65.0,,254.8,2025,9251,99,1075.0,1536 (0x600),,,,,1075.0,nvapi_measured
2026-10-06T00:45:22Z,50,65.0,,254.4,2025,9251,99,1075.0,1536 (0x600),,,,,1075.0,nvapi_measured
2026-10-06T00:45:23Z,50,65.0,,254.2,2025,9251,99,1075.0,1536 (0x600),,,,,1075.0,nvapi_measured
2026-10-06T00:45:24Z,50,65.0,,253.8,2025,9251,99,1075.0,1536 (0x600),,,,,1075.0,nvapi_measured
2026-10-06T00:45:25Z,50,65.0,,253.1,2025,9251,98,1075.0,1536 (0x600),,,,,1075.0,nvapi_measured
2026-10-06T00:45:26Z,50,65.0,,254.4,2025,9251,99,1075.0,1536 (0x600),,,,,1075.0,nvapi_measured
2026-10-06T00:45:28Z,50,65.0,,254.2,2025,9251,99,1075.0,1536 (0x600),,,,,1075.0,nvapi_measured
2026-10-06T00:45:29Z,50,65.0,,254.9,2025,9251,99,1075.0,1536 (0x600),,,,,1075.0,nvapi_measured
2026-10-06T00:45:30Z,50,65.0,,254.0,2025,9251,99,1075.0,1536 (0x600),,,,,1075.0,nvapi_measured
2026-10-06T00:45:31Z,50,65.0,,254.3,2025,9251,99,1075.0,1536 (0x600),,,,,1075.0,nvapi_measured
2026-10-06T00:45:32Z,50,65.0,,254.8,2025,9251,99,1075.0,1536 (0x600),,,,,1075.0,nvapi_measured
2026-10-06T00:45:33Z,50,65.0,,254.3,2025,9251,99,1075.0,1536 (0x600),,,,,1075.0,nvapi_measured
2026-10-06T00:45:34Z,50,65.0,,254.0,2025,9251,99,1075.0,1536 (0x600),,,,,1075.0,nvapi_measured
2026-10-06T00:45:35Z,50,65.0,,254.2,2025,9251,98,1075.0,1536 (0x600),,,,,1075.0,nvapi_measured
2026-10-06T00:45:36Z,50,65.0,,254.5,2025,9251,99,1075.0,1536 (0x600),,,,,1075.0,nvapi_measured
2026-10-06T00:45:37Z,50,65.0,,254.7,2025,9251,99,1075.0,1536 (0x600),,,,,1075.0,nvapi_measured
2026-10-06T00:45:38Z,50,65.0,,254.4,2025,9251,99,1075.0,1536 (0x600),,,,,1075.0,nvapi_measured
2026-10-06T00:45:39Z,50,65.0,,254.8,2025,9251,99,1075.0,1536 (0x600),,,,,1075.0,nvapi_measured
2026-10-06T00:45:41Z,50,65.0,,254.2,2025,9251,98,1075.0,1536 (0x600),,,,,1075.0,nvapi_measured
2026-10-06T00:45:42Z,50,65.0,,253.8,2025,9251,98,1075.0,1536 (0x600),,,,,1075.0,nvapi_measured
2026-10-06T00:45:43Z,50,65.0,,253.1,2025,9251,99,1075.0,1536 (0x600),,,,,1075.0,nvapi_measured
2026-10-06T00:45:44Z,50,65.0,,253.2,2025,9251,98,1075.0,1536 (0x600),,,,,1075.0,nvapi_measured
2026-10-06T00:45:45Z,50,65.0,,253.5,2025,9251,99,1075.0,1536 (0x600),,,,,1075.0,nvapi_measured
2026-10-06T00:45:46Z,50,65.0,,254.6,2025,9251,99,1075.0,1536 (0x600),,,,,1075.0,nvapi_measured
2026-10-06T00:45:47Z,50,65.0,,254.5,2025,9251,99,1075.0,1536 (0x600),,,,,1075.0,nvapi_measured
2026-10-06T00:45:48Z,50,65.0,,254.4,2025,9251,99,1075.0,1536 (0x600),,,,,1075.0,nvapi_measured
2026-10-06T00:45:49Z,50,65.0,,254.6,2025,9251,99,1075.0,1536 (0x600),,,,,1075.0,nvapi_measured
2026-10-06T00:45:50Z,50,65.0,,254.3,2025,9251,99,1075.0,1536 (0x600),,,,,1075.0,nvapi_measured
2026-10-06T00:45:51Z,50,65.0,,254.5,2025,9251,98,1075.0,1536 (0x600),,,,,1075.0,nvapi_measured
2026-10-06T00:45:52Z,50,65.0,,254.5,2025,9251,99,1075.0,1536 (0x600),,,,,1075.0,nvapi_measured
2026-10-06T00:45:53Z,50,65.0,,253.9,2025,9251,99,1075.0,1536 (0x600),,,,,1075.0,nvapi_measured
2026-10-06T00:45:55Z,50,65.0,,254.8,2025,9251,99,1075.0,1536 (0x600),,,,,1075.0,nvapi_measured
2026-10-06T00:45:56Z,50,65.0,,254.4,2025,9251,99,1075.0,1536 (0x600),,,,,1075.0,nvapi_measured
2026-10-06T00:45:57Z,50,65.0,,254.2,2025,9251,99,1075.0,1536 (0x600),,,,,1075.0,nvapi_measured
2026-10-06T00:45:58Z,50,65.0,,254.1,2025,9251,99,1075.0,1536 (0x600),,,,,1075.0,nvapi_measured
2026-10-06T00:45:59Z,50,65.0,,254.1,2025,9251,99,1075.0,1536 (0x600),,,,,1075.0,nvapi_measured
2026-10-06T00:46:00Z,50,65.0,,253.6,2025,9251,97,1075.0,1536 (0x600),,,,,1075.0,nvapi_measured
2026-10-06T00:46:01Z,50,65.0,,253.1,2025,9251,98,1075.0,1536 (0x600),,,,,1075.0,nvapi_measured
2026-10-06T00:46:02Z,50,65.0,,252.7,2025,9251,98,1075.0,1536 (0x600),,,,,1075.0,nvapi_measured
2026-10-06T00:46:03Z,50,65.0,,253.6,2025,9251,99,1075.0,1536 (0x600),,,,,1075.0,nvapi_measured
2026-10-06T00:46:04Z,50,65.0,,254.1,2025,9251,99,1075.0,1536 (0x600),,,,,1075.0,nvapi_measured
2026-10-06T00:46:05Z,50,65.0,,254.6,2025,9251,99,1075.0,1536 (0x600),,,,,1075.0,nvapi_measured
2026-10-06T00:46:07Z,50,65.0,,254.6,2025,9251,99,1075.0,1536 (0x600),,,,,1075.0,nvapi_measured
2026-10-06T00:46:08Z,50,65.0,,254.3,2025,9251,99,1075.0,1536 (0x600),,,,,1075.0,nvapi_measured
2026-10-06T00:46:09Z,50,65.0,,255.1,2025,9251,99,1075.0,1536 (0x600),,,,,1075.0,nvapi_measured
2026-10-06T00:46:10Z,50,65.0,,254.8,2025,9251,99,1075.0,1536 (0x600),,,,,1075.0,nvapi_measured
2026-10-06T00:46:11Z,50,65.0,,254.6,2025,9251,99,1075.0,1536 (0x600),,,,,1075.0,nvapi_measured
2026-10-06T00:46:12Z,50,65.0,,254.3,2025,9251,99,1075.0,1536 (0x600),,,,,1075.0,nvapi_measured
2026-10-06T00:46:13Z,50,65.0,,254.4,2025,9251,99,1075.0,1536 (0x600),,,,,1075.0,nvapi_measured
2026-10-06T00:46:14Z,50,65.0,,254.1,2025,9251,99,1075.0,1536 (0x600),,,,,1075.0,nvapi_measured
2026-10-06T00:46:15Z,50,65.0,,254.4,2025,9251,99,1075.0,1536 (0x600),,,,,1075.0,nvapi_measured
2026-10-06T00:46:16Z,50,65.0,,254.7,2025,9251,99,1075.0,1536 (0x600),,,,,1075.0,nvapi_measured
2026-10-06T00:46:17Z,50,65.0,,254.4,2025,9251,99,1075.0,1536 (0x600),,,,,1075.0,nvapi_measured
2026-10-06T00:46:18Z,50,65.0,,254.4,2025,9251,99,1075.0,1536 (0x600),,,,,1075.0,nvapi_measured
2026-10-06T00:46:20Z,50,65.0,,252.9,2025,9251,98,1075.0,1536 (0x600),,,,,1075.0,nvapi_measured
2026-10-06T00:46:21Z,50,65.0,,252.9,2025,9251,97,1075.0,1536 (0x600),,,,,1075.0,nvapi_measured
2026-10-06T00:46:22Z,50,65.0,,253.9,2025,9251,99,1075.0,1536 (0x600),,,,,1075.0,nvapi_measured
2026-10-06T00:46:23Z,50,65.0,,254.2,2025,9251,99,1075.0,1536 (0x600),,,,,1075.0,nvapi_measured
2026-10-06T00:46:24Z,50,65.0,,254.4,2025,9251,99,1075.0,1536 (0x600),,,,,1075.0,nvapi_measured
2026-10-06T00:46:25Z,50,65.0,,254.7,2025,9251,99,1075.0,1536 (0x600),,,,,1075.0,nvapi_measured
2026-10-06T00:46:26Z,50,65.0,,254.5,2025,9251,99,1075.0,1536 (0x600),,,,,1075.0,nvapi_measured
2026-10-06T00:46:27Z,50,65.0,,254.7,2025,9251,99,1075.0,1536 (0x600),,,,,1075.0,nvapi_measured
2026-10-06T00:46:28Z,50,65.0,,254.4,2025,9251,98,1075.0,1536 (0x600),,,,,1075.0,nvapi_measured
2026-10-06T00:46:29Z,50,65.0,,254.0,2025,9251,99,1075.0,1536 (0x600),,,,,1075.0,nvapi_measured
2026-10-06T00:46:30Z,50,65.0,,254.7,2025,9251,99,1075.0,1536 (0x600),,,,,1075.0,nvapi_measured
2026-10-06T00:46:31Z,50,65.0,,254.8,2025,9251,99,1075.0,1536 (0x600),,,,,1075.0,nvapi_measured
2026-10-06T00:46:33Z,50,65.0,,254.6,2025,9251,99,1075.0,1536 (0x600),,,,,1075.0,nvapi_measured
2026-10-06T00:46:34Z,50,65.0,,254.2,2025,9251,99,1075.0,1536 (0x600),,,,,1075.0,nvapi_measured
2026-10-06T00:46:35Z,50,65.0,,254.3,2025,9251,99,1075.0,1536 (0x600),,,,,1075.0,nvapi_measured
2026-10-06T00:46:36Z,50,65.0,,254.4,2025,9251,99,1075.0,1536 (0x600),,,,,1075.0,nvapi_measured
2026-10-06T00:46:37Z,50,65.0,,254.4,2025,9251,99,1075.0,1536 (0x600),,,,,1075.0,nvapi_measured
2026-10-06T00:46:38Z,50,65.0,,254.5,2025,9251,99,1075.0,1536 (0x600),,,,,1075.0,nvapi_measured
2026-10-06T00:46:39Z,50,65.0,,254.1,2025,9251,99,1075.0,1536 (0x600),,,,,1075.0,nvapi_measured
2026-10-06T00:46:40Z,50,65.0,,254.0,2025,9251,99,1075.0,1536 (0x600),,,,,1075.0,nvapi_measured
2026-10-06T00:46:41Z,50,65.0,,253.7,2025,9251,98,1075.0,1536 (0x600),,,,,1075.0,nvapi_measured
2026-10-06T00:46:42Z,50,65.0,,254.5,2025,9251,99,1075.0,1536 (0x600),,,,,1075.0,nvapi_measured
2026-10-06T00:46:43Z,50,65.0,,254.4,2025,9251,99,1075.0,1536 (0x600),,,,,1075.0,nvapi_measured
2026-10-06T00:46:44Z,50,65.0,,254.8,2025,9251,99,1075.0,1536 (0x600),,,,,1075.0,nvapi_measured
2026-10-06T00:46:46Z,50,65.0,,254.6,2025,9251,99,1075.0,1536 (0x600),,,,,1075.0,nvapi_measured
2026-10-06T00:46:47Z,50,65.0,,254.3,2025,9251,98,1075.0,1536 (0x600),,,,,1075.0,nvapi_measured
2026-10-06T00:46:48Z,50,65.0,,254.5,2025,9251,99,1075.0,1536 (0x600),,,,,1075.0,nvapi_measured
2026-10-06T00:46:49Z,50,65.0,,254.7,2025,9251,99,1075.0,1536 (0x600),,,,,1075.0,nvapi_measured
2026-10-06T00:46:50Z,50,65.0,,254.0,2025,9251,98,1075.0,1536 (0x600),,,,,1075.0,nvapi_measured
2026-10-06T00:46:51Z,50,65.0,,254.7,2025,9251,99,1075.0,1536 (0x600),,,,,1075.0,nvapi_measured
2026-10-06T00:46:52Z,50,65.0,,254.6,2025,9251,99,1075.0,1536 (0x600),,,,,1075.0,nvapi_measured
2026-10-06T00:46:53Z,50,65.0,,254.5,2025,9251,99,1075.0,1536 (0x600),,,,,1075.0,nvapi_measured
2026-10-06T00:46:54Z,50,65.0,,254.6,2025,9251,99,1075.0,1536 (0x600),,,,,1075.0,nvapi_measured
2026-10-06T00:46:55Z,50,65.0,,254.5,2025,9251,99,1075.0,1536 (0x600),,,,,1075.0,nvapi_measured
2026-10-06T00:46:56Z,50,65.0,,253.1,2025,9251,99,1075.0,1536 (0x600),,,,,1075.0,nvapi_measured
2026-10-06T00:46:57Z,50,65.0,,253.5,2025,9251,97,1075.0,1536 (0x600),,,,,1075.0,nvapi_measured
